timestamp,latency_ms,throughput_mbps,packet_loss_pct,jitter_ms,cpu_pct,mem_pct,io_ms,is_event,event_type,z_latency_ms,z_throughput_mbps,z_packet_loss_pct,z_jitter_ms,z_cpu_pct,z_mem_pct,z_io_ms,num_flagged_metrics,score_sum,is_anom
2026-01-01 00:00:00,33.38245497377008,170.10087590261537,0.4696852223972477,3.645788951693965,38.36150942486356,41.7938135617402,5.955662448425945,0,none,,,,,,,,0,0.0,0
2026-01-01 00:01:00,31.89280106227116,173.22936326720614,0.4620484861797992,4.122279766803485,37.49163523266963,39.41996067750004,5.665240476779497,0,none,,,,,,,,0,0.0,0
2026-01-01 00:02:00,37.470624067745234,165.88340754232763,0.4938790759013454,4.146380606396842,38.374260425808735,43.148056906983925,4.8865847440783705,0,none,,,,,,,,0,0.0,0
2026-01-01 00:03:00,32.15943568543565,167.97023736882232,0.4769455893722246,4.6496361516138975,34.59611420062796,40.79578998931032,7.3120942115761025,0,none,,,,,,,,0,0.0,0
2026-01-01 00:04:00,32.93737476362241,164.05967962312872,0.4609608679467499,4.112128264680993,36.99496783936005,40.92375251938142,5.184408499747065,0,none,,,,,,,,0,0.0,0
2026-01-01 00:05:00,35.93764829705514,171.70191316130067,0.4532998066777512,3.40541969153986,34.67508050694268,43.78964939934296,6.562979782203454,0,none,,,,,,,,0,0.0,0
2026-01-01 00:06:00,31.008747044135927,167.67045268769652,0.4225686128299596,3.799206529126352,34.32381256976828,42.68173178959561,4.531618594779127,0,none,,,,,,,,0,0.0,0
2026-01-01 00:07:00,31.698458099262208,176.18466647035606,0.360662608805196,4.586455047408221,33.84328811155573,39.434146680569874,5.995541607307048,0,none,,,,,,,,0,0.0,0
2026-01-01 00:08:00,33.31145016045534,174.93130651723476,0.5198325284509788,4.131691749227923,36.27328287629066,45.11037580256964,4.976177312198918,0,none,,,,,,,,0,0.0,0
2026-01-01 00:09:00,32.33100778142964,162.05153874732198,0.4166617522628204,3.956491580358153,36.567957579861634,41.59306238443251,5.375394527868494,0,none,,,,,,,,0,0.0,0
2026-01-01 00:10:00,30.659713117223088,169.49894381930417,0.5294791959779533,4.198821730259705,36.13218984775367,43.43090865057035,6.996077107718048,0,none,,,,,,,,0,0.0,0
2026-01-01 00:11:00,32.68997358534162,169.50884054348944,0.482390205627869,4.040323235070367,40.24749723021806,44.64878641726154,6.506147506513846,0,none,,,,,,,,0,0.0,0
2026-01-01 00:12:00,32.43654155903431,169.11379076006094,0.467873451565803,4.139848370213044,40.29902262974758,44.39525759404989,6.28334268725737,0,none,,,,,,,,0,0.0,0
2026-01-01 00:13:00,34.41560304976121,170.02936560019083,0.3907768178742656,4.370743059399583,35.321667414225644,41.1253185469748,6.575249508247064,0,none,,,,,,,,0,0.0,0
2026-01-01 00:14:00,29.93352968524232,166.95952428794533,0.3237607265187126,3.4368512495187016,37.39881432044331,42.8164968049913,7.703287203827449,0,none,-1.472615933157207,-0.6037871783274743,-2.200644505814299,-1.6935075312592631,0.3329356583646627,0.2648939391836336,1.788549476100944,0,8.356934222207483,0
2026-01-01 00:15:00,31.917181039996887,172.72466853069383,0.6028751905773599,4.727492518508709,40.81285361756952,45.87550421641282,7.030001244907721,0,none,-0.44305617325136326,0.8592088040586346,2.1556437643231763,1.6364987623078147,1.7400315298943592,1.7011980089108076,0.9982192992295809,0,9.533856341975737,0
2026-01-01 00:16:00,35.674737940775906,171.09184525183278,0.3666219405333101,4.506733294598431,39.55760345073233,42.72313391374945,5.973562617328257,0,none,1.3878859516061581,0.4130311068006317,-1.2582022675841968,1.003000554077142,1.0912646359746476,0.0806765861760674,-0.12740829202473833,0,5.361469394243582,0
2026-01-01 00:17:00,37.14101814190512,169.7489430437433,0.4422690002270695,3.5794357143420887,37.60480505427096,38.95628610405444,5.628250132993395,0,none,1.8416429664359732,0.04699546250440633,-0.15156566284378542,-1.272831631766862,0.20623201049499668,-1.6909455352870086,-0.49125527241173195,0,5.701468541744764,0
2026-01-01 00:18:00,30.458379581221337,164.7810963693346,0.4480028201299907,4.196737070769053,39.805655254632605,43.036599078441526,6.08360891258569,0,none,-1.172932314571698,-1.2486454539779652,-0.06384105463023436,0.26938858685192874,1.1481908277101913,0.3208449196193701,0.022213165088210043,0,4.246056322449598,0
2026-01-01 00:19:00,34.824797615688105,173.17225028632046,0.4339389955377193,4.419196589691292,38.62569349511772,43.709736288746775,7.458366313632243,0,none,0.789520427529835,1.0011532612173015,-0.27373741115512373,0.8076486721524091,0.5874277404763006,0.6396314381443367,1.4811563956079157,0,5.580275346283223,0
2026-01-01 00:20:00,31.628231013908483,160.33525496158282,0.4197235517545752,3.4365160930015675,38.76898825446485,43.16932131091793,6.536627122324922,0,none,-0.6622872127850647,-2.1434896140798037,-0.4844050338849588,-1.5901422067039577,0.6325014732286142,0.3513186376602553,0.4376381902453007,0,6.301782368587955,0
2026-01-01 00:21:00,31.93006392386035,172.25315210878753,0.3939076124423399,4.754229475065427,41.51770915277315,43.211513423272514,5.731356160969777,0,none,-0.506353188912864,0.7490114801531833,-0.8648860920200563,1.5454662698876709,1.7418263695245724,0.36420201563091364,-0.4686986610739381,0,6.240444077203199,0
2026-01-01 00:22:00,31.954313539991496,170.10425711777705,0.50730664007015,4.0457862545786805,40.85970981578795,41.86534773570515,6.426316769479588,0,none,-0.48174431876872936,0.21229601296623224,0.9353139997253852,-0.1440097012424115,1.3543786908100788,-0.35281728295669473,0.3319447082702761,0,3.8125047147398083,0
2026-01-01 00:23:00,32.90733491182617,162.74084678383707,0.4917345951124484,4.516040068668049,35.25920311474856,42.23316584117987,6.399936840988074,0,none,-0.01912118491996139,-1.52978442918723,0.661631856806035,0.9641711275821692,-1.0430881828354854,-0.14737970202326733,0.2939806717043206,0,4.659157155058469,0
2026-01-01 00:24:00,35.79948544467239,169.04233385482385,0.4673083532610372,4.456046976780937,36.5355452517437,44.468377322230616,5.482937817461551,0,none,1.3331462015573907,0.011694143824546897,0.2540783160642541,0.7906639858822386,-0.47554444071230684,1.0608553508778664,-0.7907877941153857,0,4.716770233033989,0
2026-01-01 00:25:00,35.2856784774027,178.4302428143248,0.4841661428243203,3.531369941636389,35.85435352316502,40.74953711525485,5.666736048359134,0,none,1.038789725143096,2.0926219939086614,0.5241804059662859,-1.3996033915819404,-0.7535078366223626,-0.9825808910829877,-0.5522246187458303,0,7.343508863051164,0
2026-01-01 00:26:00,34.03332865853692,166.77273390515904,0.4236573972821776,3.3670389870985264,36.61382954794121,42.328064786270936,6.749188625572577,0,none,0.42164423932155176,-0.5817574099469497,-0.4955433981398217,-1.6631982421329672,-0.40571288745113904,-0.09677454317116506,0.7651843167053616,0,4.4298150368689555,0
2026-01-01 00:27:00,33.242595711259135,163.44304291723347,0.5012078578420611,4.419296808555569,38.75699094659703,45.15816678953992,5.490758776098599,0,none,0.031059397559797152,-1.2925590484441796,0.8202612335753514,0.7546124690666957,0.5535483266628907,1.4328238613338813,-0.7822941701016541,0,5.66715850674445,0
2026-01-01 00:28:00,34.02994447843257,167.26698466620311,0.4289158013004029,3.568524134154798,42.29500906277536,43.11481085122893,6.281643069272764,0,none,0.4183008907407902,-0.40366362595928096,-0.4285263251442085,-1.1810075336297723,1.981443646294711,0.2863354954524042,0.2081061940566771,0,4.907383711277845,0
2026-01-01 00:29:00,33.86562623008302,169.1473281586393,0.5802509781959225,4.919331296017158,42.91620539462143,42.36464935541191,6.200056533561608,0,none,0.3284045314199305,0.035467041128011745,2.037009762268439,1.8030721783735322,2.042416335660857,-0.13733955315594115,0.10205394565325139,0,6.485763347659963,0
2026-01-01 00:30:00,35.71768404167458,174.88248130113612,0.587916853598188,4.397195930521428,44.52134359591854,45.20456300697601,6.018512660416921,0,none,1.2342590716813127,1.3353318659036935,1.9809506251931104,0.6307673103919004,2.379596738987798,1.4268760781591319,-0.13206005525359055,0,9.119841745570538,0
2026-01-01 00:31:00,32.9224933688371,165.02509322707567,0.5152779898841813,4.203657464997622,44.42788813180358,44.51251598497427,6.545761344843126,0,none,-0.19673958115402743,-0.94689411868386,0.8193634852430299,0.19414657677601024,2.128003801062359,1.0018138144278947,0.554152867006774,0,5.841114244353955,0
2026-01-01 00:32:00,34.227273945029296,170.68132073051322,0.407160416543228,4.286613303140998,38.82773318878817,42.873075103868096,6.8353631955562495,0,none,0.47447399956365177,0.3746518284865099,-0.8616908842913829,0.37638216689149784,0.18012234032812996,0.07234684136541675,0.9151771033568035,0,3.2548451642833927,0
2026-01-01 00:33:00,34.091522551271254,166.74054381422047,0.403949647751831,4.569014412905484,38.47223008171734,39.873314474511474,6.220610134602963,0,none,0.3960856155860036,-0.5525413337778692,-0.8882516691871609,0.9971454696225672,0.05394791296038576,-1.566002022387954,0.08937189193960521,0,4.543345915461547,0
2026-01-01 00:34:00,34.243001337416416,171.71193639685995,0.5051151739794936,4.5185397048438585,40.36398406651176,42.26263050992333,6.286158844168489,0,none,0.4688243423103345,0.6304839261423346,0.7021535468028997,0.8587201258865687,0.7156555458617282,-0.2213461594150509,0.1760592167831665,0,3.773242863202083,0
2026-01-01 00:35:00,34.89997764450378,167.5521071777313,0.6040106337146842,4.34982195696626,43.389695694447546,43.060576622890096,5.782749291960844,0,none,0.8051060331159142,-0.37313831984960494,2.101280121326363,0.46049254627468356,1.7046957957413185,0.22967415998705407,-0.5104448167099904,0,6.184831793004928,0
2026-01-01 00:36:00,34.85075099508788,160.36323773469277,0.4453841013965519,4.482759719697629,43.12962290884811,43.23194609155537,6.55307202694977,0,none,0.7616756572577763,-1.9885824604170543,-0.29513192461710713,0.7552072343670181,1.5376485641955564,0.323771196620446,0.5553161516180436,0,6.217333189093002,0
2026-01-01 00:37:00,37.178979218531,168.88647107429622,0.5027697035420733,4.208633843929527,40.98336307453778,41.62823965459686,6.1837116172435165,0,none,1.9041536634425562,0.011859313256467307,0.5744157228073346,0.10839371018121283,0.784836979782339,-0.6027748901498285,0.03407824523013159,0,4.02051252484987,0
2026-01-01 00:38:00,34.38934386070319,170.70047520193458,0.58559883933425,4.084400018884861,39.4751285140274,42.84076508790906,6.574766862239804,0,none,0.43179495500676407,0.4368183505866646,1.7546496220730539,-0.18562986596880618,0.2616486811735336,0.11077681474959152,0.5829136261221604,0,3.764231915680574,0
2026-01-01 00:39:00,37.73993338501059,163.97374490106313,0.4089132636637316,4.167813203873182,38.80479724726181,43.12011618899296,6.781299911277825,0,none,2.0589708535114024,-1.1463631783189157,-0.877714276914003,0.01580999381554789,0.027482508757155712,0.2740091316314687,0.8613988020626896,0,5.261748745011183,0
2026-01-01 00:40:00,34.05889617850337,154.41124453178492,0.5732018918292968,3.582419236075453,42.900552275060335,43.48180066227637,6.964102619020546,0,none,0.18955284316992702,-2.982811188061328,1.528389015603867,-1.3668640412612687,1.4190882102773743,0.4853510296936953,1.0951238197147233,0,9.067180147782183,0
2026-01-01 00:41:00,33.76883148386659,160.10202490282276,0.6173226438222624,4.23500673504455,43.89789696240104,43.55392700679264,7.427983764072291,0,none,0.04014997967060149,-1.6863896129077236,2.039983973359899,0.20980714723297708,1.6831189085999032,0.5214226019282464,1.6808616831908216,0,7.861733906890172,0
2026-01-01 00:42:00,34.97942044615755,164.7207352822954,0.487304808019393,4.485117560493976,37.73510873598023,46.58494709422854,7.115955442149375,0,none,0.6582632022114033,-0.7134295856565198,0.19579192460084247,0.8064044603910394,-0.4075180188029641,2.2155614041987994,1.2055246485947473,0,6.202493244456316,0
2026-01-01 00:43:00,35.54242739480789,167.89311287135752,0.4228876370449527,4.387890355515332,37.27512357784367,42.78571999052717,5.725732133224845,0,none,0.9324564297073623,-0.04951029247081271,-0.7148690054673679,0.558931515543203,-0.5571688495392457,-0.006911784157753489,-0.7268650165113807,0,3.5467128933971264,0
2026-01-01 00:44:00,35.42433725510021,161.74223179898112,0.4034795011294148,3.737945992191632,44.23321834464547,44.77386122138033,4.821911792786807,0,none,0.8537471160360168,-1.3092354609784256,-0.9728440553730363,-1.027633440877873,1.764887761610246,1.1395460859199003,-1.8925405059070344,0,8.960434426702532,0
2026-01-01 00:45:00,37.52255579197753,169.18186469884142,0.5505434302585182,4.42127757728663,38.85023648158031,45.030458142940624,6.5908612848980885,0,none,1.858103236800947,0.24809274054890693,1.1189438069192126,0.6541382183927311,-0.05090424715455128,1.2540406195890996,0.51079655443325,0,5.695019423838698,0
2026-01-01 00:46:00,37.27078513786553,161.4509459363446,0.4760393295211961,3.7606256629725614,42.74055069037333,44.39328200410064,6.047731718599846,0,none,1.6584455098302975,-1.3477642836273438,0.04768993016269126,-0.9714758500321918,1.2414087369575946,0.8644449143606392,-0.23281627247233758,0,6.364045497443096,0
2026-01-01 00:47:00,36.0344026854944,157.08659706905925,0.6056414754098177,3.9763956459815626,44.78064797768471,44.779582497233726,5.788133453538561,0,none,1.018114467794966,-2.127626055799746,1.8394446958276163,-0.4282664794673103,1.8414397914386973,1.0666305039520785,-0.584941757330747,0,8.906463751611161,0
2026-01-01 00:48:00,34.42622361694889,165.9551997440014,0.6000335799944783,4.30470114774093,38.19710822136943,43.416028282349664,6.630790444839882,0,none,0.2125192674039745,-0.33701663559664485,1.688817205377016,0.3927547707562553,-0.32638195882945154,0.2645971982931653,0.5850350269520731,0,3.8071220632085803,0
2026-01-01 00:49:00,34.950992209341365,160.25739516325257,0.5665315792676352,4.537217457189034,37.117622783018525,45.42849243098309,7.375405316469594,0,none,0.47151052013714395,-1.4482828199357145,1.1947112843998278,0.963601643986358,-0.675810039242606,1.4111230342175591,1.5748299777451662,0,7.7398693196643755,0
2026-01-01 00:50:00,38.03229121006985,170.0610432375435,0.5305076082846611,5.053534268668626,43.58087593283113,46.67985361022111,7.120007568522029,0,none,1.9399909087886054,0.5151126215268623,0.6881921309107765,2.144205800731169,1.4421088720967905,2.0316774081502924,1.1916545604949222,0,9.95294230269942,0
2026-01-01 00:51:00,35.701226183470766,168.82667267701552,0.5232951198772442,5.347042705038243,44.25247810385907,46.13302805024945,6.295756485461224,0,none,0.7770084203019605,0.2625600825062968,0.5807377160129509,2.6303755890340668,1.6055642038998466,1.6583361169654312,0.05472633730125331,0,7.5693084660218055,0
2026-01-01 00:52:00,32.69034191253883,161.24857192212457,0.5496840979744506,4.718187768555294,37.27933566210282,42.11671739024811,6.477793989759615,0,none,-0.7049695530834301,-1.253853415129622,0.9318439569513098,1.1642563135817887,-0.6553251190607798,-0.5661601361982505,0.3050495925418705,0,5.581458086547052,0
2026-01-01 00:53:00,33.98587442243381,160.01636299638545,0.6621256302938856,4.457473732710879,40.51981707083742,41.40845858644745,6.216912050844607,0,none,-0.05930434699309714,-1.45953027748916,2.3440634393024085,0.5628721663993569,0.40096875783158975,-0.9452775480366185,-0.06084581651717494,0,5.832862352569407,0
2026-01-01 00:54:00,34.263040581736,164.0851848151378,0.4324142515836541,5.0222614383077175,38.00925320141948,45.9807374187495,6.487875739074783,0,none,0.07930602774281456,-0.634399752275142,-0.7076936005465513,1.786072329313468,-0.42277801786043184,1.5624380401547384,0.32019401674223885,0,5.512881784635384,0
2026-01-01 00:55:00,37.77548319482852,168.5369801376448,0.6045482703339422,4.509819835797398,43.63817552376374,45.13692035462752,7.01112892844298,0,none,1.789574865290086,0.26191193352160097,1.5475083614562408,0.6273862490796078,1.4092096153720872,1.0754043290196926,1.0482183989481917,0,7.759213752687508,0
2026-01-01 00:56:00,35.30969572534755,163.40112563019716,0.4831662811786704,4.347294879843728,42.683316564001714,42.01853384059274,7.358275123971964,0,none,0.5584430172656196,-0.7728834364139046,-0.05543379107919481,0.2579740059135161,1.0738697261193293,-0.6348072660236918,1.4991441449244953,0,4.852555387739752,0
2026-01-01 00:57:00,40.09712971030296,161.97537847479282,0.5669918642213316,4.984956454801373,47.63398595274719,42.54431868514028,6.556548603586168,0,none,2.7249667075673227,-1.044854643795878,1.042575830996573,1.6536065232461983,2.5219181813817486,-0.3402964188907468,0.3638554697033249,0,9.692073775581791,0
2026-01-01 00:58:00,36.942988991201375,167.86513432142084,0.4023152842252416,4.757359565446556,39.57350069867437,45.85179184257439,6.905080066172284,0,none,1.217339270729087,0.15619295221885343,-1.1278918997956004,1.1214967099419293,0.00457430707037733,1.4651318108144251,0.8470656022239644,0,5.939692552794237,0
2026-01-01 00:59:00,35.932138003229475,165.6897243111115,0.6219938476443928,4.162379705212457,45.518774695059776,44.40266214261487,6.956666582878501,0,none,0.7352160891822417,-0.28909380808139773,1.7288096140075992,-0.20658795586537046,1.8088006355400286,0.6566724940759249,0.9065572894785741,0,6.331737886231136,0
2026-01-01 01:00:00,34.86383022572453,158.90277328866216,0.4499007211437151,4.289291226106,39.58493273252197,43.05236661354103,7.124933517871464,0,none,0.22260133502175894,-1.6259797786396846,-0.5112091548657802,0.05615547388883939,-0.02898081895345568,-0.10507150775507944,1.109671761173121,0,3.659669830297719,0
2026-01-01 01:01:00,37.73224880008304,158.8542936776718,0.49533118602831,4.371105046286839,42.40219493351794,44.06801069805128,6.832432257775372,0,none,1.5125670189773892,-1.575481239964647,0.07334548995852076,0.2341832724952076,0.8149821629829659,0.4352053886369947,0.6706757454526684,0,5.316440318468394,0
2026-01-01 01:02:00,35.35905741645007,151.07159914683643,0.402952157699962,4.714330476734742,41.868813675618846,43.2201566702786,7.969683372664443,0,none,0.42923767441072475,-2.869547286512773,-1.0996995879552067,0.9912963738352473,0.6312789297542297,-0.05754992581624118,2.2048001380361044,0,8.283409916320528,0
2026-01-01 01:03:00,34.24475871647919,160.62099808379145,0.5040235684880329,4.691506851082816,39.90887165780008,42.42570911742354,6.218957520462501,0,none,-0.11586037762699354,-1.0507213780473446,0.19842163354967662,0.9364646098056211,0.00048507993782116965,-0.543177644366463,-0.2509936055258539,0,3.0961243288597737,0
2026-01-01 01:04:00,37.08173238317426,159.81052373721292,0.459248712799957,4.05802523253552,47.79508923665209,44.69000759519744,6.696807235656629,0,none,1.1983826646183815,-1.1753788727010774,-0.3787306236024987,-0.4994587474406216,2.3289139630882256,0.7653085979818468,0.4087086832181506,0,6.754882152650802,0
2026-01-01 01:05:00,36.02337930879973,163.93275963601377,0.5207346111032201,5.025264232911522,43.06565251716165,45.32627133102433,7.238323689890278,0,none,0.695201456934769,-0.3982182372704278,0.3999647036503497,1.6514805796539755,0.8723505356658939,1.1184482774014086,1.1752577492609377,0,6.3109215398377625,0
2026-01-01 01:06:00,38.42831326044812,158.0281208426148,0.6485677061375021,4.981506776322649,40.35003914177932,45.77792348398057,6.738869126697312,0,none,1.7721794615235884,-1.434910838662474,1.9469705861495064,1.4941161839116255,0.007096200662327936,1.3362801644158682,0.4234761474192985,0,8.415029582744689,0
2026-01-01 01:07:00,35.955266714178435,159.18187691054615,0.544086858798039,4.623122101758539,37.890555262134406,46.55069347901679,7.024105151597022,0,none,0.5773592573812244,-1.195608736454026,0.6096170465077957,0.6766213808516242,-0.8181850457436567,1.7581280754058402,0.8400431054279115,0,6.475562647772078,0
2026-01-01 01:08:00,30.43527037578909,159.2088865101193,0.382852937837869,4.104414113554371,37.11073267938605,45.37637991354052,6.959258645296952,0,none,-1.9859530976047088,-1.1587145903727456,-1.4057635799125048,-0.5013439817572328,-1.0836076760914974,1.051818637275707,0.7196351431251482,0,7.906836706139545,0
2026-01-01 01:09:00,37.7855024955546,158.41318973838165,0.3106860536609386,4.5720594663582,40.69448256058667,43.113146714304754,6.655698476247358,0,none,1.3826409976126306,-1.2825234924076307,-2.2133387512736955,0.539897153918007,0.07218191195265038,-0.31422720901211143,0.196470673507504,0,6.0012801896842305,0
2026-01-01 01:10:00,32.50334072590889,159.3905475300867,0.5121826283258857,4.682150342208443,41.45386041439008,43.94769518045079,7.5111053837707695,0,none,-1.0977841897243883,-1.0647969615350095,0.24326738252621494,0.769272572714609,0.30085612187590527,0.18322064078200237,1.5903747455219543,0,5.249572614680084,0
2026-01-01 01:11:00,60.45317531668282,122.71978976800207,1.2549132798835716,7.215325196555954,44.69671467366809,44.5378071495068,6.2754527617915015,1,congestion,6.430856808383004,-5.429494110036951,5.851337826162852,4.912176478533624,1.3534392306315537,0.5400643151498797,-0.441371812394753,4,24.95874058129262,1
2026-01-01 01:12:00,62.918095869256845,128.04619701721856,1.516909856929216,7.027697327592964,47.15227108291275,43.48629833865315,6.69964911442933,1,congestion,5.139185807582218,-3.975900999974153,5.437586565124426,3.880189030002494,2.0557165410785267,-0.08460637258878068,0.24623162799380485,4,20.819416944344404,1
2026-01-01 01:13:00,60.32093344602633,117.95275081387037,1.521480669159733,7.852876662848399,52.64313494930304,44.64637166997026,6.447442411059887,1,congestion,3.917470992931921,-4.195477915240148,4.396374008908033,4.1990994508226684,3.4212824515676403,0.5902154333231963,-0.16611581506676723,5,20.886036067860374,1
2026-01-01 01:14:00,60.74514769600921,117.2169309764364,1.668622454910958,8.152880966319385,53.47051976218692,46.02158151690669,7.413134408317962,1,congestion,3.498601740682506,-3.67266269398336,4.178191638237779,3.9042543415229973,3.2714301348199775,1.3819488828958433,1.453768580768193,5,21.360858012910658,1
2026-01-01 01:15:00,62.1798832525166,113.583553045764,1.8471261440150544,8.187693430209443,52.26519947841783,44.6298445927474,7.795804412745935,1,congestion,3.2914355829209585,-3.4827526094775694,4.046191383320685,3.4573761327610186,2.7071339707965625,0.558704494305703,2.0100857130678325,4,19.55367988665033,1
2026-01-01 01:16:00,68.61874383316896,103.14666985125623,1.8959962463138949,8.855560337297579,53.821635757864414,45.22164359364096,5.2906808601938335,1,congestion,3.589979549736631,-3.668468556110791,3.636448904660851,3.5676414571004904,2.827519368579463,0.8924122245858429,-1.9788696284200005,4,20.161339689194072,1
2026-01-01 01:17:00,68.368524044882,94.91083685903124,1.8943974993966348,9.359980144292006,57.80967165567464,45.3514874617618,7.097049337722102,1,congestion,3.180608128703132,-3.634021184922602,3.232868237934529,3.5075050788309907,3.3369380840854608,0.9742000782545139,0.8431038021673177,5,18.709244594898546,1
2026-01-01 01:18:00,69.4752878823032,95.6569371213558,1.9393744038021032,9.086161438824282,56.23152465367491,44.13044761402839,6.981592565937747,1,congestion,2.987965411787887,-3.2024022566370727,3.0210470014214508,2.981427125798741,2.7509329688025006,0.16183450436632105,0.6358659837808449,2,15.741475252594817,1
2026-01-01 01:19:00,72.08433625566167,96.14971673429258,2.20432384242847,9.661150009486253,53.54684865447865,44.56321981194029,6.608303003764702,1,congestion,2.9401688643687858,-2.893711224275511,3.243949297410179,3.051929345558455,2.0957255174556733,0.43630017958562733,0.06230482654541829,2,14.72408925519965,1
2026-01-01 01:20:00,78.64729252426613,94.45696377384463,2.1930372247856846,10.005961719262595,59.31634391958196,43.76503710184648,7.031255936228089,1,congestion,3.1642513879136547,-2.7292687930139015,2.9231841200530213,2.9763255466318705,2.9103133414655953,-0.09428165145125471,0.7339118823131393,1,15.531536722842437,0
2026-01-01 01:21:00,77.06310789953125,84.14356558060516,2.3172585712271703,10.02635621312024,60.931437713564975,43.88241878195668,6.667723582542019,1,congestion,2.778115373611233,-2.905846863344066,2.8847763402805264,2.739954421628332,2.9042608487927684,-0.024489065763912375,0.12162110646194747,0,14.359064019882785,0
2026-01-01 01:22:00,79.75964687208258,90.6907683020376,2.3694565313311293,10.33492281252038,57.76690620110648,43.57630917937424,6.962998046705972,1,congestion,2.740915214365258,-2.449809095530134,2.73366436030758,2.6816029946869637,2.2375710409875023,-0.2487635960391594,0.5917722765263517,0,13.68409857844295,0
2026-01-01 01:23:00,81.72084853787905,82.37381213386683,2.547196096944348,10.603260501269082,54.03829031279387,45.93504464910937,7.1944311446439295,1,congestion,2.656497278747896,-2.571022874593607,2.7808460708950213,2.6065395336168486,1.5898049465690853,1.2843543902521253,0.9438409138435959,0,14.432906008518179,0
2026-01-01 01:24:00,84.10263169074096,84.65002872454713,2.547209398078193,11.362613541573952,60.89994242173154,45.55130646473629,7.550710988831909,1,congestion,2.6025908392001216,-2.325983561105553,2.572065021673549,2.737425903207614,2.484249908800496,1.0081878351330167,1.4852473654343024,0,15.215750434554652,0
2026-01-01 01:25:00,86.08716308535708,72.5123915515284,2.608088617291317,12.661380022389803,54.842751746572965,46.37929959201419,7.389673936708903,1,congestion,2.5298257976228236,-2.5640377819656366,2.475530432731145,3.0251638068549362,1.5222827286103844,1.526962259280686,1.1851157619494874,1,14.8289185690151,0
2026-01-01 01:26:00,84.44211184388507,59.40289342225999,2.8118115732474958,12.312621766920229,64.24630891254316,44.14455908148346,7.724479394175,1,congestion,2.2779355503989662,-2.7592413696044935,2.5628000559456763,2.656243639192926,2.697216114648478,-0.005069593501981683,1.674701310587551,0,14.633207633880074,0
2026-01-01 01:27:00,87.33116644223624,72.93644840063209,2.8144358315911857,13.102564399024317,62.98246568000637,47.967773713139024,6.782204048809877,1,congestion,2.2920417971711866,-2.1895565872871128,2.393501148922557,2.7323888791985924,2.3579007096185016,2.4544876678114234,0.1097796676766812,0,14.529656457686057,0
2026-01-01 01:28:00,88.13843055310532,69.06417051741846,2.979241793957453,12.852058709962511,66.1767307444334,47.43160276155293,6.529838892475648,1,congestion,2.198086389915685,-2.173226000585226,2.4285594730336872,2.457355145722559,2.576700616859524,1.9951749785078858,-0.32340998825376416,0,14.152512592878331,0
2026-01-01 01:29:00,90.13594468728031,74.5532184972984,3.0760667879690056,12.742306273530255,60.30298789021549,44.05745594682659,6.963367642573071,1,congestion,2.1705442852749224,-1.9121108182646605,2.377464244928093,2.266259584513257,1.7496475508843714,-0.15433706052229745,0.3900496276634704,0,11.020413172051073,0
2026-01-01 01:30:00,95.73951648080526,60.31788201001488,3.0427629121596085,13.604730644132667,66.42563772297407,43.449260212693225,6.512389733220517,1,congestion,2.302726696914271,-2.1874638903539814,2.198494005757916,2.3938684065141467,2.342225743352602,-0.5246121685021102,-0.39497664537934274,0,12.344367556774369,0
2026-01-01 01:31:00,36.33037592607126,159.59872179736297,0.6430563454035237,4.372731351249926,42.82098734882452,45.86082506576663,8.020443664897057,0,none,-0.6261654953664074,0.5632581976188902,-0.5048724339834411,-0.6663343798985785,-0.42881635342937424,0.9946756122658647,2.0761189808134866,0,5.860241453376043,0
2026-01-01 01:32:00,37.22583638374964,166.59179824081278,0.6184377247601422,4.424797759005925,42.01270658135908,44.468731318393615,7.399206384213931,0,none,-0.5854219431843235,0.7601650940293996,-0.538002087559893,-0.6501750179300914,-0.5323723687807026,0.09576074540055364,1.022612162461028,0,4.184509419345991,0
2026-01-01 01:33:00,36.048645520791695,144.0465209945169,0.6676951143105239,5.591880722574307,46.59726306588843,44.057050253821416,6.571167740684555,0,none,-0.6459360010481537,0.14550546561087013,-0.4888844625150118,-0.2693599904958065,-0.00763211335040941,-0.227950160692042,-0.34801820993019145,0,2.1332864036424852,0
2026-01-01 01:34:00,36.297557819479344,150.4524922499723,0.5522713422648925,4.953597199688242,45.950009267579816,46.147307608137154,6.618385391132699,0,none,-0.6360678202085521,0.33621321396618625,-0.6209657263837383,-0.484695821072679,-0.09610582774862769,1.173044139123645,-0.28062862680357364,0,3.6277211753070016,0
2026-01-01 01:35:00,39.11080951031358,147.83028231794003,0.588277213363964,4.472526074802083,49.86261607414647,42.71793580818463,7.667599655759943,0,none,-0.5012792571549979,0.2732251760703058,-0.5797336259374299,-0.6458753796336794,0.3584805408255243,-1.1924576565226144,1.418442133743278,0,4.96949376988783,0
2026-01-01 01:36:00,36.693348055450286,159.08517040370774,0.5846451866947788,4.1586246930626025,46.78074095812801,46.998915662236215,7.43621874508546,0,none,-0.6234361050507535,0.5916341497711428,-0.5875291185588392,-0.7477042608443693,-0.01706262074778299,1.683554845822483,1.0001256521864395,0,5.251046752981811,0
2026-01-01 01:37:00,36.66974528425402,155.98443803261185,0.656790077986931,4.2706824602767774,44.23514791826819,49.01561840305416,7.633063212256548,0,none,-0.6240234354037686,0.5123604688913689,-0.5093920312324329,-0.710941783372034,-0.3293668348694704,2.844814919132728,1.281298414497141,0,6.812197887398944,0
2026-01-01 01:38:00,38.670780855105846,159.74519402960607,0.4440797192231267,5.085510957911616,43.75780511923891,45.2502340731842,7.528525172185933,0,none,-0.5293814248715851,0.6267189429890107,-0.747395434592545,-0.4468413850191117,-0.3975231564408694,0.3783278035642513,1.073489010970744,0,4.199677158448117,0
2026-01-01 01:39:00,38.73422137421192,149.07654800609987,0.5176255377700896,4.758898514786584,45.72240620897024,43.70634945182834,8.068229786695856,0,none,-0.5272920123531429,0.33138063926622174,-0.6669301439370722,-0.5604433520516252,-0.17560875653817384,-0.644487583812563,1.8648672185082047,0,4.771009706467003,0
2026-01-01 01:40:00,39.36757350637201,153.12854917415402,0.5682920385777138,4.808567836110771,44.96440520764537,45.15623168405181,6.910027531051759,0,none,-0.5015711082208262,0.44791366857071135,-0.6091638867072182,-0.5535635810613814,-0.2725843705547918,0.2949090718354116,0.025168651046792456,0,2.7048743379971327,0
2026-01-01 01:41:00,38.173638153699365,156.41739576330633,0.5965011576129402,4.340575317287179,42.95099298488084,44.011668983899376,7.681000420079243,0,none,-0.5662981618834421,0.544259243890563,-0.5765495284584983,-0.7119359225533277,-0.5158468703964926,-0.4702142990889704,1.2353783544851396,0,4.6204823807564335,0
2026-01-01 01:42:00,34.3739069891496,155.51536657954875,0.6359635016891547,4.5747827875711256,43.91610430813827,46.02182316289679,7.9892525190631485,0,none,-0.7557792396935293,0.5243670904680129,-0.5354361479954827,-0.6338097113471984,-0.414919342512895,0.878439357933711,1.659858975263034,0,5.402609865213863,0
2026-01-01 01:43:00,39.19115867073421,154.81662842488734,0.6325192375485466,4.841067476320655,46.57228203796092,44.8945447730483,7.524494369533368,0,none,-0.5186641012518518,0.5128411108544833,-0.544799891047719,-0.5475670376484842,-0.10835409923970192,0.10179180187370089,0.917237276843567,0,3.251255318759508,0
2026-01-01 01:44:00,38.97629776426398,161.38839181691878,0.4522195768841116,4.594164195279711,43.71545437945503,45.78384703456286,7.444504079840449,0,none,-0.533407932247316,0.7025397026365766,-0.752247193905919,-0.6380883087879234,-0.46348998973913125,0.6914175865162939,0.7993722254953438,0,4.580562939328504,0
2026-01-01 01:45:00,40.06488384686673,152.3995345435193,0.5546472478571695,4.6585239899026565,50.74970231971621,44.848506250490125,7.621425284511639,0,none,-0.48140767615770735,0.45402627471770085,-0.6352627938224381,-0.6181901544601751,0.3923657936875952,0.0609185037461173,1.0719662737719855,0,3.7141374703637196,0
2026-01-01 01:46:00,36.38453543011605,153.47416630660885,0.6940883925772555,5.2757875300315495,48.26878771958339,45.417972294938345,7.114133567370725,0,none,-0.6654788059785164,0.49019922681266426,-0.48122779721573034,-0.4200307517210331,0.06892865174666289,0.4341117083457458,0.16451524637203893,0,2.724492188192392,0
2026-01-01 01:47:00,43.16784578127792,153.22729598699462,0.4003461162341216,5.500521343259879,46.746884666877314,43.86941115418343,7.874286511389083,0,none,-0.33141440313167525,0.48539233302168794,-0.8117285527472126,-0.35398425587228666,-0.1273972358569941,-0.6001618447255774,1.4892698449103186,0,4.199348470265752,0
2026-01-01 01:48:00,35.71010901713779,158.73964699026044,0.6322326727445091,5.222622062084913,47.68274623257735,45.9984619375074,7.270061150988504,0,none,-0.7092055878939728,0.6510088657713317,-0.5474896679283842,-0.4559473555759938,-0.02951671400993531,0.8062132198639641,0.3711693989231636,0,3.570550809966745,0
2026-01-01 01:49:00,39.67733046034156,150.34247317282777,0.513890212089477,5.298950142863885,46.416004685355645,44.00783174658266,7.490874495965988,0,none,-0.5142419234503611,0.4119897598121758,-0.6813459958305389,-0.4351576797312509,-0.21489622850562218,-0.5203162740361802,0.7694943145417895,0,3.5474421759079187,0
2026-01-01 01:50:00,38.3637681136425,150.1599520506192,0.5509003895287815,5.589971422853423,46.66559499412227,46.45112682814082,7.211462332362005,0,none,-0.581092676044935,0.41926940327182827,-0.6396095176048292,-0.33838408335216885,-0.18962196411147372,1.1328006325979083,0.25699690387248264,0,3.557775180855626,0
2026-01-01 01:51:00,37.34591621304151,150.37106733896707,0.6098270065939154,4.545548879910711,45.34438997170756,45.71275964503552,7.983239833885902,0,none,-0.634602487518176,0.4373860238999374,-0.5745085051999098,-0.6924439178674154,-0.3646530108669457,0.6406496524262766,1.6042383072978696,0,4.94848190507653,0
2026-01-01 01:52:00,40.00065925713692,146.8557027057943,0.6920117515883014,4.437698408283324,46.780473410539486,48.080725321958695,7.039914348502394,0,none,-0.5084811728833479,0.34163584510156375,-0.48394560458378516,-0.7271525958320089,-0.20131823909686786,2.152561835554617,-0.1247738778404619,0,4.539869170892652,0
2026-01-01 01:53:00,37.85363559738721,153.82443364780542,0.6071185061002573,5.3214219941470535,44.62989054139686,44.32025151050795,7.545544523313144,0,none,-0.6225000931847098,0.5532568422314635,-0.57983500888704,-0.42946559945904184,-0.49956625933959625,-0.41903355603220244,0.7757107890947852,0,3.879368148228839,0
2026-01-01 01:54:00,33.7932408613573,151.5036699304892,0.713353316431337,5.802059662646079,45.1136291720706,47.09315044926986,7.785707893911637,0,none,-0.8289264771597,0.49240833115517224,-0.4651127656887205,-0.26868377940245525,-0.45751633404941044,1.4933793149482049,1.1841437945581388,0,5.190170796961802,0
2026-01-01 01:55:00,36.177802712072,144.2946352993434,0.6465043145861376,5.225265228174071,48.91774300558095,45.67160163852677,7.893328301677614,0,none,-0.7053360327157078,0.2908810990839225,-0.5429866799410961,-0.47326173724466186,0.04721640791711021,0.5023563723306989,1.337401713134851,0,3.899440042368048,0
2026-01-01 01:56:00,39.47543639625185,151.6980752491554,0.607558978861775,4.93836880061815,48.75243385428678,45.77826664110642,8.280954082492174,0,none,-0.5421464818653584,0.5225060320170531,-0.5910916619119785,-0.5773999665003645,0.010963589043205045,0.5511025226137242,1.956554451519171,0,4.751764705470855,0
2026-01-01 01:57:00,43.08369674218447,154.54324670385842,0.7008534493707194,4.479124124630397,39.92656727929263,47.15532394393263,7.615694773551538,0,none,-0.360856600962549,0.6142353130573754,-0.48694592901990447,-0.732500369458693,-1.1672220002362235,1.491780985091762,0.7453480750984861,0,5.598889272924994,0
2026-01-01 01:58:00,35.69277609834132,162.05857922089777,0.7088623412291422,5.46902613642285,48.77732893537839,46.28771131689536,8.116957850885532,0,none,-0.7370337989271005,0.8480665870026374,-0.4855181396238559,-0.39445237153105217,0.010970348724010554,0.8585234074642103,1.575845044373718,0,4.910409697646585,0
2026-01-01 01:59:00,38.66881566048472,153.57434135265137,0.6064159689518774,4.594990047413731,46.32155269688313,46.55154445081222,7.336479787810833,0,none,-0.5882670070266992,0.598439697985108,-0.6037184040105076,-0.7018544597872881,-0.32804697060228943,1.0151316182524046,0.19430864680345217,0,4.029766804467749,0
2026-01-01 02:00:00,41.65146708703715,160.73364314215706,0.4078413459082997,5.48251513211826,45.485102243408924,48.2056083510646,8.256059209017437,0,none,-0.44306690141652,0.8162653274422049,-0.832216169760458,-0.4016783902197609,-0.46184932264713013,2.090383075011355,1.7324645324184462,0,6.777923718915876,0
2026-01-01 02:01:00,40.01091535135279,154.84022038059322,0.6779136530300534,4.958330590168784,48.73863697715717,44.94020306426296,7.33514117811781,0,none,-0.5298652294750473,0.6387946613043975,-0.5244954827707172,-0.5896791161225634,-0.02463120053896362,-0.2015729725510829,0.14090390454592122,0,2.6499425673086927,0
2026-01-01 02:02:00,38.092987848851664,160.38587356705114,0.3928381196811705,4.687135445222211,45.25126910472033,45.31613912435797,6.68798313195701,0,none,-0.6318494064480498,0.8015119816878721,-0.854674243083484,-0.6844368988018719,-0.5235813317408722,0.03850811986922846,-0.9409534286898644,0,4.475515410321243,0
2026-01-01 02:03:00,36.04731447776626,147.6023673239756,0.4441505065169134,5.054123174347128,53.73016465031084,44.475663238314624,7.73018812543574,0,none,-0.7396394870505364,0.4191488018478723,-0.7933267451918653,-0.5587694675954621,0.6442571042933706,-0.6063462667830387,0.8359968668447135,0,4.597484739606859,0
2026-01-01 02:04:00,35.37567334036164,146.7147504846598,0.5118670188556195,4.739260599563384,46.55683872744239,48.07747487759195,6.967105674854007,0,none,-0.7719595190242149,0.400233669866966,-0.7164669872340885,-0.6753394463783726,-0.3729632791924731,1.9492345982583392,-0.5235214540639622,0,5.409718954018417,0
2026-01-01 02:05:00,37.48885415238036,152.29731237652035,0.5147895424110313,5.026838956261043,47.72598087336263,45.63136049651386,8.350953624008644,0,none,-0.6649921186783868,0.5809230713964498,-0.7129056558764754,-0.5741733784449756,-0.21916526828018323,0.19554121018213322,1.8470261470408695,0,4.794726849899474,0
2026-01-01 02:06:00,38.29441299697917,151.74932152504238,0.7050379541337258,5.112308020334356,48.314461990379385,46.48470226464808,7.544300098060131,0,none,-0.6233108752845231,0.5684397022986742,-0.493791655380564,-0.5451110662324175,-0.156155721544777,0.7936888767992143,0.43509887293237826,0,3.6155967704725485,0
2026-01-01 02:07:00,34.57943778876141,153.3746886256647,0.6961675322592646,5.272073734467852,45.57996933531116,44.29451619614834,7.30706761186215,0,none,-0.8128361759073569,0.6232284863849324,-0.5079198059731055,-0.4938407576912273,-0.5838038023514696,-0.7396420907178112,0.015321773718348121,0,3.776592892744251,0
2026-01-01 02:08:00,35.73664072123068,155.35483012147563,0.6583545055507455,5.341216472863978,44.032681290158656,46.076805011335374,8.279658021109794,0,none,-0.7609469373621579,0.6878422554191361,-0.5593542802062917,-0.47917501595655554,-0.8501644437849124,0.5212928739481284,1.6338710549453517,0,5.492646861622534,0
2026-01-01 02:09:00,39.77747837956162,147.18556101178032,0.6361906196353359,5.017826510424215,44.38058873968802,47.90942046468524,7.452025380610463,0,none,-0.5543169760141574,0.4408557395641859,-0.594513878342246,-0.5975745854379737,-0.8150926311750872,1.7585475305234195,0.20398737279330723,0,4.964888713850376,0
2026-01-01 02:10:00,38.39826042825975,153.9676266252858,0.4494697152951749,5.30659187740406,47.33386190240327,46.86082507331924,7.733729159336957,0,none,-0.6333528079442258,0.6570589019129947,-0.8113651296804093,-0.4998247038169474,-0.3820851611946755,0.9834126314395869,0.6803772614672433,0,4.647476597456082,0
2026-01-01 02:11:00,37.752519711277415,150.020638282232,0.471053870256966,4.592545635417757,49.94693009195551,45.50253043374832,7.335073567512579,0,none,-0.6463813597390146,0.5184345585546563,-0.7669890348758456,-0.735278854225641,0.010191277404591147,0.01007008545928457,-0.03504525840980202,0,2.7223904286688354,0
2026-01-01 02:12:00,38.49294960728348,162.52152334519045,0.6218975249857754,4.595351515242724,44.63862197777034,47.282011951699225,8.255531155781009,0,none,-0.5872850777952551,0.8856371070651446,-0.5732233853574403,-0.7168182157557849,-0.80881307958613,1.2356418762688195,1.532075295198534,0,6.339494037027108,0
2026-01-01 02:13:00,37.72841584678632,151.69301596258833,0.6503608106421801,4.815892751395406,43.705483255223385,48.04665448604869,7.255090393587853,0,none,-0.6070698489395561,0.5315301018639075,-0.5229724116506436,-0.6200410743450516,-0.9253803179589053,1.703247230835848,-0.24950913461925986,0,5.159750120213172,0
2026-01-01 02:14:00,41.25424473223468,150.25931188459413,0.5877589998291879,4.577895624292443,46.55679299910848,46.271610289731335,7.042639065644503,0,none,-0.4078149083778343,0.4701698009568837,-0.5753815090107418,-0.6819900303290681,-0.46722726953893273,0.4599176845394593,-0.6172056937703198,0,3.6797068965232396,0
2026-01-01 02:15:00,42.72453604518255,161.26183741155194,0.5258782722389971,5.225619277654119,47.86017163311676,44.89904920453169,7.90996360506426,0,none,-0.31550664346659846,0.7863050763012676,-0.6239961905708775,-0.4372539876661693,-0.2543745331490616,-0.5018658476686847,0.9262289602704356,0,3.845531239093095,0
2026-01-01 02:16:00,43.63714235069786,144.4472948664105,0.6086338822963963,5.537923998510469,49.0060786042704,47.32238626033428,8.250692665060788,0,none,-0.24836868351140517,0.24512836561959434,-0.5052776423324954,-0.309355597595516,-0.0646664682522475,1.1550004142413477,1.6210610177723335,0,4.14885818932494,0
2026-01-01 02:17:00,40.954657315775975,160.5900596990625,0.6067052982868644,5.403196438565751,45.835041930480415,43.79550682205108,7.925696330476003,0,none,-0.3685755883369453,0.7236332936956689,-0.4855880099116826,-0.3365779922193436,-0.533356824599928,-1.2490345374909129,0.9406915994803609,0,4.637457845734842,0
2026-01-01 02:18:00,41.0743831459798,154.05362347288855,0.602776558547614,4.674563918986801,46.35291114348308,45.54027054462568,7.758537941126166,0,none,-0.3406380327396057,0.4926644789226697,-0.4678250517240543,-0.5737928652117527,-0.42974612914160154,-0.07522578185861997,0.5848814717517247,0,2.9647738113500286,0
2026-01-01 02:19:00,42.5511504918005,150.0346436091042,0.5404512632048087,5.374316427157915,45.42729962639088,48.04180841881619,7.704463857166372,0,none,-0.23857132758027236,0.3402096433524917,-0.5173357894288715,-0.3003540591890398,-0.556271703771479,1.5798751670750868,0.4510036129992658,0,3.9836213033965064,0
2026-01-01 02:20:00,43.14660308286344,150.0287817274122,0.5931018325762819,4.928718448509592,49.5136632047449,45.43567522072492,6.992039699431303,0,none,-0.17856634578063196,0.315528329572837,-0.42870086836754334,-0.4382114482649767,0.12303672140537177,-0.20583729061207728,-1.006295015737901,0,2.696176019741339,0
2026-01-01 02:21:00,42.6447246443317,152.1237767506036,0.6640853154754323,5.23642806154633,46.874640071510434,48.50165390704296,8.078081564438149,0,none,-0.17911362212913207,0.35795991998336757,-0.3146906427778629,-0.3003413071898184,-0.2784463501641856,1.819320982972509,1.182892659449395,0,4.4327654846662705,0
2026-01-01 02:22:00,42.18335375747544,153.46928329804393,0.6754815744690861,5.760875074639968,46.62797009324722,44.52650071194041,7.028976011883592,0,none,-0.1754529030639024,0.3777106304504458,-0.2724610596614348,-0.07637383342178876,-0.2947728007716867,-0.892290485118514,-0.9957766414980137,0,3.0848383539857864,0
2026-01-01 02:23:00,38.5338158212347,148.13955959109364,0.4102687662455965,4.539042723165616,54.76300400053677,47.76319316142554,8.064785275908541,0,none,-0.3637395249778946,0.15879329947999946,-0.5946813793362582,-0.5205885864115499,1.1021633978179326,1.286852477991463,1.1176899443828041,0,5.144508610397902,0
2026-01-01 02:24:00,36.64791864587943,153.54970871115253,0.5825876050880433,4.993981831129815,53.70131909833579,47.66507921802852,8.512665954454093,0,none,-0.4547650844185321,0.327254716874615,-0.33185016967040754,-0.31190239171354445,0.9724036400235462,1.1826811315332795,1.9420079727537782,0,5.5228651069877035,0
2026-01-01 02:25:00,41.64567622891826,155.20444780681166,0.6398510771890272,4.711581359975137,49.49014829248236,45.20817087000959,7.67156729829883,0,none,-0.08709214293105497,0.36178046964401706,-0.2162066201259088,-0.4020676478113151,0.24244620266693606,-0.44447202282880194,0.2553045079155821,0,2.0093696139236163,0
2026-01-01 02:26:00,39.74761993705968,151.57361816070974,0.6780992843421271,4.605649861883691,45.66561767250645,45.12469270629763,8.367370840498719,0,none,-0.18128873966830608,0.1711110684924241,-0.11457049805174369,-0.4249565405527792,-0.4206185445744519,-0.5158495008655049,1.587982798779695,0,3.4163776909849046,0
2026-01-01 02:27:00,39.86771543775741,159.04164663241522,0.5071377575743881,4.294315096910626,49.62539038315766,47.03130569771786,7.480078379451896,0,none,-0.12577744026512921,0.5011033223155666,-0.3713111099761965,-0.5725656437709125,0.42357034199538085,0.7878660043889542,-0.1709959299426646,0,2.9531897926548045,0
2026-01-01 02:28:00,38.24384632117733,146.67404015196217,0.4803370669022988,5.442433972032069,48.58012341742416,44.94319780451248,8.27800678548533,0,none,-0.22535797016840098,-0.23798556987979846,-0.41052276007924166,0.1430745643533139,0.3089414034021432,-0.6107330077710874,1.3895717773955854,0,3.326187053049571,0
2026-01-01 02:29:00,37.46427194714509,151.82032737227664,0.4933483830402377,5.171725566157312,49.83092088159913,47.273285428537214,7.232403424380936,0,none,-0.2815448992054571,-0.003275929048427212,-0.3985062128346699,0.06450369378193166,0.7199578797702032,0.9555047665101581,-0.7541438483851267,0,3.1774372295359736,0
2026-01-01 02:30:00,42.91385110336071,156.01188758505006,0.5332537257344678,5.055897144399406,46.906047006844,46.05353115204656,8.628199755760585,0,none,1.6708191176588356,0.5133761300371,-0.56485218216452,0.2503054255164268,0.032606166097513364,0.08687255299016264,2.055182352014005,0,5.174013926478564,0
2026-01-01 02:31:00,41.082917987858,153.33711066903135,0.5183010829463021,5.258644295497555,46.19228536896822,46.10798155209637,7.367444366439195,0,none,0.9024736356852668,-0.0033314133483902707,-0.7115785021017806,0.7140656524409162,-0.2522800673658973,0.12242982825568448,-0.5322414498719896,0,3.238400549069925,0
2026-01-01 02:32:00,38.06570320280672,158.39982317117887,0.4938931540134838,5.229326474137518,48.593719717134974,48.970774995181166,8.041598759714361,0,none,-0.321168685765473,1.1166495235290281,-0.9602182302054452,0.6168480132523975,0.6129096017537887,2.03524330806342,0.8409628704447968,0,6.504000233014349,0
2026-01-01 02:33:00,41.0195155824627,155.68581201952983,0.5952105976309289,5.135924980075282,49.80029518868446,47.84218432475346,8.362536593289782,0,none,0.8444677723611559,0.5063712469948636,0.203860237180481,0.4117175967913431,1.041860835458405,1.2195419469079678,1.4778832824055859,0,5.705702918099803,0
2026-01-01 02:34:00,40.8926333023869,145.40190072048685,0.6738405500086175,5.622045483972276,46.64260792331608,45.886910882351,7.521362269304363,0,none,0.7655534506783431,-1.724646200182157,1.0698146517267773,1.5769877066518265,-0.15270691215304247,-0.1251547445654972,-0.34962505503636854,0,5.764488720994013,0
2026-01-01 02:35:00,41.3677423829334,157.8426399966224,0.5543460026609934,5.457914723646314,48.09306025448701,46.4718327341199,7.494694627343936,0,none,0.9371555583009115,0.9508519422277486,-0.2773525792570713,1.133788037848058,0.4091425630695333,0.2463166770358283,-0.4016448147307645,0,4.356252172469916,0
2026-01-01 02:36:00,44.83304651561276,147.81865016141347,0.5235261991942836,5.784626484571347,47.49584408534693,46.595314910885534,7.32858445997033,0,none,2.2068023909752243,-1.200268041759391,-0.6128003097699946,1.8901517158034522,0.17732505182654962,0.34125513353872283,-0.762365002266763,0,7.1909676459400975,0
2026-01-01 02:37:00,40.33941240457014,156.22609588338983,0.7446401764383801,5.589272292834303,51.51875270181176,48.06517147624911,7.859623378641893,0,none,0.4277651072392721,0.637545909780897,1.8243827674999473,1.3683618495321672,1.6387237906412406,1.4477558271281108,0.39795706011664844,0,7.7424923119382845,0
2026-01-01 02:38:00,37.89173138894287,150.78248977159865,0.5336067782956201,5.416542662967268,51.09547234681728,47.50671500462737,7.806095279035055,0,none,-0.5302949497968522,-0.5277097192856388,-0.5294684016210741,0.9098932293743079,1.428673551258303,1.0014690994830595,0.27017229280009925,0,5.197681243619335,0
2026-01-01 02:39:00,40.56607280773181,156.08887418634257,0.5502976150866256,5.566538187317482,49.11746251774199,47.84382294074808,6.962908683210823,0,none,0.5081746097628722,0.6262477287884105,-0.3493923874469816,1.2428152787238755,0.6675133863949666,1.2177482777008775,-1.5221603015121177,0,6.134051970330102,0
2026-01-01 02:40:00,39.242131950034135,138.47513413284446,0.6085880058401367,5.253419767967881,47.15270271611507,46.77583078120131,8.036426337783597,0,none,-0.010538292677081932,-2.983608713859806,0.2992788838218039,0.4436510805493705,-0.08036959731774991,0.4006915217836186,0.7792851439930251,0,4.997423234002456,0
2026-01-01 02:41:00,41.6736854192502,153.93896148497203,0.6171571559465298,5.31063516454813,51.23837350371943,49.00295035772956,7.530761740397124,0,none,0.9155406049787039,0.19485666157281084,0.3914173911457326,0.5614289537995886,1.4133435929027154,1.9890195247045064,-0.3317622022535545,0,5.797368931357612,0
2026-01-01 02:42:00,41.03918551618387,149.45122274195245,0.6559563446805226,5.059875796466711,50.53663426079385,46.70903502621007,8.50840373203586,0,none,0.6434434137624395,-0.7062243528495505,0.8216273460900716,-0.10541681590535903,1.1119234779918643,0.2765079729916922,1.7643856587538942,0,5.429529038344872,0
2026-01-01 02:43:00,41.352500406736006,157.79353275032474,0.4929081451842367,5.614188975675961,50.19901332059652,46.44812100565911,7.6007418646672384,0,none,0.7512859274723322,0.9893672729437304,-0.9748982582118483,1.2937457416071076,0.9541595335314513,0.06414719034456111,-0.19474419005706772,0,5.222348114168098,0
2026-01-01 02:44:00,39.56663552584696,157.94082566638392,0.5981076008138998,5.922518346980375,47.23735046269323,49.87735248090756,8.619760255408938,0,none,0.03295970060447657,1.0484451817559344,0.17396059561785476,1.9929996809099044,-0.1914865840984304,2.451563087585002,1.9033688925936412,0,7.794783723165243,0
2026-01-01 02:45:00,41.56918030543709,156.87446491647884,0.5506339728066438,5.014790153593881,48.24739979916468,47.51809426361664,7.10480519259014,0,none,0.8198662927996296,0.8074359646059156,-0.36391570386299493,-0.3239074183267803,0.2164047791413606,0.7463653125218976,-1.2341454886015009,0,4.51204095986008,0
2026-01-01 02:46:00,39.76223849054415,149.2334076304812,0.4954238524389258,5.72230223275686,55.56285007001506,49.355565269413006,8.042148496371889,0,none,0.0793125832799454,-0.7495263114761316,-0.9584192248634353,1.4443184960319237,2.809509014264951,1.9566382592580882,0.6769639972824806,0,8.674687886456956,0
2026-01-01 02:47:00,41.85803953444285,150.15342671739262,0.7679158274829924,5.9789881992102565,48.401905923747385,48.92261947502085,7.789681530538172,0,none,0.9437432263610036,-0.5488593706393716,2.0787993939783704,2.010736292850331,0.20336468370933164,1.6096300148377953,0.1536061151293782,0,7.548739097505581,0
2026-01-01 02:48:00,40.26212232271743,145.57912020746184,0.617187456511722,5.503014473741621,51.72175377078129,48.40310170192836,9.121683220910668,0,none,0.2675245542889406,-1.4324687801264666,0.3641941691624499,0.8306928880564964,1.3614876822066886,1.2042581278679108,2.7021783707998512,0,8.162804572508804,0
2026-01-01 02:49:00,38.6677722303706,149.38606733528053,0.6612432552990961,5.240896146125615,51.10785191554438,48.64700578003755,7.492139798119169,0,none,-0.3888724282649611,-0.6530841317205487,0.8386608515300761,0.19593499706343237,1.1052727134614242,1.3388626438695588,-0.5008490051998489,0,5.02153677110985,0
2026-01-01 02:50:00,41.94192484243288,150.18248125117935,0.629736202269992,5.729979266413146,48.58983619641301,46.12015234774949,8.32342650767415,0,none,0.9428275187223586,-0.4913602215296111,0.46406695527575503,1.3704613651875415,0.2024390260183074,-0.43314289435133446,1.0958105894628203,0,5.000108570547728,0
2026-01-01 02:51:00,39.57282157928709,152.21862161297165,0.5719463172945507,5.352062269951384,47.46760453809457,46.37286010380629,8.158610574458413,0,none,-0.0528564200972411,-0.08403255159464448,-0.18784127251205668,0.4327048594539173,-0.20973137798996014,-0.2644548863417896,0.7637141289417542,0,1.9953354969313633,0
2026-01-01 02:52:00,43.91274170753351,156.35996443500468,0.5953718676434461,5.982503310287831,51.275934084580605,49.4488923955869,8.285144074027693,0,none,1.6866735256450291,0.7320641125882111,0.09892960085905662,1.913541319863803,1.114317976559723,1.8454942901135307,0.9799994418373594,0,8.371020267466713,0
2026-01-01 02:53:00,41.950699900807365,145.04062904234675,0.7982234626130378,5.022764678356995,54.67889172536745,49.22534404285325,8.098052660084544,0,none,0.8600651704456728,-1.5279091826441935,2.2936824043263293,-0.42649177470990474,2.193617559558535,1.6376246513393693,0.5915341764816148,0,9.530924919505619,0
2026-01-01 02:54:00,42.03984262542946,150.23126385379834,0.633159637916705,5.64524598233263,56.00822208585539,46.28039841550224,8.312163481681756,0,none,0.8817782521290706,-0.4797732580596312,0.49717856615936773,1.1139392117733316,2.4735090510115256,-0.3851731073527716,0.988410003824313,0,6.819761450310012,0
2026-01-01 02:55:00,41.34660277756247,152.372826640186,0.63727263396745,5.853179354202156,46.95391657756834,47.77331529939255,8.287376527641948,0,none,0.5609453703238328,-0.078989789060295,0.5454098412215012,1.5675068435490953,-0.48914362714792015,0.621399505469174,0.9204762879149451,0,4.783871264686764,0
2026-01-01 02:56:00,41.06452566898184,148.35183487885504,0.6652618200459107,5.776480196668186,52.22576475213548,45.51618242246831,7.350073519556528,0,none,0.42632821789684466,-0.888715460501755,0.8427626069272247,1.3323113683698984,1.2051397223055815,-0.9329170287121201,-0.8713152937683105,0,6.499489698481735,0
2026-01-01 02:57:00,36.44898525926225,140.6129383816612,0.6070526616466863,4.7350593916493535,51.651502876009054,45.807910917991954,7.431122912825527,0,none,-1.522305218495216,-2.311206507214943,0.2157649429707037,-1.1836037262847665,1.0174005345282238,-0.7134549147657916,-0.7054660956530278,0,7.669201939912672,0
2026-01-01 02:58:00,43.7057069175043,146.62095653631738,0.6098363723907066,5.1983896506671305,51.418337028679815,47.69878794071771,8.39574678229251,0,none,1.5687156928244483,-1.1121866671658538,0.2698943468263223,-0.04886399317280259,0.9152111638787591,0.5675260570629891,1.1458062745313713,0,5.628204195462547,0
2026-01-01 02:59:00,39.67236004020649,145.77061953821217,0.5163995572035988,5.346576047675353,52.10150982333694,48.28187285451733,7.648491351126248,0,none,-0.19692973029969393,-1.2395238675526512,-0.7781976921127797,0.28677466520377803,1.1106312645998706,0.9405485515446993,-0.302658749999099,0,4.855264521312572,0
2026-01-01 03:00:00,43.251358479593385,142.90358309219607,0.7453239632119282,5.066603099772145,48.95819197020619,48.56560355152974,7.86091785186729,0,none,1.3399590000265305,-1.7419421743914358,1.7788630673154056,-0.3915004299247187,0.020970396894182,1.1248260791424234,0.12176088215066955,0,6.519822029845366,0
2026-01-01 03:01:00,40.10029608445007,149.5289137136865,0.6133154828195989,6.184462336272773,47.20928339355503,47.41987932444444,8.16714193497479,0,none,-0.021908347127506556,-0.42570551558905506,0.2780168527358777,2.241946719915594,-0.5709043974556086,0.3251835995305464,0.6929493468288472,0,4.556614779183035,0
2026-01-01 03:02:00,41.129377779112986,146.45456318601853,0.6600739400455048,5.195608272228879,46.65501234312751,48.779099112944685,7.878438818349984,0,none,0.40298644754611723,-1.0009729202897684,0.7998510932240557,-0.13894093017085632,-0.7756768318291357,1.2176537845944153,0.09451322123955505,0,4.430595228893903,0
2026-01-01 03:03:00,41.00539462766313,147.0240578945108,0.6918380143760472,5.599741659865318,49.4949818054309,46.080836233058285,7.981263412451181,0,none,0.32212896292268894,-0.8838129914430923,1.152870215178452,0.8147543790228268,0.23782037694181016,-0.6673472096051739,0.2955155295307016,0,4.374249664644746,0
2026-01-01 03:04:00,39.41475702401442,148.77207731977563,0.5913148254163633,4.6126016456744825,50.85829691549254,47.265389229635765,7.689625186033339,0,none,-0.4362450472872175,-0.5447417938334587,-0.0976789668517421,-1.5506833636843687,0.6970173103636174,0.1745318331210636,-0.33221708663575106,0,3.833115401777219,0
2026-01-01 03:05:00,41.18613142886836,147.64465919817283,0.5542054121137101,4.69503965902503,46.12107612904933,46.55262253918919,8.431142984928245,0,none,0.3651574869126987,-0.7517712634882909,-0.5693352735574028,-1.3231524355763464,-0.9699230821229624,-0.34138316736707053,1.2134898761052315,0,5.534212585130003,0
2026-01-01 03:06:00,42.51987199034722,150.60702417445597,0.636820373502464,5.76716156171631,49.360309678454165,46.58719009444448,8.903574261579458,0,none,0.9626160220287926,-0.1566238396102675,0.4814095994506055,1.1739386756266812,0.16704753161838454,-0.31818162985561144,2.0777666333118314,0,5.337583931502174,0
2026-01-01 03:07:00,40.7762805923542,150.50703585998056,0.6293984873574291,5.645776956454339,50.60002777770677,48.05256405937766,9.12191788593001,0,none,0.09621499914839429,-0.16722614770628766,0.40646655999860687,0.8696817016267526,0.5802291588575983,0.6990067119871505,2.362160361309824,0,5.1809856406346135,0
2026-01-01 03:08:00,39.11375458395264,148.88224711277218,0.6995361526068778,5.505966691236232,55.0561971554622,44.39449358922372,8.287910503950284,0,none,-0.8164342999501583,-0.47201824170172574,1.2826288451893382,0.5371514718341951,2.0780778909379034,-1.9049648707440618,0.7461069857664958,0,7.837382606123879,0
2026-01-01 03:09:00,40.53260025591841,149.71359274980844,0.5164285351598145,5.300145723739838,45.67076783275373,49.67834381198366,7.86524557594288,0,none,-0.06586688880113492,-0.315288783214626,-1.0049966345698031,0.049129426963276,-1.248268459603153,1.790842535697155,-0.08641759217957076,0,4.560810321028719,0
2026-01-01 03:10:00,42.21560134196899,151.2486301067643,0.4790583387882825,5.604811853871671,47.87508965559864,44.73284753924658,7.435570761225899,0,none,0.8058448616021228,0.003167274603859152,-1.4972448755034815,0.7426527059710849,-0.4673187400743952,-1.5832510963483282,-0.9087824263794021,0,6.008261980482674,0
2026-01-01 03:11:00,44.04713075681524,145.7875658588006,0.6213297606405984,5.410551389337782,54.73487956439438,43.73724439516701,7.496309106925402,0,none,1.7289496335600842,-1.075481432835411,0.28640833872647675,0.26721176695952126,1.891718100257983,-2.16805265943594,-0.8003402665235453,0,8.218162198298963,0
2026-01-01 03:12:00,43.46119823201184,152.61249306918674,0.6071816930732011,4.857355339657092,51.69850287774555,47.453832551031184,7.988053844538593,0,none,1.3665097276572318,0.33829733451011224,0.10576752763636507,-1.067467250561637,0.8145511879877815,0.2740012072984251,0.16657973495417389,0,4.133173970605727,0
2026-01-01 03:13:00,42.4005244783481,153.91143789150888,0.6298139533494721,5.254955238601635,48.48496087572639,46.3284474430138,7.924141084204328,0,none,0.7729629094824892,0.6008374256946813,0.40557330273543124,-0.13203392321445517,-0.35568054347480105,-0.44785580065764424,0.020134233272084072,0,2.7350781385315863,0
2026-01-01 03:14:00,39.87075391203619,146.64270151202675,0.5287877936296964,5.267388068336508,55.23018928063537,46.20894346940546,7.669707602564202,0,none,-0.5941227806171323,-0.8983668193372965,-0.892769445236621,-0.13340748468685137,1.9950151709507566,-0.5256990739095758,-0.5172431295551154,0,5.556623904293349,0
2026-01-01 03:15:00,43.71177652861909,153.93683325118695,0.5831044141762101,5.557820407092211,49.79690542789446,48.89120614283998,8.224922768065918,0,none,1.4719833665541031,0.6640239968276844,-0.20313963582842176,0.5767682555546657,0.05625201349093916,1.2018082493894524,0.5976600072312601,0,4.771635524876527,0
2026-01-01 03:16:00,41.9822912415569,149.9999710592314,0.7943908624220636,5.249166431325384,51.89259884170915,47.93624510895009,8.432484280585873,0,none,0.5640108465285073,-0.20662270983145137,2.386289432150723,-0.1806777292092969,0.7812439437860734,0.5621264688846532,1.0064974971446154,0,5.687468627535321,0
2026-01-01 03:17:00,41.48959883541853,149.5031201441731,0.637112569783054,5.17056052841376,53.18429808870764,49.56681448373169,8.156378149197021,0,none,0.2895300149815672,-0.28589425384084716,0.4308445235220839,-0.36697475336052904,1.1998655892363275,1.605392627338986,0.44195358511588745,0,4.620455347396228,0
2026-01-01 03:18:00,43.825295697814006,155.90511069962713,0.5728244175623415,5.371484409608337,48.138542985794174,48.82681425412285,8.315343302031264,0,none,1.510145155682825,1.1558689611281838,-0.3577888960451452,0.10774220178072244,-0.6106999498431621,1.0714106765273403,0.7402015425805184,0,5.553857383587896,0
2026-01-01 03:19:00,43.27609537396017,140.4979179764829,0.6642273339902217,5.3752735471221085,50.02456844988678,47.40563601727723,8.007546459829161,0,none,1.2015168037677877,-2.1936465567075007,0.7461835731056528,0.11737054492242728,0.03991614717464287,0.12225680519970364,0.11371186643443973,0,4.534602297312155,0
2026-01-01 03:20:00,43.07479162671788,151.0039655455912,0.6753989330233692,5.094224770208116,51.090073104537225,46.881291728165706,8.21738139807134,0,none,1.095849297560985,0.07710910911135198,0.86184882558522,-0.6104522765346165,0.4208704923469899,-0.25082168924246956,0.5092914100589974,0,3.8262431004406308,0
2026-01-01 03:21:00,39.80743441036737,143.47532885011248,0.5189814149473635,5.52185328307632,51.48608879770604,49.033099728873374,7.1144899211316215,0,none,-0.6204613847192396,-1.493364841066834,-1.0245458021587637,0.4743533065289243,0.5424613161717172,1.205140205240036,-1.6971081913058248,0,7.05743504719134,0
2026-01-01 03:22:00,40.92427449107221,147.62800288110537,0.6395446144642611,4.65320579441047,51.71960672218236,49.61479999698578,8.771834987002425,0,none,-0.012805164378931339,-0.5905739167086055,0.458803725872687,-1.6801154138465741,0.6037831603122301,1.5566079578552827,1.6031063827943954,0,6.505795721768706,0
2026-01-01 03:23:00,38.77213723598727,135.69345257779312,0.7004191217474377,4.997679608740493,54.454488545318,51.54156891924328,9.798011015997105,0,none,-1.1716881695550885,-2.863002954403066,1.1916675416523388,-0.8530462333623783,1.633059213288678,2.6571266773738107,3.2798595112386555,1,13.649450300874015,0
2026-01-01 03:24:00,42.60319927381153,150.59988149745757,0.5177575464030031,5.472162514761267,52.1380705014795,48.71280842219503,9.288589935393825,0,none,0.8696826166506223,0.08918581653391928,-1.114296564554274,0.3610520200881426,0.7826698992585244,0.8241122109892138,2.2341974859282803,0,6.275196614002976,0
2026-01-01 03:25:00,42.30503853561826,152.22531573710734,0.4684765461031625,5.14725195832515,55.11480852984202,49.25254023450206,9.253675070193816,0,none,0.6941908051103112,0.4240642724897521,-1.6624602788242786,-0.5174230494420493,1.8215006365845268,1.1329983061669602,2.0539771993478717,0,8.306614547965749,0
2026-01-01 03:26:00,44.14772297328912,141.14204618346074,0.643284079955554,6.01567024788556,49.81007625764861,46.741445048383845,8.09447832732475,0,none,1.650328840582754,-1.70930639040663,0.5060711239673424,1.7492036089313772,-0.1603851833861984,-0.5076530067309437,0.07977388588458992,0,6.362722039889835,0
2026-01-01 03:27:00,42.74054827354866,153.96632845157512,0.7154781233866006,5.865312019563423,47.23550132951442,48.06832519651893,7.028242260408284,0,none,0.8512843019506375,0.8205200535540447,1.3539929812832603,1.354796449539137,-1.1047909665805893,0.34952041619909396,-1.7049622209014004,0,7.539867390008163,0
2026-01-01 03:28:00,41.61424528298156,143.0791878143763,0.8223450216710393,5.348724682036754,54.07990449018887,48.31526856854396,8.022949700777096,0,none,0.2093881022180081,-1.3177193015158268,2.5121487732744914,-0.11596887998230994,1.3959067659836406,0.4855757018422974,-0.02228020755080882,0,6.058987732367383,0
2026-01-01 03:29:00,46.60659648054454,145.1269730331933,0.7469682422785104,5.4727194360433336,52.4505358568191,49.98922887634981,7.794198913821149,0,none,2.819046344110144,-0.888325452696087,1.556803179860326,0.22447208912125602,0.7762606259276144,1.544554330958089,-0.43012064100517744,0,8.239582663678693,0
2026-01-01 03:30:00,40.3577697651701,140.13621211934205,0.8301522511276368,6.093314686656395,50.25706625628448,47.12453627213028,8.279777872456888,0,none,-0.5379795020233558,-1.7857441052240088,2.381429737499648,1.9058541867318586,-0.04816773460696923,-0.35010597629891776,0.41380599606702856,0,7.423087238451786,0
2026-01-01 03:31:00,39.77746441323969,147.7237765399982,0.6047298002884881,4.90562600844458,45.86135341959172,47.69692715479781,7.741655359054147,0,none,-0.8360303033824021,-0.30724219169044786,-0.2023153364349596,-1.3773977234985315,-1.6725916467341473,0.011259514841909726,-0.5294206828362732,0,4.936257399418671,0
2026-01-01 03:32:00,41.26180916000909,143.44313333110918,0.6849439898051026,5.77647708642058,48.67748470103023,49.17847527902059,8.261756967330925,0,none,-0.06608631546117723,-1.105461388502285,0.6947079754991482,0.9894634160882259,-0.6312178041139627,0.9961696985442853,0.36864675490960097,0,4.851753353118685,0
2026-01-01 03:33:00,43.56506118358483,144.22145097745158,0.5401029999852343,5.823055236238075,53.09337876020818,48.11160310728422,9.129269612912104,0,none,1.173167882155327,-0.921628087562668,-0.9798621249709901,1.0800472717252434,0.9754111076021317,0.2820922753937382,1.8057429520077841,0,7.217951701417883,0
2026-01-01 03:34:00,41.8495945066179,145.41855059726598,0.6503956664550903,5.575395755601884,52.58634970450224,47.79849621637097,9.487196557649105,0,none,0.22475838257857514,-0.6844536114415514,0.3047124474671304,0.4083546135337242,0.7618986072380427,0.05301679591556503,2.265870707025695,0,4.703065165200284,0
2026-01-01 03:35:00,41.6990806280466,139.51235038536743,0.7783544408826584,5.192461432578639,56.33915277463261,48.385989031315376,8.903069694141974,0,none,0.1392347072212242,-1.793598404456923,1.7136089079614136,-0.6211047182905397,2.043164186710956,0.4296362504543305,1.269491013295554,0,8.00983818839094,0
2026-01-01 03:36:00,40.37013722789115,147.3169998489042,0.6508151194319788,5.7136572992185135,49.78174326613615,49.62560672474415,8.963428256654609,0,none,-0.5636050531317245,-0.24576686840749587,0.23950687916286179,0.8001414163569417,-0.33909045585984604,1.2255915935873143,1.32175868824108,0,4.735460954747264,0
2026-01-01 03:37:00,45.59036423400315,143.19049004269817,0.6324510843270679,5.601140672502663,51.16397739355968,48.78444327151735,7.8918102716619005,0,none,2.232262745838525,-1.0312394552010027,0.05014786093662473,0.49295556111439337,0.16690589299922484,0.6499207651306194,-0.4117976003091432,0,5.035229881529533,0
2026-01-01 03:38:00,41.42969950440132,151.2207473862401,0.7273452962094447,5.377579178990614,51.42225793014576,49.31519052221675,8.070327647474343,0,none,-0.048770150245324016,0.5747377751618501,1.122594304500882,-0.11413073962422594,0.2589933236982369,0.9774895947233779,-0.13051443001623295,0,3.2272303179701303,0
2026-01-01 03:39:00,40.54661553502848,144.07549075718063,0.6138183676136753,4.824689475685275,58.759037897584285,47.94485992103091,8.812893800716221,0,none,-0.541600919636729,-0.8272242863876103,-0.21965105833435034,-1.5548360586828398,2.6963133045920618,0.06563478769016304,1.0477885497836448,0,6.953048965107399,0
2026-01-01 03:40:00,42.49434036822415,146.76412343331594,0.6757285018060479,5.329624898307921,51.30958427536925,48.451565708025626,8.59473844000957,0,none,0.5216225726560925,-0.31968917207993053,0.4961595205910736,-0.2105074122628872,0.1275582617792812,0.3850138355868762,0.6679794901718338,0,2.728530265127975,0
2026-01-01 03:41:00,41.15510053317514,146.31002507040415,0.7114516932506757,6.403462724534554,53.00458110786029,49.101058238451074,8.357503282074509,0,none,-0.2299132798126303,-0.39265322696358484,0.8922182490356362,2.470827180816366,0.7020729713148403,0.8161964345307606,0.2552141989623564,0,5.759095541436174,0
2026-01-01 03:42:00,42.33646491014446,150.12095875285763,0.5506160826858951,5.585423384941629,50.55743019811465,51.09096902545727,9.064151742388264,0,none,0.42458718008795276,0.413994028957328,-0.960578180214435,0.3819095937527619,-0.14294505028341772,2.0280003428008513,1.3992498634544335,0,5.75126423955118,0
2026-01-01 03:43:00,45.50267253734166,151.1302079139488,0.7738369126287263,5.288375173444994,52.99543549898741,50.82212556927365,8.628272949605321,0,none,2.088937626152179,0.6738401662292463,1.5779535404338787,-0.3605384880913082,0.6804043255921506,1.7722209152607666,0.6570126439911717,0,7.810907705750701,0
2026-01-01 03:44:00,41.970056203553,144.20685735882878,0.7614644355882687,5.648309773980886,51.717827091953446,47.4442917421159,8.36772287913973,0,none,0.15192781358940216,-0.8243763327340992,1.3818087676099544,0.5740194767393527,0.2182100918413643,-0.3434267669605062,0.23364626498559413,0,3.727415514460273,0
2026-01-01 03:45:00,42.79379278515872,138.93773294339806,0.6910798689864557,5.092924294004023,50.15514648019154,50.99851898049621,8.122607524255269,0,none,0.590889816589619,-1.9622002629307624,0.5526805820701287,-0.8621365752174381,-0.3409646382934802,1.8389138380869248,-0.20749230449411477,0,6.355278017682468,0
2026-01-01 03:46:00,42.18648321767791,143.486362693122,0.6877999709070641,5.633576760505338,51.77769316361319,47.14949463696456,7.965344409839845,0,none,0.23883526567515218,-0.8966017128904257,0.4893081502611373,0.5396682612855341,0.257248921933109,-0.5316772335295112,-0.4739139047388855,0,3.427253450313755,0
2026-01-01 03:47:00,42.57009781119356,141.6456347847911,0.6637958246883688,5.922281264823153,53.71751380955718,46.603520600526174,8.194599201499248,0,none,0.4433632011266747,-1.2685985727217717,0.23051256154660002,1.294188180882484,0.922627352297504,-0.8451363385315908,-0.09408006598116661,0,5.098506273087791,0
2026-01-01 03:48:00,44.622741939470245,146.71246239840428,0.6543373851239748,5.624541750901625,50.96803294217726,50.38334846937639,9.599472807684847,0,none,1.5132170454172478,-0.13491244860333781,0.10955408247943411,0.5142317280738731,-0.06090794440436835,1.4566043036091845,2.2471026022796683,0,6.036530154867114,0
2026-01-01 03:49:00,44.07625511064191,141.98550804970424,0.6694929987706841,5.714791366305684,48.36356025198118,49.59821002404876,7.816148911951626,0,none,1.1837265174414835,-1.1586653169466745,0.2899804335575315,0.7259526380449611,-0.9726694144808392,0.9613284726478787,-0.7547543501237618,0,6.047077143243131,0
2026-01-01 03:50:00,42.35916300086365,145.0095632333629,0.8122681708269428,5.96636271633606,59.332402422710665,51.22982306533172,8.549121164276082,0,none,0.23335784063431295,-0.4670253052174493,1.906998884946156,1.3517119160295328,2.7054003731364165,1.8624568351495532,0.4767873163931051,0,9.003738471506527,0
2026-01-01 03:51:00,41.209796810246,144.30853084231833,0.7515773240646542,6.138427121299641,45.7552161884753,50.8156808869727,8.293624681420681,0,none,-0.42043563803799444,-0.5989384399295656,1.160195893521793,1.7140727097551196,-1.8140510989725944,1.5532769709096979,0.04199710544321399,0,7.302967856569978,0
2026-01-01 03:52:00,42.83216721339339,144.52831635825467,0.7294641290736193,5.803525283909866,51.99269354274775,49.947137325785846,8.095948948552472,0,none,0.49944034495564027,-0.5245061450965622,0.8755774125696668,0.8936936097129614,0.24403266545779226,1.033574653827227,-0.28603806379036384,0,4.356862895410213,0
2026-01-01 03:53:00,44.7945900384932,138.3955255700431,0.5593176700501349,4.991254781960124,48.64974835256543,50.67515726996798,8.480092060145171,0,none,1.5445807724052232,-1.8743880322549042,-1.0586428791186728,-1.146445669096676,-0.8316836723931563,1.4243530174603745,0.3508402456566273,0,8.230934288385633,0
2026-01-01 03:54:00,43.123295516522,148.48396197555897,0.7494867693884504,6.0291845136674,48.84502007554071,50.21384050606043,8.709144946362025,0,none,0.6114729034170001,0.421163001465082,1.1348425811489014,1.4220116956646158,-0.7405080364830875,1.120394619160093,0.722530745131193,0,6.1729235824699735,0
2026-01-01 03:55:00,42.931081939504665,140.6259077960929,0.7038174605577159,5.055000022444834,53.98831458689863,50.20736426687692,9.391052684045109,0,none,0.4909032926994059,-1.3227028491515056,0.5909315940071685,-0.9545136664328603,0.9677546676490906,1.082941084353986,1.7848239925351015,0,7.1945711468291185,0
2026-01-01 03:56:00,39.59875801034439,134.88101469011028,0.505877644571862,6.0349340626998265,49.02753417754026,49.43999849253667,8.58246271449847,0,none,-1.3082875090384263,-2.4463451953151862,-1.6283182316419733,1.441496354015903,-0.7042073185623245,0.6192787202508577,0.4406731780687318,0,8.588606506893402,0
2026-01-01 03:57:00,45.23051809751154,139.06782084815978,0.5107491747467252,5.688602471450274,53.52917309173231,49.45191860708714,9.099406075752084,0,none,1.7640193272671523,-1.525200793437961,-1.526711547008011,0.5696625328415544,0.8116681514040863,0.6007057542693753,1.2607257953653563,0,8.058693901593497,0
2026-01-01 03:58:00,40.28810678788256,141.01202236649394,0.6604119821102836,5.335331381057103,56.63879712105809,50.08458449848169,8.629617529711812,0,none,-1.0388103674924356,-1.07783213057031,0.12360824654521566,-0.3211756288745485,1.7832338624044153,0.9456225500958244,0.4679472232745,0,5.758230009257249,0
2026-01-01 03:59:00,40.73372885493112,140.6532411801525,0.6435433169445443,5.582980121446936,51.99062775827457,48.008596565110174,9.116631794201028,0,none,-0.8027826719295841,-1.1234544353756037,-0.08891480083708933,0.29055275682034165,0.2552252827239084,-0.2720864748359211,1.2380185817390008,0,4.071035004261449,0
2026-01-01 04:00:00,42.57390272774358,144.543494723287,0.594640108495083,5.9686800972188845,54.2431008385461,49.79804479920991,7.707825024096779,0,none,0.2707047259185913,-0.31405304008184903,-0.6179966590677305,1.2159440595274993,0.9639673624647963,0.7635108598517736,-1.1006190512562388,0,5.24679575816848,0
2026-01-01 04:01:00,43.42177293264986,139.8477628541937,0.8033501122475486,6.148083557593467,56.05125860950599,51.12381779044112,7.260573752573189,0,none,0.7365362450502663,-1.2563605189985738,1.6833293350822416,1.6703402112728105,1.5023192709097757,1.478983333401668,-1.769687511196617,0,10.097556425911952,0
2026-01-01 04:02:00,43.46960251541648,143.65675714546265,0.6628039030720324,5.769536892749547,52.42560963255089,49.71410268822048,8.367004080028735,0,none,0.740530402876803,-0.4519430375783501,0.1190781514115399,0.697738904784007,0.29314461774057016,0.6563703808174307,0.004628064578704965,0,2.963433559787406,0
2026-01-01 04:03:00,41.87870630271727,147.06949882075168,0.7359162945826812,5.5737279536361255,46.323261604975976,49.61241091451794,8.837122404107975,0,none,-0.19847698276543776,0.258085933341265,0.9191162603686246,0.20798861299460777,-1.6876645461182633,0.5728498367167181,0.7437929780560547,0,4.587975150360971,0
2026-01-01 04:04:00,42.80646932484918,138.24921990366596,0.5812088479763293,6.070724321235782,54.20326341365308,50.09518434398846,8.393879321124938,0,none,0.31993073715657355,-1.5149765369086543,-0.7894354289166821,1.4296391628500074,0.8611045246236194,0.8260490343596635,0.006103494036873224,0,5.747238918852074,0
2026-01-01 04:05:00,42.24510537519141,139.3110104422197,0.7259791846634998,5.771890222233225,50.50287277010055,51.548549056092135,8.257912705257684,0,none,-0.027764799745253792,-1.2537982551084215,0.7821928072543753,0.6373531665793577,-0.37284610349391456,1.6079536557765712,-0.2119701097352148,0,4.893878897693108,0
2026-01-01 04:06:00,39.8661114506272,149.72887320914788,0.7569922066310284,5.701561139951692,48.11233698017218,46.51592257716819,9.33601000362947,0,none,-1.4099761328616014,0.8570001945914105,1.0932627211288297,0.4533309650236807,-1.1544081703898985,-1.290893983290396,1.5211823833269613,0,7.780054550612778,0
2026-01-01 04:07:00,43.000098743025234,144.85585065146668,0.5970568545567217,5.719335731378666,58.86111375923316,47.192815314199215,9.06448439248607,0,none,0.4262050383145913,-0.1125224034995092,-0.6569155301602477,0.4968963549780983,2.2530704627426865,-0.8880177657339308,1.0859717167756897,0,5.919599272204753,0
2026-01-01 04:08:00,42.14924621710296,146.94717188256115,0.7917418412374462,6.084859323894241,49.45253224904012,51.04930639674106,10.257417666488823,0,none,-0.11386488120501896,0.32280707912948764,1.4365069825842687,1.421410373480403,-0.6975640195343727,1.3105686513939439,2.7625362300084126,0,8.065258217335908,0
2026-01-01 04:09:00,44.40074098356836,141.788877316144,0.658365392090886,5.551377532813958,51.53723620855218,51.79199221851291,8.00559408026883,0,none,1.2265420349680844,-0.7102701802719269,-0.02785973090123046,0.011508211406688035,-0.06774576798160183,1.6931255446461635,-0.640020817039666,0,4.377072287215361,0
2026-01-01 04:10:00,43.29723504160365,142.46190679392868,0.7166920387742719,6.10568870216732,50.93317246308481,49.24046451442257,8.68617826761848,0,none,0.5380204051010561,-0.5475556028920129,0.5896545624214139,1.4230078296997468,-0.28669485731394223,0.16974914535817534,0.3647453057162766,0,3.9194277085026235,0
2026-01-01 04:11:00,45.54031686833588,141.87545967385088,0.7318056610439688,5.754563893909151,52.31686764634523,48.42871639224325,9.151976419953208,0,none,1.8530212545016205,-0.6536306235392892,0.7387057071940544,0.4998033223070953,0.1888067997617694,-0.416043461029532,1.0499244254410212,0,5.399935593774382,0
2026-01-01 04:12:00,45.030025528808,138.5337502873119,0.5840986167739266,5.186064432256531,50.53994582198474,50.806848928336365,9.334553730495202,0,none,1.5067471301815984,-1.30625165524453,-0.9294868125262997,-1.003359190950781,-0.40039189495176564,1.1557032752908318,1.2868232052711734,0,7.588763164416981,0
2026-01-01 04:13:00,45.46104771739101,147.86119714572857,0.7944751174827662,5.426563322627723,52.51987566681712,47.61205668141346,9.024977611057508,0,none,1.6872849074682177,0.6794356278352267,1.3959567812590234,-0.3784609804762128,0.24287927101523352,-1.0426337848965,0.7826394569075008,0,6.209290809857915,0
2026-01-01 04:14:00,46.10343566632923,136.66547890826965,0.4912506798449715,5.917142583087657,52.58587616328609,47.120502282914,8.366705144111231,0,none,1.9678949066768818,-1.6495941632113458,-1.9478922807466499,0.8912708333940785,0.2832361995504399,-1.419068590879518,-0.25496196073595007,0,8.413918935194863,0
2026-01-01 04:15:00,45.097416677783286,139.02949156204926,0.7378950496491746,5.89197468609503,52.01702240711942,50.284726436043,8.772754302295626,0,none,1.367952355992309,-1.1279000481276786,0.7374597820269836,0.805436272359005,0.07624055072741262,0.7892649447137808,0.36686738697096805,0,5.271121340918138,0
2026-01-01 04:16:00,43.40220435600964,136.55327189651166,0.6446739124778097,5.587246483709771,60.150279070032525,46.138447374250354,8.515104817583955,0,none,0.4086226258971483,-1.5967970228346946,-0.26702187907143593,-0.011154354922541257,2.646584932198711,-2.0321802825800566,-0.039076883278859414,0,7.0014379807834475,0
2026-01-01 04:17:00,46.46495421254632,151.29371832280896,0.6387687850618903,6.215269038564667,58.21162387159442,46.984048279228425,8.111006791983831,0,none,2.0055233565307358,1.5209350510411694,-0.3335006239278131,1.5880398889409657,1.9326445300144168,-1.4047787177407711,-0.6708054873534115,0,9.456227655549284,0
2026-01-01 04:18:00,41.925063028338975,137.79247234986386,0.5708002393025248,5.60571916807738,55.67755467856996,47.82804724187199,7.406788982663505,0,none,-0.430582655118736,-1.3177830364164786,-1.0939540736137001,-0.0185351330880705,1.1052739309311206,-0.8247633937562272,-1.7073868253278126,0,6.4982790482521455,0
2026-01-01 04:19:00,43.73474434428728,147.85337520483316,0.6678991218448833,4.561268927603128,53.52881290365056,51.184313258009546,8.39335374956166,0,none,0.5432641906497565,0.8664035390763886,-0.007528768641570389,-2.575289930687958,0.41621584243573584,1.356998056549216,-0.2107239123437833,0,5.976424240384408,0
2026-01-01 04:20:00,45.54813924148373,135.45297471170835,0.8705377124011924,5.51366249488143,59.437788842309175,49.45294771228585,9.176016224874669,0,none,1.4723693698680174,-1.7863282497112578,2.135687466385655,-0.23265555939956392,2.1370642626008607,0.18758179062956493,0.9609129824978291,0,8.912599681092749,0
2026-01-01 04:21:00,43.276796453599104,152.0703981951848,0.8314727171319294,6.369839969485226,52.04256501993309,49.0576270783986,9.193408007595409,0,none,0.2430896288791204,1.7563848151900932,1.6590481992876442,1.8299710307188812,-0.09228065359751705,-0.07910177061242932,0.9677089176654972,0,6.627585015951183,0
2026-01-01 04:22:00,45.30441577843166,154.39177916400905,0.7007194780282654,5.970091147144704,56.625886282179785,49.12163901043893,7.893135116492004,0,none,1.2941409734292455,2.1469780429354834,0.24372086454551617,0.8367530908619834,1.2470251047621723,-0.03044681453653815,-1.0550029376375036,0,6.854067828708442,0
2026-01-01 04:23:00,42.29012034308319,141.77969609455235,0.5172481044679758,5.758393015681131,57.79499117060729,50.59563668453247,7.991917124273755,0,none,-0.37625840846782455,-0.46606973536934887,-1.6563475080698935,0.27023817074202305,1.5498235675677834,0.988138719974658,-0.8759922448359917,0,6.182868355027523,0
2026-01-01 04:24:00,42.83835430455108,149.44890839533574,0.6064982712904899,5.668397707326199,53.92147502069389,48.54535607570604,9.38718799867981,0,none,-0.07025807212969926,1.1504107848631537,-0.7490156380768274,0.02662294737846265,0.40973723552943125,-0.41208779045723926,1.3612583286733473,0,4.1793907971081605,0
2026-01-01 04:25:00,45.03374834172986,135.57699065413465,0.5884449085254158,6.080217283242445,50.718519620575066,47.87608334648794,8.43718525377952,0,none,1.1276062562974545,-1.7132670432918153,-0.9989481872176257,1.0700347312120062,-0.5041125880098515,-0.8486036337219816,-0.14153926727347554,0,6.40411170702421,0
2026-01-01 04:26:00,45.38702945085136,139.7029445279731,0.5307707934321634,5.68879323595887,54.13903538899527,49.37939260544464,9.08588068966388,0,none,1.298129187965077,-0.8358826476517475,-1.584736679287001,0.05425496076475191,0.47631917876398366,0.146064473446861,0.8812296143243988,0,5.276616742203821,0
2026-01-01 04:27:00,46.379199107425336,148.16210814319794,0.6759381371445156,5.644017027790841,52.53737848718652,49.80815922340405,8.0870195212263,0,none,1.7622830561495078,0.9930868250175315,-5.3594545755879794e-05,-0.054805322997998875,-0.019755339879263326,0.42542749996848556,-0.8009821178483801,0,4.056393756406924,0
2026-01-01 04:28:00,43.86617661805017,142.26914818054772,0.6174990489943972,6.106272278618475,47.325100919146735,49.38514785673896,8.470612740954424,0,none,0.3973327581170531,-0.2830329376727623,-0.6105084320706113,1.1342364791632924,-1.5188132817455393,0.11830154833313179,-0.16331853815189729,0,4.225543975254288,0
2026-01-01 04:29:00,44.62396638933316,139.40029659105457,0.6645817887036513,5.699589336710006,52.1202627440675,50.040022312203234,9.1298562715851,0,none,0.8435751295677277,-0.8796599458283381,-0.07336256486711627,0.04914471912631037,-0.10730246634588331,0.5757527167400528,0.9331824510926208,0,3.4619799935680495,0
2026-01-01 04:30:00,55.20166259444199,137.12787086628046,0.7646223592876763,6.679510994151567,80.83074047969961,46.74831572183236,9.118932030694651,1,cpu,5.019588942939206,-1.343741138354712,1.0742219197053446,2.5011038863538784,5.585122019106571,-1.7102924209754495,0.8863677326744751,2,18.120438060109638,1
2026-01-01 04:31:00,55.37636950803135,133.4489447559382,0.7680671541092197,6.779411368395946,87.42023867288893,47.50104183576454,9.653260448834068,1,cpu,4.228711723675119,-2.018050718006007,1.0766850140902025,2.603774261592415,5.110092917795362,-1.1821518318494328,1.7354737312932906,2,17.954940198301827,1
2026-01-01 04:32:00,52.32827027764365,132.33342701114253,0.5425905707972749,5.517074585090213,85.96187337508182,52.90074531764864,8.917431821490958,1,cpu,2.860656496238945,-2.123209208029177,-1.4193406443135657,-0.4931418830488507,4.072404186199078,2.388838667223804,0.46446579613153016,1,13.822056881184952,0
2026-01-01 04:33:00,54.28512093834257,139.8237823863408,0.6180962534507095,6.936573649543982,90.49996025458358,48.35061927460107,8.708944302198681,1,cpu,3.147440669970093,-0.6166459731257626,-0.6044917701183476,2.7522633708845627,3.9231923435707388,-0.6081651833336721,0.12147858110909415,2,11.773677892112271,1
2026-01-01 04:34:00,58.80276631459756,125.2755148738092,0.7176890808460072,6.660090025682762,89.42038680640066,49.52302128344639,8.581013201445243,1,cpu,3.8455840668742574,-3.137905617754909,0.5048367836060196,2.005878330523634,3.3560912821244075,0.14673329014730557,-0.07345247660626912,3,13.0704818476368,1
2026-01-01 04:35:00,53.920220660004986,131.26411357652793,0.8295456787421647,6.759470515749285,81.58658874472783,50.75101722483909,8.876616756238379,1,cpu,2.385268216067317,-1.9647293569297677,1.7295196009076457,2.1115278275594065,2.408191490431668,0.9323143301392374,0.4441599188771221,0,11.975710740912165,0
2026-01-01 04:36:00,58.15709442433584,133.63887609484038,0.7724523177363661,6.845824060207852,92.30179804746356,49.99524591170202,8.23200116246977,1,cpu,3.1116313495792003,-1.4882200857917103,1.063544726905366,2.1644224299525665,3.0730972146154802,0.4277682638506472,-0.6611767491479682,2,11.989860819842937,1
2026-01-01 04:37:00,56.539050166524405,137.62931792344855,0.7682973559859696,6.134288371507079,90.69287312259002,49.1228931358376,8.23361020774811,1,cpu,2.5404143541395228,-0.777073211993821,0.9865338208754075,0.6727183274344504,2.6964055608950446,-0.1524154357636915,-0.6749231241368642,0,8.500483835238802,0
2026-01-01 04:38:00,59.88733165101037,133.40242461169717,0.777252176761829,6.598393360944154,89.3289531138704,50.70893900749172,8.42725937721548,1,cpu,2.967546776304838,-1.4586234674708736,1.067329828456537,1.565076014569542,2.409637506482936,0.8752302986328414,-0.3461409069789561,0,10.689584798896524,0
2026-01-01 04:39:00,56.81501251519819,129.96355202422342,0.8431541224616362,7.041907773888648,91.96187752539404,50.258438357259,9.250855835613905,1,cpu,2.209085284997864,-1.9479682849213225,1.7036330091331138,2.3602293032620736,2.4346915946246055,0.5567384364628081,1.094035145441325,0,12.306381058843112,0
2026-01-01 04:40:00,58.95948892138883,120.4771566016066,0.7063856464314275,7.2753099424241725,94.01066085882084,49.59897277464745,9.374956114587292,1,cpu,2.445499798704159,-3.1685639094407203,0.24654506043155752,2.6209472676476353,2.4079088877108843,0.10909724880479946,1.2715427727896882,1,12.270104945529443,0
2026-01-01 04:41:00,55.29880418283219,145.3765876967228,0.741487530606962,7.782779651170321,97.92867113720727,48.87909785360498,9.504808584675946,1,cpu,1.6901661780310433,0.6480660651576137,0.6120904368448268,3.2336365422489153,2.487286895196834,-0.3650716803880978,1.4403609785526346,1,10.476678776419964,0
2026-01-01 04:42:00,59.75751957530959,126.73522828335535,0.6644754192513224,7.827587278488133,88.65076254729084,49.66169211502924,9.7638910829977,1,cpu,2.34001522227375,-2.1028306208812406,-0.22674155605835003,2.9940031857336984,1.7918938958287383,0.17049631689227057,1.8166014022543424,0,11.44258219992239,0
2026-01-01 04:43:00,62.48003781828589,133.42429515024222,0.5915965989856361,7.559709893769607,94.64564212071538,50.53317240006896,9.360587355176222,1,cpu,2.5990333720332544,-1.0678632813803755,-0.9779697940313757,2.4006197163236065,2.055816953843741,0.7586891622030179,1.1125810950356807,0,10.972573374851052,0
2026-01-01 04:44:00,57.818568766913394,123.2927375987227,0.629243004322002,7.747482643642308,90.21862840232998,49.547455192381925,8.746697915249472,1,cpu,1.753742831126915,-2.4251377910576615,-0.5512722571136762,2.4958600207094266,1.7041910543408074,0.07520011613278546,0.09089326680976774,0,9.096297337291041,0
2026-01-01 04:45:00,63.68088672789761,133.53529937078986,0.7323342778552919,7.220273751126434,99.0460771783586,50.43466782001155,8.243718818330056,1,cpu,2.499121166102698,-0.9291344178582542,0.5529659939311246,1.6640272266779523,2.1108041561288995,0.6895824487015819,-0.7452179765497099,0,9.190853385950222,0
2026-01-01 04:46:00,60.36812031417206,121.56165725160298,0.5871403684701122,6.531535541063738,94.22635105783353,49.72636112786227,8.754148348160433,1,cpu,1.8986072616540035,-2.456900013381604,-0.9843691151893446,0.6488348439064194,1.7476621489708029,0.17890725499412038,0.07937386005526174,0,7.994654498151557,0
2026-01-01 04:47:00,62.18446500320715,125.08772942419064,0.683426714974317,7.416487519422193,98.0284566542967,49.33479068913549,9.428482610444457,1,cpu,2.0497535195723775,-1.8818611444576667,0.04046356985279203,1.8342727346500625,1.8680261335563548,-0.13140274649282266,1.1694398518859528,0,8.97521970046803,0
2026-01-01 04:48:00,57.226208575768375,127.91961973779468,0.6007242641166513,7.550797399803176,95.43762886110686,49.56266475522677,9.213513410333722,1,cpu,1.2947674498446224,-1.4526928401871915,-0.829003799449078,1.9210145174308657,1.651542349327627,0.04383393417876585,0.8319932596583405,0,8.02484815007649,0
2026-01-01 04:49:00,65.42083846945268,120.8974087401651,0.6675595929169666,7.44038573551681,97.26561597701183,47.462537036108245,8.835360410688757,1,cpu,2.2948697627264796,-2.223129842232675,-0.11850478107274588,1.6932271761730284,1.6762928838847566,-1.4318039578483408,0.16792460492275324,0,9.60575300886078,0
2026-01-01 04:50:00,62.00019062969523,130.4204583898808,0.808004458704923,7.229550860009061,95.36774592820332,52.00570964708116,9.036922830972967,1,cpu,1.751609197711715,-1.0016960149269563,1.3759533752700577,1.3632783578173464,1.514060202367633,1.7790799783681017,0.5007323246627498,0,9.28640945112456,0
2026-01-01 04:51:00,63.163097114300655,126.24233315932015,0.6592475823044267,7.834451186864525,96.9549672456928,51.48751040201003,8.199843461633863,1,cpu,1.818588973017032,-1.4626159063877282,-0.19085141932035551,2.0409367369363776,1.535897862263119,1.3931673728331007,-0.9355175358396417,0,9.377575806597354,0
2026-01-01 04:52:00,62.17041036627918,131.21437118874073,0.5607097490845825,7.347669177025749,100.0,51.32055449497214,9.31542246947744,1,cpu,1.6200651361820861,-0.8256120127361681,-1.2020616716409058,1.3746868146125404,1.6226208219335618,1.2448342676147295,0.9485224531682143,0,8.838403177888207,0
2026-01-01 04:53:00,63.22860130029817,129.40667530982432,0.7966858050633585,7.719577391678269,100.0,51.93525409233947,8.595521802394712,1,cpu,1.678283204177425,-1.0194024918328473,1.2525016185495794,1.7693076655044082,1.5588053846694696,1.6248129784715462,-0.29539030632836266,0,9.198503649533638,0
2026-01-01 04:54:00,67.9880665114532,122.60926466925048,0.6935253449237135,7.2143304217201,100.0,50.26908340868994,9.03626648785476,1,cpu,2.1412278186907687,-1.7687852385825957,0.17223709310667798,1.1095339580385932,1.4995001917261164,0.49623570255428867,0.4547300517657129,0,7.642250054464754,0
2026-01-01 04:55:00,65.16990790102241,118.28132806427888,0.7214040400962332,7.583451471262682,96.7467081722269,49.129692403773184,9.116328348560742,1,cpu,1.7242064034256401,-2.1538896070365072,0.46476959008000607,1.5105806999834452,1.29096769910493,-0.2629239100040668,0.6045419886903602,0,8.011879898324956,0
2026-01-01 04:56:00,68.46466886271091,121.87910868929237,0.5928120227714101,7.780719014719314,100.0,50.70916021282218,8.089086372353917,1,cpu,2.0109096742618044,-1.6739705068249815,-0.9354537647132224,1.6765497018748203,1.3983715249109827,0.7885659505686327,-1.1498581064381603,0,9.633679229592603,0
2026-01-01 04:57:00,66.80864537699918,128.39220545298627,0.8019023527870885,7.630550194015118,100.0,50.433994200857214,8.943705360118022,1,cpu,1.7385947211228616,-0.9164313330300714,1.2989437164034332,1.440419042584099,1.3478954480186267,0.5903498076166206,0.32124616466100187,0,7.653880233436714,0
2026-01-01 04:58:00,68.33937512369128,114.62843319284008,0.58834246149698,7.976911516396072,100.0,51.43561489549561,9.30946452049357,1,cpu,1.8283807603595275,-2.2956596950679478,-1.0298776179346287,1.7730561204440065,1.2999822950091893,1.2330426248466493,0.9239817423250862,0,10.383980855987033,0
2026-01-01 04:59:00,67.12051467854003,127.40967862314824,0.6025381332171172,7.501153954566247,100.0,51.47294830179281,9.053556032615845,1,cpu,1.6280683159264269,-0.905299498535717,-0.8632613747442284,1.1777667692188376,1.255230812482744,1.2152914466120939,0.48944821820938955,0,7.534366435729438,0
2026-01-01 05:00:00,69.47316012558363,113.84280160755128,0.78261882810957,7.865746747138679,100.0,49.94595924065408,9.110961903797891,1,cpu,1.8020576883146444,-2.2071576249390623,1.0564929764127733,1.5371707350351682,1.212312367151043,0.2036227501728993,0.5621825924135894,0,8.58099673443918,0
2026-01-01 05:01:00,74.2814385325339,123.89074972876978,0.6027935091503053,8.333470116797987,100.0,50.54358144427714,7.626957974581487,1,cpu,2.1870390119874186,-1.1419015023914132,-0.8633717241835289,1.9638211771306597,1.171260760914165,0.608345252197705,-2.1067942821403554,0,10.042533710945246,0
2026-01-01 05:02:00,70.89532252689402,123.0269937233295,0.6050892524846132,8.142477351580748,100.0,46.0731917397981,9.614095143858147,1,cpu,1.75541844795134,-1.1875088166777956,-0.8232361091036007,1.6781405359506767,1.1325109836807061,-2.2218040296921213,1.417367686758525,0,10.215986609814765,0
2026-01-01 05:03:00,71.08622281552292,115.71986471653769,0.7425934881889257,8.201773729343584,100.0,44.95394592999407,8.819842087949416,1,cpu,1.7029441530786138,-1.8392029183309317,0.6691425810569486,1.6713849068917783,1.0974944559341968,-2.6972037053462645,0.004908407776584232,0,9.682281128415319,0
2026-01-01 05:04:00,69.60741764534035,112.49991208705086,0.5857282584014768,7.693324412416102,100.0,52.31878327739891,8.370018238642103,1,cpu,1.4967061070467722,-2.0407427968293437,-1.0357448460329994,1.0909579016503792,1.0615262661255203,1.6236310293873368,-0.7941845367596003,0,9.143493483831952,0
2026-01-01 05:05:00,73.06568194795341,118.93463605132196,0.739303373514761,8.278150297197296,100.0,52.26918402826983,8.08643634290696,1,cpu,1.765131051322604,-1.3742877806198301,0.6298827515322791,1.6410822353954388,1.0277491814013158,1.5724400422730782,-1.2857435000678032,0,9.296316542612349,0
2026-01-01 05:06:00,74.24658041050932,121.11751769171192,0.8287819247939338,8.480925197765568,100.0,48.8612686028294,8.501618417098483,1,cpu,1.808218853972812,-1.1343490438470232,1.5632549503559112,1.7719801161099715,0.9960808555560837,-0.42349976686817253,-0.5299099043693057,0,8.22729349107928,0
2026-01-01 05:07:00,68.60808112907216,111.75680586851726,0.7286986036260268,7.616355185319128,100.0,50.69781965621316,9.23343994753728,1,cpu,1.2175271872901132,-1.9279823068768775,0.4730732782420821,0.8554909269846581,0.96341867478331,0.6356642527209767,0.7627165968661375,0,6.835873223764155,0
2026-01-01 05:08:00,69.73544754957223,119.76062128633436,0.7727439053304233,8.219909897721775,100.0,48.782483118296575,9.736399430561969,1,cpu,1.284977950898416,-1.1471141200706039,0.9529955380242983,1.421303595768551,0.9333844804170539,-0.4910106858334067,1.7270735758524243,0,7.957859946864755,0
2026-01-01 05:09:00,77.18328443988474,118.32144898016686,0.6783858324491383,7.983651929694545,100.0,49.56028019488787,8.369619400807546,1,cpu,1.9195698283751688,-1.237211324151981,-0.06776824453089163,1.1436780474829624,0.9036703479495231,-0.0008252616005263115,-0.7991538872460716,0,6.071876941337125,0
2026-01-01 05:10:00,74.31491635896204,110.30749522070896,0.8209178244428742,7.939016216640907,100.0,50.69920162392673,8.860002396508374,1,cpu,1.5847374769865357,-1.8869091387573071,1.4266727294811927,1.0620659551188159,0.8750339386105226,0.6774013792055069,0.10581399983133874,0,7.618634617991219,0
2026-01-01 05:11:00,74.20467309152241,106.77352027122018,0.7126856431519546,8.103518406752691,100.0,51.490579673389504,9.535079545208609,1,cpu,1.5156655168483866,-2.088757495475592,0.2824826877533272,1.188379540566951,0.8468129284300683,1.1204207816263119,1.3315664351705332,0,8.374085385871169,0
2026-01-01 05:12:00,75.55511970603797,115.49816313742494,0.5905047059643338,7.63167334759982,100.0,50.72554579427818,9.508774267972727,1,cpu,1.5811464002402231,-1.2755280653168715,-1.0174728603948175,0.6847676091645838,0.819934404712672,0.6591863677293758,1.2702791424928552,0,7.308314850051399,0
2026-01-01 05:13:00,46.931597854766025,138.56935728355202,0.8163889116040868,6.555112074284778,52.9609325237029,47.59259146834819,9.41536625494436,0,none,-1.0985450264502181,0.7573475286238283,1.3736436491968311,-0.4617290307831963,-1.5916954714629172,-1.235122701227111,1.0784838972632356,0,7.596567305007338,0
2026-01-01 05:14:00,46.3506965092664,133.03032798342372,0.7470621061919989,6.803819125659322,48.49222710945067,50.940483276002944,9.236836756503951,0,none,-1.1538827225015897,0.27366086807885415,0.6161924458201429,-0.21614076360285342,-1.8063326118290646,0.7622621534582902,0.7303659008478455,0,5.55883746613864,0
2026-01-01 05:15:00,44.31364947147106,135.8126236965399,0.8084183799482676,6.291133750914388,59.527140717895406,51.38616946320798,8.221927531896066,0,none,-1.3414115606616341,0.526659592554075,1.2608647884051274,-0.7781424320521755,-1.2621889377752626,1.016597788001974,-1.079098577951648,0,7.264963677401896,0
2026-01-01 05:16:00,48.89768112131217,150.84092911834833,0.531165167741318,5.455554540935125,58.72362980312023,50.17443922469001,9.03758473158955,0,none,-0.9305833656322906,1.795088295496581,-1.6826598967652613,-1.6710332475608645,-1.3002550145133391,0.24772155646136837,0.3674246604069852,0,7.9947660368366895,0
2026-01-01 05:17:00,44.80587697439787,143.39259611549937,0.6438317603004176,5.473379160712684,49.809034331923,50.41314471884165,9.306940081295952,0,none,-1.3105497698534267,1.1817536308585062,-0.49101726455797523,-1.6116499669751791,-1.7315607235842057,0.3729710473585032,0.8222472547943217,0,7.521749657982118,0
2026-01-01 05:18:00,43.04113875033492,142.8065679437855,0.7906453607172725,6.115645934444907,51.90676481038053,50.90306542921774,7.940525582197124,0,none,-1.482665694252345,1.1151494677445013,1.0300523076261798,-0.9521045540479891,-1.6138316822548902,0.6667730156627616,-1.729493003697338,0,8.590069725286005,0
2026-01-01 05:19:00,43.68634995934358,136.25993284398425,0.6079832746381537,6.109607409005094,53.499849920971165,50.893944838293926,8.511168871572577,0,none,-1.421460544495101,0.5689633880337858,-0.8975190890673661,-1.0400826837594543,-1.5332274262189924,0.6655884575001408,-0.6636896866512833,0,6.790531275726123,0
2026-01-01 05:20:00,44.54549301174,140.10916667653478,0.5946159594373931,6.009088325152703,59.49666447570871,48.39323403043857,8.921351847435478,0,none,-1.3359323723246581,0.9011567952764433,-1.0127521034273905,-1.178901708858187,-1.2302594860345852,-0.9703046012650268,0.11701089986603588,0,6.746317967052327,0
2026-01-01 05:21:00,44.06100076781873,145.66520480976376,0.6202542676939671,5.590567942532416,55.76798918796636,49.58406493928071,8.452359468932894,0,none,-1.3853159510473014,1.4274734305691734,-0.7091838362013092,-1.6134722968944846,-1.4287889661864968,-0.19430813699898358,-0.7443064188886427,0,7.502849036786392,0
2026-01-01 05:22:00,44.45298260682284,135.48827643140064,0.748385567196109,5.470845544776135,53.24275633538958,49.84107833160349,7.280737337431671,0,none,-1.3445537087773318,0.5597477938437784,0.688623746462338,-1.7149074549464414,-1.5475758086582037,-0.03309603824155545,-2.807385897946261,0,8.69589044887591,0
2026-01-01 05:23:00,45.46838688244307,137.07768283780902,0.6993974993292458,5.857883685178463,57.58423266940607,51.281536404253856,8.691949182441125,0,none,-1.2628214708226477,0.7217943221939676,0.12227542857506137,-1.291230372808019,-1.3275077569574312,0.9047993327046007,-0.28806055095878297,0,5.91848923502051,0
2026-01-01 05:24:00,38.27827336218591,138.14127071213832,0.7030557510906336,6.506896186694276,53.94052801585885,48.54285579436871,8.478709681546576,0,none,-1.914373468044552,0.8621614185692597,0.1464695934861972,-0.595873345807505,-1.511800064392722,-0.8922642577009668,-0.6557257552317015,0,6.578667903232905,0
2026-01-01 05:25:00,43.29713237540049,137.4425083942404,0.4721705683318716,5.475728758400509,55.53295709501038,51.01801630829597,9.370850538125095,0,none,-1.4355449985792923,0.7894938134091035,-2.3634012352996145,-1.7211094485898508,-1.4446355062553553,0.7053617570720523,0.9617584140930622,0,9.42130517329833,0
2026-01-01 05:26:00,46.76338770811462,142.8010129832205,0.6785576049171707,5.888139441911922,54.29615202100919,50.6669174615897,8.738259298676518,0,none,-1.1166634580355117,1.296764881969165,-0.1363465939661888,-1.2730782696689005,-1.508021812388908,0.45789808100383733,-0.19349108675707224,0,5.982264183789584,0
2026-01-01 05:27:00,45.99664493798444,136.19878686058598,0.7414789290670221,5.867618242672016,54.3500829221971,49.42829710799412,8.738254989201566,0,none,-1.1870531047907718,0.6963585477364527,0.5564666813294923,-1.3080695047268749,-1.510485609767082,-0.35897773433377056,-0.21711207721189887,0,5.8345232598963435,0
2026-01-01 05:28:00,43.51704272856124,140.7898824365835,0.6748799520207077,6.170343738541526,52.28717456131075,48.8572284954457,8.88710313135864,0,none,-1.41753813116275,1.1563632521639942,-0.20128403787638152,-0.970231744851799,-1.6322350511612702,-0.7290784247417021,0.04934102753479276,0,6.1560716694926905,0
2026-01-01 05:29:00,43.63681693645101,141.3609380936185,0.7258155314522143,5.625769779717303,52.32742373931556,50.443562091852506,9.167073417774438,0,none,-1.4018156778605624,1.2053512144014196,0.36083901289552794,-1.5782165312670327,-1.630824809755306,0.3137299363481295,0.5754058527423486,0,7.066183035270327,0
2026-01-01 05:30:00,47.17405264336002,141.37635518059986,0.7192210274914664,5.875319956405797,47.4132049328013,51.34135822246338,8.883439858279484,0,none,-1.0499722503710511,1.1914819979771947,0.29650923946815755,-1.266801158717482,-1.802639427698122,0.8848972909283763,0.04873158320557098,0,6.541032948365955,0
2026-01-01 05:31:00,44.40460398456031,141.0656531246965,0.6618128827117595,6.180677651908897,57.03049248827996,51.188161384976496,9.199500916349784,0,none,-1.272145333427543,1.1373297205930277,-0.3347509364615434,-0.911155688651701,-1.2786863936492476,0.7546434122103385,0.6700238424500984,0,6.3587353274435,0
2026-01-01 05:32:00,43.84641634572066,132.98718739801404,0.640082606396763,6.654154126000417,56.21526465655046,51.529739899102005,8.836272027938945,0,none,-1.294505402846106,0.351014252921089,-0.6137587895437153,-0.4197943937236391,-1.2763662041998183,1.0338742495970552,-0.02383372897776199,0,5.013147021809185,0
2026-01-01 05:33:00,48.62478452053329,133.4266984569432,0.6583585302524215,6.365478524658943,57.09410810222748,48.152328267114086,9.09510341297803,0,none,-0.8505060203660193,0.4071285073649838,-0.4111511405398963,-0.7308574127813926,-1.193263075219206,-1.3733893290537302,0.45961748529254765,0,5.425912970617775,0
2026-01-01 05:34:00,44.1799039426132,130.9429272262795,0.8118177334096768,5.625618586295488,50.33331420163713,50.14100543219863,7.516917513599419,0,none,-1.2119304176287389,0.15491837521293067,1.3434971877091755,-1.5123941126770222,-1.4609173438152052,0.036241246263719454,-2.405460798926449,0,8.12535948223324,0
2026-01-01 05:35:00,46.29419786013919,140.80672702851075,0.7661643070081174,5.046257181711471,61.87871256099081,49.92518074985888,8.188208311181377,0,none,-1.005525779763729,1.094814352522855,0.8425998241766125,-2.0421243524003816,-0.8939895002240312,-0.10811632476361674,-1.148472020394795,0,7.135642154246021,0
2026-01-01 05:36:00,44.84018309798648,142.72364006550342,0.7442978672909984,5.836591187985826,56.63583850416092,52.3954646539569,8.87993800024844,0,none,-1.1021385090125448,1.250623956051958,0.5950919875047137,-1.1720644329253247,-1.1029622790757592,1.5929589801169692,0.07859311189328078,0,6.89443325658055,0
2026-01-01 05:37:00,45.03867977779047,142.3666550257222,0.603587877366469,6.737285841123147,55.10543030242902,48.97182207367421,8.85650326711343,0,none,-1.0579077246224413,1.1997851042041427,-1.0213271274189701,-0.23991956027009567,-1.1360061104160555,-0.797232675909781,0.017267003765059304,0,5.469445306606545,0
2026-01-01 05:38:00,43.04800136751326,147.5994384633819,0.6260222470925723,5.963006781437947,55.9020202674278,52.99322980131532,8.668608874947688,0,none,-1.190917690781018,1.6374927901761882,-0.7323186413412506,-1.0367671681238642,-1.0648623929431174,1.9219623084462087,-0.33687864587032407,0,7.921199637681971,0
2026-01-01 05:39:00,43.29358675796454,138.70924515537055,0.6962646877972581,5.4541622031451045,58.59870212861868,47.874763672946834,8.8213009691041,0,none,-1.137913665837967,0.7930000382284635,0.1258407012768981,-1.5107965219847488,-0.9122613855642009,-1.4846120305063106,-0.04204057708123995,0,6.006464920479829,0
2026-01-01 05:40:00,47.46858093949973,145.39533531197245,0.6405281761048921,6.289282317581734,53.8308896340338,49.07656382885181,9.249724166548198,0,none,-0.7666546432696112,1.3601995879456985,-0.5345177286313116,-0.6362220723705776,-1.092056382294414,-0.6793911439893263,0.7588918386080639,0,5.827933397109003,0
2026-01-01 05:41:00,42.67928826473616,140.86199550463243,0.5740286564773707,6.509832664747874,49.1711061900295,48.99461470965215,8.600592615231013,0,none,-1.1374742259455881,0.9595520678383717,-1.2905821412842617,-0.3911244587722816,-1.2575791160021375,-0.7356127179709799,-0.42590879884359334,0,6.197833526657215,0
2026-01-01 05:42:00,45.5161869065294,144.28526654624778,0.6106558747831764,6.367523693589345,52.41908441749168,49.99233289562646,8.802491860953564,0,none,-0.8774971626595293,1.2335284258440649,-0.8371874229872619,-0.5154312984429701,-1.0761026352523673,-0.0786366951513853,-0.016061958199999497,0,4.634445598537579,0
2026-01-01 05:43:00,42.5767353849105,136.4084497239881,0.6490304794041366,5.916470818071651,61.43159074894884,50.607696449308925,9.583157512817293,0,none,-1.0836462276033771,0.50938340919925,-0.3957458879636594,-0.9504685550103208,-0.6508848357591167,0.32822654354760933,1.4739383411547715,0,5.392293800238105,0
2026-01-01 05:44:00,44.48867695843379,139.5481949396327,0.7065965230056385,7.002072490248894,54.12380145028808,50.28335234163266,9.636538008511124,0,none,-0.9030818434098031,0.769871794050958,0.2797188203037032,0.18288225361547641,-0.9464006635146273,0.10534687064562107,1.5170684710132751,0,4.7043707165534645,0
2026-01-01 05:45:00,44.898820008851,135.85312190474605,0.7133051725131376,5.802955827813012,56.24322524406415,51.0597360432724,8.092795212463406,0,none,-0.8423358657421659,0.42964185831087265,0.36485929404706496,-1.0298841566343526,-0.8234736558253023,0.611591435616478,-1.3713710967986172,0,5.473157362974853,0
2026-01-01 05:46:00,41.717328182478845,134.42601631061788,0.6087841686025539,5.669201968736041,52.89437567106789,50.62182574743383,9.425254189163304,0,none,-1.065665308394883,0.28210557203220793,-0.9024882981780382,-1.1406717137870568,-0.9412110347893438,0.31205841012865926,1.0861258432021028,0,5.730326180512292,0
2026-01-01 05:47:00,47.2496226326624,129.1662626086536,0.7408704038876992,5.784473203146333,54.446197234479634,49.60992200209759,8.96287039218926,0,none,-0.6015019520836501,-0.20545301360428428,0.6813591653693375,-0.9904722181509995,-0.8428332549598773,-0.36052193155009427,0.24772835322878642,0,3.92986988894703,0
2026-01-01 05:48:00,44.61527032139156,144.88279273389884,0.5462910204091038,6.086735248699367,57.00913869831629,48.08028705484211,10.011019676956034,0,none,-0.791978674108264,1.1950406907307205,-1.6286687177135217,-0.6602554136075056,-0.702418837543092,-1.3376129558652725,2.1050448353823614,0,8.421020124950736,0
2026-01-01 05:49:00,47.41508028787019,141.75633739478926,0.7244424877582099,6.337666543209652,52.04922211102446,48.783502124923096,9.36810292362624,0,none,-0.5466643583666864,0.881703041780724,0.47512708234717915,-0.38776143299537597,-0.8948898090601934,-0.9107115852261478,0.922970409254119,0,5.019827719030426,0
2026-01-01 05:50:00,43.1195455797924,154.29739716192574,0.7103320123748432,6.062002063892328,51.25013057639523,48.639727502131294,9.503941584331326,0,none,-0.8630489045220727,1.9197747364803561,0.33303260561271864,-0.648134879797945,-0.900239630359225,-0.9739802540332997,1.14024878316737,0,6.778459793972987,0
2026-01-01 05:51:00,46.81408777901503,140.32807708766788,0.6868366434586378,6.264304446666544,57.28267508980995,47.81073500787405,7.777904888005181,0,none,-0.5472382161813814,0.6715037352844325,0.04388842872075068,-0.4197386623010563,-0.6025607468946605,-1.470604578670282,-1.8685381614639172,0,5.62407252951648,0
2026-01-01 05:52:00,49.66086552793854,141.9665816580424,0.6324147122868373,5.411088917054796,50.65475066999838,51.86847978611989,9.115930670350284,0,none,-0.3035712720970715,0.7952264557006669,-0.6378907331689156,-1.2521674449630324,-0.8756735430865485,1.199398979459092,0.46413340481462356,0,5.528061833289951,0
2026-01-01 05:53:00,45.42723379680956,134.90472525405937,0.6687670575991256,5.69178651253557,53.21646369057756,48.79461013318247,9.210129815319275,0,none,-0.6210935580292228,0.171299504102109,-0.16838861200478367,-0.934501683537065,-0.7307899832896422,-0.7927463106754363,0.6096494297505024,0,4.028469081388762,0
2026-01-01 05:54:00,43.701579607486295,145.56215754330972,0.6986280758599099,4.829522102987911,54.31983110120471,49.98956902799913,9.101269135950606,0,none,-0.7331198629620207,1.0650726496398895,0.20299203886663209,-1.734157193615548,-0.6533946221886213,0.0020353214528113185,0.4178785636177812,0,4.808650252343304,0
2026-01-01 05:55:00,45.95443744813318,136.79504681147282,0.7162075626282527,5.222894041277792,55.41901711374771,51.49496445898723,9.01623546107258,0,none,-0.5277578362194174,0.279159169658153,0.42352560895809094,-1.2947604501200902,-0.57629570458034,0.9683638273219752,0.27307801067000004,0,4.3429406075280665,0
2026-01-01 05:56:00,45.27975049489808,150.56706797641095,0.6697433148988025,5.404260306732638,58.63970670304555,50.57271445036921,9.215866930802676,0,none,-0.5581327628686208,1.4400840088425297,-0.17407362512896352,-1.0790560542184346,-0.3965794485099088,0.3621593546769578,0.5956877540892942,0,4.605773008334709,0
2026-01-01 05:57:00,44.57893189263157,152.2329411004547,0.650551275169428,6.2184047034892425,50.04209885292393,50.95086194630248,9.988679967723323,0,none,-0.591325082093184,1.5230618020713775,-0.39136508048790813,-0.24734205149694619,-0.7908682999117475,0.6043700804474076,1.8698077844022523,0,6.018140180910823,0
2026-01-01 05:58:00,44.75851075027104,130.3813990719781,0.5636818802785862,6.519766104174364,53.79063280007622,48.42249004726586,10.074324262291286,0,none,-0.5513838604894511,-0.3865792518200704,-1.4910048603794177,0.0821825575850838,-0.5785581974904422,-1.0242979886348063,1.9373060878147292,0,6.051312804214001,0
2026-01-01 05:59:00,43.84222944396558,136.52865832557504,0.7054853243364406,6.559369503162019,55.23026390825557,48.87322145864872,8.398191033592994,0,none,-0.603712666202949,0.14187538996629998,0.29759067988724797,0.14042742529829821,-0.47941301661755265,-0.702650619849041,-0.8252420039688577,0,3.1909118017902465,0
2026-01-01 06:00:00,45.84773518658333,133.50731374050056,0.7963851336395824,5.971939922342783,58.55842545927261,52.59709866952517,9.255565151927518,0,none,-0.4063451031742583,-0.15887028986546423,1.4568504502578632,-0.4445034921788643,-0.2773274896911953,1.6814367813357665,0.5866491609850868,0,5.011982767488499,0
2026-01-01 06:01:00,44.22521828230919,135.95884324870534,0.7954205325763894,5.860466220611136,53.93886551583784,49.3302244311933,8.634167362598552,0,none,-0.5233821888639768,0.04660946219014807,1.3923312449613001,-0.5373161111323721,-0.5008922331405449,-0.40666384446684556,-0.4838916984390515,0,3.891086783194239,0
2026-01-01 06:02:00,43.28578774166208,133.7428514708927,0.7502334837384822,6.102327673466009,55.32135375641082,49.799918083689406,9.21297083346948,0,none,-0.5837121953381939,-0.17555696269843937,0.790765571863134,-0.24341582160234235,-0.396749615823433,-0.15304585900018092,0.52407282077817,0,2.8673188471038937,0
2026-01-01 06:03:00,46.62955688082127,141.92406418101223,0.7545861405535976,5.940852133765998,59.40705130378614,51.424578907547584,9.55685535434999,0,none,-0.24126296092528404,0.5599729752344355,0.842017957718866,-0.39903554590911294,-0.12687657418092696,0.9781929228107231,1.08672266924346,0,4.234081606022809,0
2026-01-01 06:04:00,44.66646415321721,146.553010593034,0.7425083237654416,6.506984840267415,58.31036219696252,51.662113642513525,9.173110599538926,0,none,-0.4047685121779901,0.9844036356777538,0.6624802249899434,0.2980838797087805,-0.15862750727070984,1.1804463173269235,0.40917549075251136,0,4.0979855679046135,0
2026-01-01 06:05:00,50.28773222928678,140.68619727679177,0.7806541849173037,5.101894983559064,56.81463555613849,51.25946728661483,9.300395194426724,0,none,0.20805314484570328,0.3758072508422674,1.1352468888475213,-1.383222169253572,-0.21964512558140442,0.8998468543575006,0.6030522861337351,0,4.824873719861705,0
2026-01-01 06:06:00,44.4967768090651,147.09820098396804,0.7398593864716441,5.908153765053879,54.34380897958763,48.38314345954723,8.95411341572417,0,none,-0.3774013561550769,0.9992319250895776,0.6486234669090835,-0.34496791159395346,-0.3563580877823533,-1.3259945377437352,-0.01647358560425115,0,4.069050870878031,0
2026-01-01 06:07:00,43.55949409558469,142.56820514403887,0.6406669448543865,5.745190162020683,52.11746521429444,49.86776864612853,10.115695099363624,0,none,-0.45797556519353627,0.5087510952622444,-0.6272594128177904,-0.5394400439454206,-0.4947097973378349,-0.16684690130269964,1.9401219750573067,0,4.735104790916833,0
2026-01-01 06:08:00,43.89339067301192,145.63237046874298,0.7334055797546248,5.987700055385504,55.47384788403019,46.918622993366455,8.768781925730826,0,none,-0.3910773881937055,0.8226373857811106,0.5957126035329507,-0.16244627261631814,-0.1969845687429925,-2.3322352518701264,-0.33416534237530965,0,4.835258813112514,0
2026-01-01 06:09:00,45.73253685417876,147.84038948320224,0.7978080981247526,6.28006030204629,58.92220811484493,52.39974657521143,8.820906885151372,0,none,-0.10581523416222013,1.0554448710459319,1.3924251669147443,0.34481771446600795,0.17417203182747712,1.672410678662358,-0.25925047552942904,0,5.004336172608168,0
2026-01-01 06:10:00,43.59341115819228,136.0536692946093,0.5810711573583666,6.054380321045262,54.794405128885344,49.27647317858485,8.991218502289637,0,none,-0.4074713199857873,-0.4243009488021981,-1.3692704417947024,0.03274770525341533,-0.17860274910460225,-0.5802299819082855,0.03394797076951165,0,3.0265711176185026,0
2026-01-01 06:11:00,42.45900250472964,148.6794239072691,0.6762496532944778,5.781197924615,52.62918531959623,49.866503008242645,9.296490593433806,0,none,-0.6671109472441106,1.3485838000077193,-0.12035640134422712,-0.43394345145751373,-0.4436594316600382,-0.13336775953593566,0.5765758171141682,0,3.723597608363713,0
2026-01-01 06:12:00,48.26129385402014,135.8342501468415,0.7384511084185276,6.019406060123647,55.5493757954848,50.03536112020408,8.774575963659686,0,none,1.6241102444324802,-0.8019571642337904,0.6656448546457909,0.10944403706125491,0.2303781482829996,-0.0012266776752953156,-0.31963964960916297,0,3.752400775940774,0
2026-01-01 06:13:00,42.499606610147,135.45395986394715,0.7418419538566526,6.2317855472153765,52.26934957445509,51.36683726938804,8.542149174532565,0,none,-1.168168793560857,-0.8557657908940732,0.7417935221150787,0.6014398878869998,-0.8093465538474456,0.9496657416813935,-0.7054571643211781,0,5.8316374543070255,0
2026-01-01 06:14:00,48.00397651626871,144.46037512370262,0.7372727636112939,5.562978013146867,60.96977698257516,50.3761504857044,8.515231970862773,0,none,1.4920210208670193,0.7140675136670105,0.6836686976327835,-0.8808082748189944,1.8982268775602913,0.2147509210287395,-0.7301499791454804,0,6.613693284720318,0
2026-01-01 06:15:00,45.25534967362253,135.72301942235643,0.6926135604525656,4.833846940545244,51.69144626570029,50.74920142775321,9.513515457727465,0,none,0.1582526029328042,-0.8498662438473156,0.11054293966043068,-2.395348599615079,-1.030915064144569,0.5062658409400911,0.9985351023606661,0,6.049726393500956,0
2026-01-01 06:16:00,42.84535471047116,134.9072293589748,0.6691153514679112,6.020963620918811,53.2906345768164,49.29218101998799,8.253349210309748,0,none,-0.9800965933656762,-0.9698851028567739,-0.25529463403969815,0.20388031538985102,-0.49220473165501283,-0.5830488006418447,-1.1983491412669718,0,4.682759319215828,0
2026-01-01 06:17:00,48.29838811688169,144.19281046302157,0.7869186781082687,5.3145096686448925,54.47180689157325,48.97098028554824,8.49211964875075,0,none,1.6485343030871094,0.7263911593183319,1.3827476382568906,-1.3524619279160333,-0.13593563906674033,-0.8031589810048982,-0.7552883195548076,0,6.804517968204811,0
2026-01-01 06:18:00,44.55455946362285,138.8127753547934,0.732094724339377,7.36493646165706,57.03285588894175,47.938617350536,9.080332157808677,0,none,-0.17284986015428244,-0.2451061053965166,0.6292732006496546,2.900014271793439,0.6922645797862735,-1.515514221176875,0.24679793861684896,0,6.4018201775738905,0
2026-01-01 06:19:00,42.94197372506541,137.2922187337375,0.7422419090438801,6.022239186291786,61.79358831127475,50.46446339302162,9.961129899206329,0,none,-0.9463074170199178,-0.5276103599443116,0.7479973069933187,0.15600022902889601,2.1529422240272416,0.3551755840585784,1.7459526912153243,0,6.6319858122875885,0
2026-01-01 06:20:00,45.083252844707154,136.36131847474144,0.6228306784596458,5.724846161193392,56.258963552696535,48.450411198392445,8.836538729528087,0,none,0.08546231669905645,-0.6841012820425958,-0.994830407315845,-0.4425199599595353,0.3956092102291128,-1.1372205251586591,-0.22655841238344016,0,3.9663021137882444,0
2026-01-01 06:21:00,47.52045307126737,135.47744677874766,0.7728961061632417,6.49672091648004,50.587924136169846,48.05104542210316,9.976709299720532,0,none,1.2227778409770305,-0.8171205158321947,1.1547588504396593,1.0978983100252848,-1.4069158939271937,-1.391404652664691,1.6988437212190075,0,8.789719785085062,0
2026-01-01 06:22:00,46.30993911402793,141.30869470562473,0.7631693610289488,6.437906941730273,58.57390387712245,49.386391674935616,8.802906491309582,0,none,0.6270874946406875,0.234826433573642,1.0062830703562835,0.9462849843922039,1.1231893962033386,-0.41199817716662473,-0.3984245519587453,0,4.748094108291526,0
2026-01-01 06:23:00,46.5895960700076,139.3718385328084,0.5981100646386378,5.737451395994197,54.3684425599957,49.62636296816319,10.07453706305979,0,none,0.7482613542640012,-0.12930773888167196,-1.3425895902756135,-0.47322894683491973,-0.20191589610968722,-0.21893728637674365,1.8783724909818533,0,4.99261330372449,0
2026-01-01 06:24:00,48.44019634059321,136.98488737840083,0.6286970577029724,5.873829195274973,59.84339302788971,49.05498797908921,8.66072368129541,0,none,1.663111832126139,-0.5655579415867741,-0.8822724490623803,-0.1766728180725965,1.4937271492004434,-0.647728521181798,-0.6960129253869671,0,6.125083636617099,0
2026-01-01 06:25:00,45.35483219683714,150.75696023448918,0.6602555052411638,6.330101421033865,56.299159900188485,47.60057598163576,7.966674964053679,0,none,0.07063308360895619,1.8765141607722513,-0.52324962777137,0.7327726837034906,0.37400533809613473,-1.6475895539565395,-1.8661453575766305,0,7.0909098054853725,0
2026-01-01 06:26:00,45.67127776678014,143.47923226905874,0.667637548601404,5.487775683937863,57.07966052075058,50.106746671350265,9.281393454535817,0,none,0.24410588712688286,0.5710375554022229,-0.405636546421994,-0.9798841613714916,0.6032166225759524,0.17394560024147865,0.4493593261920241,0,3.427185699332046,0
2026-01-01 06:27:00,44.46138738093473,133.88854233978424,0.750658507925343,4.841951067523371,53.25842439709366,50.59584124739788,9.101745419076764,0,none,-0.3686696654838516,-1.1298209742671714,0.8758711435126764,-2.1708994738714718,-0.5877727691665631,0.5140863385345016,0.1201763711695206,0,5.767296736005757,0
2026-01-01 06:28:00,41.99743915330859,141.77913764548654,0.8691242658736605,5.782583735874546,56.45498882004394,49.249767927202015,8.5654342563492,0,none,-1.6042159234488367,0.2690442115032927,2.5101912594857776,-0.3163192821946062,0.3925065834953003,-0.46764012309152775,-0.8194644361154543,0,6.379381819334795,0
2026-01-01 06:29:00,44.61099255143363,136.78107340816752,0.7851639045028637,5.533771968557877,57.07724433777266,51.0374579150904,9.139682017931923,0,none,-0.28316688178591465,-0.6032333592425958,1.2542644950708002,-0.7992148088026221,0.5657823180041512,0.820991521382242,0.196966768859908,0,4.523620153148234,0
2026-01-01 06:30:00,48.12701837819222,137.63386549761697,0.6194234888154843,5.701960135327632,53.68500869564736,49.178144462218285,8.630125420114638,0,none,1.4911708090116194,-0.44060887030108187,-1.1017043773814847,-0.46385931286175897,-0.5685056663187852,-0.5020893597909165,-0.6943979935141172,0,5.262336389179764,0
2026-01-01 06:31:00,41.42371646111093,149.83867159938055,0.6682089764145686,5.533037745933861,56.51354884342275,49.39035189353908,8.353931063608808,0,none,-1.8240544261076832,1.6520341412049921,-0.40663414136977644,-0.7700830820199313,0.37759214617154124,-0.32789029410377085,-1.1441754146488103,0,6.502463645626505,0
2026-01-01 06:32:00,47.56624312859159,146.83286935370208,0.6386330659717472,6.060505146895083,54.30209550478859,49.86055496957188,9.018946932410364,0,none,1.1581494747210699,1.0968160270063374,-0.8288236952291114,0.2802874812240759,-0.34967592793382163,0.03825044460006305,0.010273913207899934,0,3.7622769639223796,0
2026-01-01 06:33:00,45.39372148303852,141.80653898241482,0.6499304074511959,6.443154367406622,58.07417892374222,49.282242404091335,9.612464530013105,0,none,0.12735996246126086,0.2043603791225002,-0.6645509725747021,1.032394263737848,0.8995787700174056,-0.4109255425116192,1.021962844270931,0,4.361132734696267,0
2026-01-01 06:34:00,43.04165958417172,145.92551237216006,0.6410911602512012,5.666485408090334,57.9702578263563,49.10365832158952,8.7765408356689,0,none,-1.032022243603069,0.8999176198855598,-0.7643742021250369,-0.5024890535147258,0.8382169081177666,-0.5313330550116142,-0.4888585814997328,0,5.057211663757505,0
2026-01-01 06:35:00,44.985457862359695,133.06324888392882,0.6678868460498448,5.506822010069638,61.393354525011176,48.08103563811613,9.261177569950105,0,none,-0.05619329726599025,-1.3545139260115622,-0.3538547638311715,-0.8500197507184778,2.0113053598048016,-1.259241667453996,0.37613281748250965,0,6.261261582568509,0
2026-01-01 06:36:00,48.39874851573605,144.0000775059754,0.6528214023026397,5.9133271137550185,53.85534569295012,49.23868263312762,9.08817064956182,0,none,1.5791807734544998,0.564827222071016,-0.5538522156481506,-0.0332175827064369,-0.53868814145097,-0.3740788131608304,0.04530428825671021,0,3.689149036748614,0
2026-01-01 06:37:00,43.6911882052533,144.394801858972,0.6941761520110148,6.062708455018592,55.82951805424898,51.053856811300825,9.389886111580608,0,none,-0.7005804460489943,0.6265013129715097,0.03256636488629873,0.2972939968873809,0.12854019355455154,0.9834621256784944,0.5938148619243253,0,3.362759301951555,0
2026-01-01 06:38:00,46.40975724500954,136.82044268682066,0.6878080682776291,5.100220905373754,47.114666489123465,49.57655980151341,8.295204368117211,0,none,0.5947019609375185,-0.6742499594734688,-0.07844241287576596,-1.6202529092248632,-2.6162186142473494,-0.10339086340643701,-1.4268257120305936,0,7.114082432195996,0
2026-01-01 06:39:00,47.08247868569772,132.04125654376833,0.8628866761240171,6.19509810753829,49.847811162912,49.113745589851774,9.111018138933298,0,none,0.8926661893727861,-1.4719236892127738,2.3868632392157125,0.5638855738851505,-1.6712704598592871,-0.5006344021641147,0.07316650471192347,0,7.5604100584217475,0
2026-01-01 06:40:00,43.01590891763787,143.43093252756074,0.7018748931771743,6.483121914641919,58.3670507589698,50.2966540105123,9.357422401621118,0,none,-1.0572362378894367,0.5114117431042634,0.07256537784744588,1.1332499282452408,0.9788840531587188,0.450684455381551,0.5255795515390532,0,4.72961134716571,0
2026-01-01 06:41:00,46.06593244447512,141.91351982543966,0.8012158197451302,6.108622060096169,50.01751479872747,48.8677308874313,9.967389626465794,0,none,0.40987481797407255,0.2439976777673462,1.457809346273167,0.3976867563384028,-1.6480054649934053,-0.7164342442390986,1.5869772580453783,0,6.460785565630871,0
2026-01-01 06:42:00,45.860996649792895,140.05678780743844,0.9026047820573936,5.143427443610952,52.15431106368784,47.86890069323962,8.558792213458778,0,none,0.3055596884080167,-0.06716393863901482,2.709563371337536,-1.5048078088768737,-0.9721974576989973,-1.4761709353372579,-0.965804760534791,0,8.001267960832488,0
2026-01-01 06:43:00,43.83232515094305,140.8464183780425,0.6051052963964962,5.912668459651128,52.23450223777165,50.97693139874468,9.915047900867169,0,none,-0.7143381658971996,0.058112170784518476,-1.354726782630765,0.04029257634128685,-0.9227645210549701,1.0084129552592702,1.463040886936286,0,5.561688058904297,0
2026-01-01 06:44:00,46.14031162185213,141.0497508144128,0.747127198873965,6.365005637278375,55.02969299178727,48.68541553459401,8.08325407923706,0,none,0.4240007649522453,0.08941207078653739,0.5655418961284073,1.0056173556311305,-0.024772122343216806,-0.7980928542069479,-1.7363902033080687,0,4.643827267356554,0
2026-01-01 06:45:00,44.03742763453992,145.1341840816652,0.6919068066895467,6.361983102463934,58.482750637511735,52.13310056711095,8.487738980287276,0,none,-0.6165346598387026,0.7794781167748742,-0.17833256056184824,0.9721396694685802,1.0700279407136672,1.8909150759608517,-1.0546239149896786,0,6.562051938308203,0
2026-01-01 06:46:00,43.5941989388111,148.01557322822708,0.7705743953057924,5.555871110624844,57.72904721962295,49.23119691642109,10.072479384792013,0,none,-0.8709361622782269,1.2420090084916193,0.8588622830452005,-0.6873461791682433,0.8018179922185878,-0.3530212601619571,1.716809128807827,0,6.530802014171662,0
2026-01-01 06:47:00,42.26860940779256,138.3582429037377,0.551261795417345,5.7085070959652,56.61650108655066,50.16788037199604,8.481727554309408,0,none,-1.4861678046415332,-0.49290186183249274,-2.02464955463557,-0.3699090918965022,0.43363043035098225,0.37146547646038147,-1.036923349281218,0,6.215647569098679,0
2026-01-01 06:48:00,45.49780479567415,147.13493240160173,0.6360220282918468,6.226181489857316,57.65512403923972,47.742424306900375,9.113155186346772,0,none,0.13001064288919598,1.0861864909212509,-0.9545747099563662,0.6894160628932297,0.7605417646887632,-1.508534621486965,0.08334718040897895,0,5.21261147324475,0
2026-01-01 06:49:00,43.85700884587433,138.38687539085356,0.6989028502720253,6.148687853691913,58.48386225128894,51.12568635160668,8.695575536860458,0,none,-0.6699922923777865,-0.48045971967065554,-0.0921976532972333,0.5393282927520313,0.9913568644238289,1.0800907238668092,-0.6353021125001157,0,4.488727658888461,0
2026-01-01 06:50:00,43.58584754750902,137.0859032069951,0.5587576092617936,5.526911424072205,53.88452520861106,47.99212737936295,8.771689458210654,0,none,-0.8142696378973812,-0.6951547723122163,-1.9053486264517778,-0.7228588025991959,-0.49736153198952165,-1.3167929449132132,-0.4807983273446203,0,6.4325846435079255,0
2026-01-01 06:51:00,42.39377905155532,139.41689331776865,0.7436480650561069,5.556922273938805,58.30380671058355,47.53148956129877,9.223958522726353,0,none,-1.3683177552555361,-0.25222434609441513,0.5210346760124484,-0.6381291810258539,0.9225121028443876,-1.6560341372347236,0.29168189518924126,0,5.649934093656606,0
2026-01-01 06:52:00,41.949314257285344,143.91162610113116,0.8836937305974589,5.409473201715201,57.313582752338064,51.11280565618755,8.784871419115882,0,none,-1.5668581596777833,0.5880674729690123,2.226629136529676,-0.9418431828433422,0.5781826094378111,1.0903674979306535,-0.511662881825151,0,7.50361094121343,0
2026-01-01 06:53:00,43.08876270011222,143.24401304946193,0.6889004547977164,6.035442042309984,53.76157519102734,47.85102910550708,9.406141693795504,0,none,-0.9516632916819854,0.4402356901282482,-0.2506089759165417,0.3361473667977613,-0.5907245729073783,-1.3924372066074848,0.6307442280453114,0,4.592561332084712,0
2026-01-01 06:54:00,46.11454364042473,140.60238804546262,0.7936625069527432,6.242282149521292,54.961265822714594,47.57152439187357,8.49303727530956,0,none,0.5779707829820028,-0.04592999304608027,1.0511914726209541,0.7405607061613563,-0.20026245115468566,-1.5424829354012193,-1.0269305720007742,0,5.185328913367073,0
2026-01-01 06:55:00,43.014012137498405,135.54352218069988,0.6289739589551956,5.879334921206128,52.94665427487634,48.92178329724807,8.666331829507762,0,none,-0.9799549356961869,-1.0052840034057282,-0.9960265986327062,-0.05979973974850644,-0.8441702987514229,-0.5116722625546091,-0.6963277366777362,0,5.093235575466895,0
2026-01-01 06:56:00,47.51841557369855,145.65709248338564,0.74180585937488,6.465470343911597,51.11389428894376,48.05053346166308,8.900653626289303,0,none,1.2774137167252102,0.9579319556003162,0.3981320984314912,1.175723517535031,-1.3911903602945697,-1.13126257366071,-0.2599086424973532,0,6.591562864744682,0
2026-01-01 06:57:00,45.43190528826657,139.19297077583707,0.7882002252878737,6.072556054524174,53.60477916986106,50.68339322214268,9.077285483474649,0,none,0.22223708982270765,-0.2708463745857039,0.9463158485027653,0.32792653376985026,-0.6169129401445247,0.852578423004612,0.09202105566791983,0,3.3288382654980837,0
2026-01-01 06:58:00,44.91797579280224,140.6462124845007,0.7499908039030011,5.869945908232192,48.92985617373484,51.855784512035726,8.309111835941174,0,none,-0.03721757554931151,-0.010056837748838601,0.44421432389767157,-0.09129768266878016,-2.067282291801085,1.662576384007972,-1.314681447635628,0,5.627326543309287,0
2026-01-01 06:59:00,42.18159290578764,136.77515308103693,0.7325291941781257,5.844513010554556,50.47280773018844,52.51808713854293,8.223937094316526,0,none,-1.378661244404265,-0.8307607755591807,0.21451366019459125,-0.12338096598765966,-1.5165445893835972,2.036270825262712,-1.4608128184122702,0,7.560944879204275,0
2026-01-01 07:00:00,48.48125018791786,149.67961446242444,0.6737690818388361,5.579633927391818,53.012097567753145,51.042691546957066,8.926327229380469,0,none,1.680938836716943,1.8280857087746079,-0.5160216753679684,-0.7021504113900504,-0.6935832054483915,1.0303921686177948,-0.12127993849440867,0,6.5724519448101635,0
2026-01-01 07:01:00,41.67857455183773,138.81473904164616,0.7365437877720404,6.499918231790534,53.43968520924252,48.30815320743383,8.054212495745936,0,none,-1.5592953488083012,-0.46526380474052176,0.30960034135584347,1.3173715395233214,-0.5553219330904008,-0.9643608388032983,-1.7182866179295786,0,6.889500424251265,0
2026-01-01 07:02:00,45.61353088404705,134.10890654659494,0.4995337030161288,6.267465924967785,53.10818554739619,48.68078588818761,8.99243536258356,0,none,0.29020792594272476,-1.4645356088137158,-2.568119285369808,0.7948726645255454,-0.64584344823807,-0.6756875578555533,0.028787926502708415,0,6.468054417248126,0
2026-01-01 07:03:00,47.919347102533095,145.02168293126405,0.6444733084489155,5.626903171207411,49.892766187753296,52.18157824926677,9.093689021308746,0,none,1.363735718341794,0.8319563493659395,-0.7633348000470451,-0.6011113716646421,-1.594744984339455,1.8378493555706041,0.23347211174475738,0,7.226204691074237,0
2026-01-01 07:04:00,44.117876750854855,140.82809625734933,0.721832586822607,6.314185955917582,57.84198650752447,49.37471385154586,9.571489406714702,0,none,-0.4232536425802627,-0.03179929231399817,0.18928197297616853,0.920866322255715,0.8889012047030825,-0.15226991871862747,1.1067866255580128,0,3.7131589791058675,0
2026-01-01 07:05:00,43.1335718222325,145.33074837698297,0.7132536993078605,6.884815006113097,58.03213472015211,46.93159390849641,8.890947140313306,0,none,-0.8726076203208093,0.9049606436698124,0.098480295976496,2.0921511995873945,0.9374461198255735,-1.8535836199856173,-0.1455322246117381,0,6.904761723977441,0
2026-01-01 07:06:00,44.44725044073265,145.25082361488035,0.7943175014362576,6.30339818229815,56.493872941458,50.03403545956043,7.931522368289862,0,none,-0.22240270226524628,0.9010747547316412,1.079953586817154,0.8026800753478349,0.4471448432501917,0.3578880698762962,-1.845201740580191,0,5.656345772868556,0
2026-01-01 07:07:00,46.30096720069336,132.3586687431476,0.6489380449050685,5.748727564714643,57.28918642009834,49.98995552888936,9.970299989662625,0,none,0.6717325211319028,-1.7633936072907463,-0.704273973370601,-0.4028821974079547,0.6696922017825365,0.32445718986634264,1.862134038196123,0,6.398565729046208,0
2026-01-01 07:08:00,47.17122391011203,139.8606959298279,0.8490786665105907,5.543183572042189,51.95807879674079,50.0360298440136,8.946846420982448,0,none,1.0669564558510516,-0.18771104586149037,1.6866802426991883,-0.8286436196403615,-0.9660904477070695,0.3302618883108654,-0.010390561371926883,0,5.0767342614419535,0
2026-01-01 07:09:00,45.64662467409696,152.85682272580488,0.7839060312153769,6.3357157651727,54.88712151845265,51.61336055259371,8.529556684363424,0,none,0.31948412671171555,2.4299079690548453,0.9113919129543235,0.880280517802087,-0.04002556394925074,1.541856151700594,-0.7600728370291117,0,6.883019079201928,0
2026-01-01 07:10:00,42.28263063534019,143.7974953004923,0.7327800658896854,5.161693344607496,51.86365462673236,48.76670389303878,9.072829223023234,0,none,-1.3069506781478701,0.5747855808221252,0.2722746362530225,-1.5855938401825456,-0.9634882807323021,-0.6077598770365451,0.22493817775319894,0,5.535791070927609,0
2026-01-01 07:11:00,43.05656789637017,143.85361402483085,0.6279285073517733,6.679394849567112,54.48794476633236,47.76325458004206,8.725678701226519,0,none,-0.940958369764256,0.6137197405055939,-0.9953832084227207,1.5545521376698554,-0.1588115421809491,-1.3200753608059619,-0.389421108665224,0,5.972921468014561,0
2026-01-01 07:12:00,44.79502255918332,146.4602991567968,0.615390483898698,5.196775428771619,56.834957323453686,48.19649856545527,8.406679158204042,0,none,-0.06548192504445569,1.115361842502516,-1.1120942623460013,-1.4563878614140127,0.5651363438282573,-0.9678285287189395,-0.9523709699221041,0,6.234661733776287,0
2026-01-01 07:13:00,41.818908755592965,147.67610993902096,0.7418880290337893,6.334575343805972,55.14662772462398,46.00878565749929,8.418145634345995,0,none,-1.533754964824084,1.320040818046995,0.41186443561926084,0.8482815110269711,0.025091493942503373,-2.428415051459729,-0.9250313046767312,0,7.492479579596275,0
2026-01-01 07:14:00,43.8734390258143,141.67964056254053,0.5764401334191401,6.445808119197489,53.15622658562101,50.32262935127957,9.39825316442919,0,none,-0.4908150984332778,0.0941892443800771,-1.519578414059228,1.0385836794365553,-0.5728832967795011,0.6473553581227589,0.8144042563478854,0,5.1778093475592835,0
2026-01-01 07:15:00,48.81853375821192,145.9943914520769,0.6792518286532521,6.203514812862072,53.73355775154443,49.69849221178509,8.844261952696913,0,none,1.9123329866998031,0.9544349514989634,-0.30172366860885347,0.5257225580955048,-0.40126674476874746,0.21638229227344533,-0.1646713564221229,0,4.476534558367441,0
2026-01-01 07:16:00,42.20405836420163,145.43956942410796,0.6895930144030336,6.202637895085665,51.93467503409073,48.98188241568331,9.326412776266398,0,none,-1.3068458367018383,0.8110701923197167,-0.183842677033866,0.516418752675515,-0.9720877176186756,-0.29453407779715735,0.685247494353924,0,4.770046748500693,0
2026-01-01 07:17:00,46.62223077780601,142.8726499545711,0.7058257909384338,5.625763144285032,47.20578272993252,46.53589450464335,7.898891418689256,0,none,0.8677882231222741,0.27805421037195205,0.024301115771909205,-0.7118543264826115,-2.340242481187209,-1.9552572010820812,-1.8677549553219321,0,8.04525251333997,0
2026-01-01 07:18:00,42.4170497675231,141.67033230103684,0.6661839179920458,6.0193536284081,53.53315240254091,51.45770379802884,8.639501392691232,0,none,-1.179190387318475,0.015530868579626508,-0.4349354393119719,0.18493154672223086,-0.38032152373914346,1.4090327047098452,-0.5286273275312642,0,4.1325697979125575,0
2026-01-01 07:19:00,43.58325241771447,145.58997495015694,0.7830409177258578,5.802591254712222,56.17290897421082,50.49834096546189,9.079593340562983,0,none,-0.6172837142648192,0.813264797791919,0.9437368971737574,-0.3056599229287456,0.48022275388918073,0.7482200472772708,0.29181383135547795,0,4.200201964681171,0
2026-01-01 07:20:00,44.10589550114641,143.659590786342,0.6004130514204342,5.533610990664285,53.78758575507984,50.23764418397795,9.174166251208884,0,none,-0.35261589159486434,0.384165025359476,-1.2092274606688032,-0.9126811277983561,-0.27152353602466367,0.5490183475930004,0.4546027788814231,0,4.133834167920586,0
2026-01-01 07:21:00,41.21634539386412,137.16998150652657,0.8410032547879948,6.163454555206619,55.02947055197404,46.459315073592535,8.625192006083397,0,none,-1.6994817859464981,-1.0118848722478755,1.587331550239446,0.5487912811569118,0.10490756102400359,-1.980815314837565,-0.5275725074506769,0,7.460784872902977,0
2026-01-01 07:22:00,43.99824269893808,135.38075244521994,0.8083725401724053,6.314304931483762,48.95423096035851,48.43277028468512,8.821012668998945,0,none,-0.3329719835156612,-1.3530018184128338,1.190246539023549,0.907765235604756,-1.795308114815064,-0.6448491343252913,-0.15755493211015628,0,6.381697757807312,0
2026-01-01 07:23:00,46.78283177686182,141.7055545219957,0.7944555878852192,5.088909427763984,50.12400209404373,49.59839084455802,7.827465754049556,0,none,1.0200684981203167,-0.025255421050940863,0.9970510918763813,-1.8658643342856307,-1.3742171687289746,0.13408855081617477,-1.9850312962122567,0,7.401576361090676,0
2026-01-01 07:24:00,45.6041403276235,141.54229142053654,0.6090461955080779,6.577494649021011,56.80358742162076,48.47226458520923,9.144056097717348,0,none,0.4830194213948948,-0.07659272988046253,-1.1367793205470178,1.4480200641473073,0.7661912907506749,-0.6100069680327843,0.5136585005570335,0,5.034268295310175,0
2026-01-01 07:25:00,45.5456405807546,149.11659627410208,0.7097011263576988,5.836013495940287,51.23791199316076,48.39501197688799,9.757678863925788,0,none,0.4518910102603511,1.5634754864753184,0.01209499241433321,-0.18168074817703023,-0.9945389746554554,-0.6759567946279684,1.632546078183107,0,5.512184084793564,0
2026-01-01 07:26:00,42.521223916633446,141.97019762675697,0.7681243699611208,5.387675570227562,51.54150031407052,50.390333505603074,8.05382818402469,0,none,-1.0256703124803714,0.026336362622442645,0.6655781313292306,-1.1756274522003995,-0.8677987839853629,0.6601241627468268,-1.5625950908325084,0,5.983730296197143,0
2026-01-01 07:27:00,43.82001584926375,141.91098945857124,0.7215654702060529,6.002647340934525,49.95004452475364,49.69555123987384,9.434172420679154,0,none,-0.3755464194294651,-0.015755521720680142,0.13522759930708356,0.15875346912301636,-1.3401518482651709,0.20533731202910535,1.0166651219172587,0,3.2474372917917798,0
2026-01-01 07:28:00,44.4944439812449,140.09789798654035,0.6860562502613002,6.17219340720067,55.47265488750049,49.82683500536096,8.750766072478902,0,none,-0.06284753342242713,-0.41110415151462365,-0.24634187352759884,0.5403292374584546,0.4101959082661122,0.28716330060393347,-0.2660816729902113,0,2.224063677783361,0
2026-01-01 07:29:00,45.42665539904201,143.19657948570924,0.6577072769212386,5.766609963681583,55.67660661770533,47.695261465752885,8.289056700779192,0,none,0.39836394308331424,0.2542863148797663,-0.5605899659599732,-0.4211454379319357,0.4847447748312071,-1.1109923787823661,-1.0945730495426143,0,4.324695865011177,0
2026-01-01 07:30:00,46.73351791586991,144.18955895874765,0.6001385644682531,6.237620342281975,56.36857423934594,47.55875468940352,9.730677252526252,0,none,1.0843187026825238,0.455224573152486,-1.2385323141812339,0.6671176150379066,0.6881362047583396,-1.1707998977336853,1.5191967324204865,0,6.823326039966661,0
2026-01-01 07:31:00,42.028850677007895,147.76550062729075,0.6424556953832734,5.846891189278058,51.35467985634156,49.75318097776271,8.153927950189395,0,none,-1.3333048961707021,1.2844769263306015,-0.7282922839931659,-0.2671653721081517,-0.8731121707386209,0.2855315583218222,-1.3385307706475762,0,6.110413978310641,0
2026-01-01 07:32:00,47.40540684821664,139.82162117551533,0.7764702551122333,5.615738343511419,54.39683878953003,47.548813302188925,10.096784945386066,0,none,1.4376977781468823,-0.5052128353289647,0.8318356457713195,-0.7941342985081541,0.08936695476815044,-1.1431815703685122,2.06490652421404,0,6.866335607106023,0
2026-01-01 07:33:00,43.412457659870135,144.97016685474847,0.746695920022405,5.921630647780591,54.38917253789821,50.663397098444136,8.190839448147152,0,none,-0.6031516098926106,0.6639911203584009,0.4611360411260919,-0.05194446266479353,0.10784017282223948,0.8859660110644705,-1.2148413671442455,0,3.9888707850728524,0
2026-01-01 07:34:00,43.4599769979589,147.00688006849737,0.6509931086600271,5.734692571985814,52.02337329391489,49.97416610746835,8.579750886877598,0,none,-0.5837482852945896,1.1216881581585838,-0.6772103946357534,-0.5020587392334022,-0.625970772931486,0.42523468110376933,-0.5302893580898453,0,4.46620038944743,0
2026-01-01 07:35:00,41.52449976612689,133.88779305031355,0.5550783274546495,5.827902618920838,52.29359444542696,50.14049675408505,7.661408144844604,0,none,-1.5219829280602415,-1.885879035315101,-1.7498820370071917,-0.2944062681713807,-0.5145459930865891,0.5131782416572864,-2.014246279440735,0,8.494120782738525,0
2026-01-01 07:36:00,43.78372805122179,143.97203197777037,0.6146595386972065,5.845547914704788,53.0796678902848,48.17015652091853,8.253660949029648,0,none,-0.3517646080495733,0.42910462525498133,-1.045679393170019,-0.24896774592351445,-0.24192672348935162,-0.7622365754687124,-0.986815336067598,0,4.066495007423749,0
2026-01-01 07:37:00,43.44065357595493,137.9782865573537,0.6278683858985635,5.267465900995064,53.0211706726076,47.01568959556377,8.513397845159439,0,none,-0.5283903827766232,-0.9177589561563017,-0.8751585920741476,-1.577872526339687,-0.24681379915377247,-1.4595057162752367,-0.5308531630812712,0,6.136353135857039,0
2026-01-01 07:38:00,41.40550721892569,139.87168784390727,0.6113298024485668,5.624115893883993,51.48571816343958,46.78388058549905,8.72956824072444,0,none,-1.52997292988411,-0.5018575203299122,-1.040258650340736,-0.7786886781388119,-0.8299435250813312,-1.546942088122044,-0.181213931777696,0,6.408877323674641,0
2026-01-01 07:39:00,43.269022204509824,141.30129449530364,0.9609704881073972,6.3854289937683895,54.26078998480985,48.53594169591863,8.789502460897737,0,none,-0.5429835745280549,-0.21776493162643315,2.7836644739882384,1.058691146381831,0.13477417627591712,-0.43013926488618187,-0.07096117682685539,0,5.238978744513511,0
2026-01-01 07:40:00,44.07156170096182,141.12275161958652,0.7796305034933784,6.2661771129441775,54.002474163275664,52.5591105657459,9.916279858384495,0,none,-0.13225709717957446,-0.2517211414450081,0.7952346765200864,0.7864983961052795,0.0690915878982004,2.0239607207131787,1.7832174768610933,0,5.841981096722421,0
2026-01-01 07:41:00,42.98282160612509,138.37976852262105,0.7080858091909794,5.732580707431526,52.46104058632883,47.62881876128581,9.560320922432776,0,none,-0.6800236259327312,-0.8952616559935116,0.03937962675452801,-0.4995047730537076,-0.5257153680492993,-0.9746320258134176,1.2260445248233922,0,4.840561600420587,0
2026-01-01 07:42:00,45.34083675823221,143.65141923572943,0.6697486102035838,5.909551097655224,53.45514206484056,50.9822722462972,8.86332832594759,0,none,0.5705598736800416,0.3580377649250542,-0.3503616456944361,-0.10260966333413,-0.1600270869276421,1.0279472367275946,0.04112714766918356,0,2.610670418958082,0
2026-01-01 07:43:00,41.70935881996702,145.56793187035024,0.6910473365097742,5.67748273196036,54.98677433480962,48.86217469640148,8.98332288586423,0,none,-1.3136698398503248,0.7966023683789848,-0.12596887278689634,-0.6749507630350867,0.4021714712276168,-0.23667938566887742,0.2781679563895327,0,3.8282106573373196,0
2026-01-01 07:44:00,45.514689915257,141.4798067649078,0.7004211485812646,5.700120541827843,51.457227452609146,48.44905067536707,7.787847175513879,0,none,0.6800077659697656,-0.18443246018417878,-0.009501415717649451,-0.5941877247514673,-0.9064642405269459,-0.48614039886599375,-1.770068327561821,0,4.6308023335778215,0
2026-01-01 07:45:00,43.338944334588746,137.50953416471987,0.719829219359999,6.027490319232649,54.95392882371348,50.48160369286671,9.025129383832024,0,none,-0.45340912525075416,-1.0983634047499586,0.20829784670763385,0.24950605472491363,0.44307314033428014,0.7882459539043137,0.33998511906479884,0,3.580880644736653,0
2026-01-01 07:46:00,44.431219078922766,140.74940203898367,0.5797790134417007,5.123440884873442,57.58804392809785,49.50351473251385,9.5459124854674,0,none,0.11085808050946282,-0.3030342276892875,-1.3510576736222881,-1.9837969771936965,1.4628373387177858,0.17515032195313704,1.2849647562302688,0,6.671699375915927,0
2026-01-01 07:47:00,39.97186651998213,151.26254452268998,0.8213593548539921,5.588044221382641,52.391070133540886,47.859705272551736,8.132906236324088,0,none,-2.1349855404655322,2.117670099244363,1.3578750756238422,-0.8225119936221446,-0.5230187608634272,-0.8237628882257748,-1.190502292257066,0,8.970326650302148,0
2026-01-01 07:48:00,43.89587329551053,146.08080716033766,0.5330755553855139,5.9864395713851,48.50061372416794,51.58169718284075,8.94145985934155,0,none,-0.13167390674145288,0.9127043848275015,-1.8805639297356351,0.17390704248135663,-1.9529744310911434,1.4352448569047478,0.23048617355696133,0,6.7175547253387995,0
2026-01-01 07:49:00,43.48891380616233,140.59565349241095,0.6454803530460055,5.934831476751536,53.50681473413874,48.87828474588331,8.639562849839708,0,none,-0.33546811584628417,-0.38775983502486266,-0.6122055305785601,0.054632360304940474,0.003552593970000479,-0.20681094870192526,-0.2973043398430979,0,1.897733724269671,0
2026-01-01 07:50:00,45.459051222850775,137.87063231003856,0.7387295420795366,5.615652681307886,50.69600646207944,51.01407112062194,8.92260643379404,0,none,0.6489339850344685,-1.0388641216230512,0.4014857185275813,-0.7471526014793722,-1.079808383674973,1.0846558755898572,0.1945043527488748,0,5.195405038678178,0
2026-01-01 07:51:00,41.20253912674433,144.4857849308979,0.5909489634027169,5.2990949590983805,49.852364411011614,48.43910672723201,9.123736069922824,0,none,-1.4817572963232986,0.5116390046193133,-1.2359342543394853,-1.5082786601926068,-1.3774920719626618,-0.5219564675953174,0.5510265030271924,0,7.188084258059876,0
2026-01-01 07:52:00,46.264927927489055,144.41341780023546,0.518709001835562,5.6720425727586745,55.503804282051625,51.13320731420433,7.722430307911358,0,none,1.0204518900581685,0.4920196925225309,-1.9849268834258453,-0.6045728356545391,0.9039202692201969,1.1572986828171896,-1.8241705203162697,0,7.98736077401474,0
2026-01-01 07:53:00,41.34587188515903,154.39918660206206,0.5719571520464865,5.488832612226525,57.28290114709435,48.00155381098804,8.87011507454395,0,none,-1.412887567957434,2.6448441878753903,-1.3414835686338473,-1.0300062407202941,1.5675011548912747,-0.7974155308529924,0.14936562236157025,0,8.943503873292803,0
2026-01-01 07:54:00,46.11860228322998,135.6708478957801,0.631400471890806,5.526537054773383,52.46225909115633,50.23545233766795,8.427864071609692,0,none,0.9475311025742655,-1.4827125622221013,-0.6565605443115553,-0.906264586392691,-0.32960778784935557,0.5732425739118354,-0.6092800936854724,0,5.505199250947277,0
2026-01-01 07:55:00,44.61547570045027,145.7026449849168,0.6671392156088313,6.136234776510755,51.875105653125786,49.69011509228826,9.059838866113989,0,none,0.19145362273254005,0.6867774378021029,-0.26515294281201773,0.5874057473545199,-0.5547129005035328,0.22242704289189338,0.46527852427896554,0,2.9732082183755724,0
2026-01-01 07:56:00,41.92382354265513,148.68555487180498,0.8536961936117748,5.489365462752958,53.83341025609849,51.57796528731579,8.675097513132451,0,none,-1.1110917884646119,1.3237963623278663,1.7621138656000623,-0.9742231944463075,0.20569333557669053,1.3579799027425181,-0.18874133614637809,0,6.923639785304434,0
2026-01-01 07:57:00,47.7457232735114,149.11251294214298,0.7370899013712222,5.130197083482734,49.32807785414092,50.31798943283624,7.861311748810384,0,none,1.7517927354750822,1.3658134217748672,0.49924882422512684,-1.7804663141641177,-1.5327447021472869,0.5794688304918884,-1.522950403325244,0,9.032485231603612,0
2026-01-01 07:58:00,40.98819751806157,136.73787809638043,0.7595978406825388,5.288771169536209,56.155486712293936,50.5540597360108,8.762261569065956,0,none,-1.5026757212314896,-1.293887108834504,0.7446463589127494,-1.3513903727372023,1.1064608048100693,0.7521438098900727,-0.017057765017094786,0,6.768261941433182,0
2026-01-01 07:59:00,43.00853676164383,146.10430773654124,0.715140487644213,6.328127109438293,52.980068800432285,47.33385901987065,8.53739485033723,0,none,-0.5392505458241956,0.6905186581037331,0.25872054634138425,1.0939152666664846,-0.1722012101469373,-1.2610938042166961,-0.40937238073141,0,4.425072412030842,0
2026-01-01 08:00:00,43.73945165837218,144.45560218049582,0.6242617884585379,6.062338379213925,50.575021126245446,49.32131295165712,8.645432100363923,0,none,-0.1533078095737362,0.3581075587168443,-0.7306386874991126,0.4493097918061794,-1.1094162903614668,0.0452614231686831,-0.21726491322953037,0,3.063306474355553,0
2026-01-01 08:01:00,44.34151130491775,145.70204573248287,0.7306678727838477,5.890022719007154,49.56723617722693,47.301550039214696,9.090999504901758,0,none,0.12902265258420503,0.6101626960803711,0.43836701142871404,0.06750260492009307,-1.4566384664231349,-1.253707438439858,0.5184598280295323,0,4.473860697905908,0
2026-01-01 08:02:00,43.72314308747155,146.17396299078408,0.7458834727561743,5.09729671576685,55.00122902619931,48.56494544123837,7.70030242563755,0,none,-0.17091743635940335,0.6906410052679114,0.5812291555894331,-1.7608020044831834,0.6469991491790773,-0.4332010440984318,-1.7912975700626543,0,6.075087365040094,0
2026-01-01 08:03:00,44.8408406966707,140.61581335483564,0.6464511695006927,5.431263297479147,54.99738517839551,50.61716404778138,8.52346667314628,0,none,0.44229255015734276,-0.561167114493156,-0.5516821360250691,-0.9584627645939786,0.6200581774222181,0.9364353282936131,-0.39560059758692606,0,4.465698668572303,0
2026-01-01 08:04:00,44.13308287817102,146.67913803920644,0.7254831279361024,5.028026218421888,49.72083831195415,47.84530463811276,8.580007510327814,0,none,0.067401944096771,0.7970025430661362,0.34781927365229304,-1.8212716758043372,-1.41464851762361,-0.8820104662795757,-0.2772380735256196,0,5.6073924940483435,0
2026-01-01 08:05:00,43.25179772329368,139.89956751511096,0.754541314205518,5.632674844631779,50.72327450385382,50.97223969568079,9.514128100671474,0,none,-0.4004586170554954,-0.7220277354079178,0.6685769194909524,-0.399690095362334,-0.9910148974581886,1.1459676143654767,1.2801910955771285,0,5.607926974717493,0
2026-01-01 08:06:00,41.298876208111935,136.79809236382226,0.4617928568878126,5.483149781738745,48.00740348055051,50.50922027456643,9.596346102627155,0,none,-1.3844012940428376,-1.3735179495590268,-2.4770076856043315,-0.7365566968162907,-1.9970509492889843,0.8297310995204593,1.372125347574223,0,10.170391022406152,0
2026-01-01 08:07:00,42.4393288026909,141.39964761439907,0.5907731624923468,5.749010228916306,51.43525749160215,48.284898407598526,9.299543777704775,0,none,-0.7625911999506128,-0.3976791368206708,-1.05851801539045,-0.08406569783223827,-0.6064654823136886,-0.6247026390780692,0.9173605962760172,0,4.451382767661746,0
2026-01-01 08:08:00,44.90556024764852,145.50120591123184,0.6490606624569654,5.9070151002377616,58.17322499470419,51.04500459508097,8.668083606011406,0,none,0.5660217196899942,0.5448670272936029,-0.40520267012747424,0.2895030965595242,2.0228350131585366,1.179440916745505,-0.16766432872039871,0,5.175534772295036,0
2026-01-01 08:09:00,40.73859915596228,152.77407312723298,0.455122981232575,5.389223019711121,51.94025181034236,47.77846485841784,10.01694089942329,0,none,-1.6073520833736437,2.2591613231622767,-2.3839402601374364,-0.9529372610499747,-0.40964617501674844,-0.9324127701495863,2.049938060730002,0,10.595387933619667,0
2026-01-01 08:10:00,43.264376696052,142.54129617301513,0.6693558664933945,5.193516498390641,58.89371541279339,49.50693380527874,8.463507945549322,0,none,-0.27868616248426825,-0.1468504670174249,-0.10499964849880776,-1.442358415991202,2.1933955110351575,0.20797365429435882,-0.5276160056333677,0,4.901879864954587,0
2026-01-01 08:11:00,38.91619450339202,151.99841710362105,0.7666669120473592,5.58258372812924,52.62400040917817,51.87588295738732,7.789796473472203,0,none,-2.4272230927620915,1.9793869792463334,0.8992978590145806,-0.44964301295074594,-0.1672044935940717,1.7061815041774153,-1.5906240577570097,0,9.219560999502248,0
2026-01-01 08:12:00,41.59216020682019,140.43331978829832,0.6202696867779335,5.732592071083753,51.19852256275502,48.22638389583634,9.819379425050036,0,none,-1.0406281377331574,-0.6302290274143322,-0.6488908793842392,-0.08498081408592083,-0.6814565419353031,-0.6769911044483456,1.6497947946842506,0,5.412971299685549,0
2026-01-01 08:13:00,39.707255774777465,141.54448568100088,0.5371469404223813,5.880698436014271,54.66533627404876,47.842118258313405,7.290146309938508,0,none,-1.9197817658380076,-0.35664459419324024,-1.46881708059355,0.33289304354596805,0.655982008530289,-0.9788940828218451,-2.2638513693206215,0,7.976863944843522,0
2026-01-01 08:14:00,45.41265433711793,137.50556889428134,0.6261893437129133,5.038890790301917,52.5422415225632,48.9478446457365,9.552945525008848,0,none,0.8544476544305513,-1.2519831066592637,-0.5543582744569429,-1.8714288456085708,-0.15818842893587132,-0.21856348691314392,1.1917262441970988,0,6.100696041201443,0
2026-01-01 08:15:00,39.24787176622888,144.42922792479186,0.7918193663443494,5.223209016674701,55.525050543333045,51.36001398101291,8.403338699636139,0,none,-2.1034434306647296,0.3245256004056783,1.1493536896527266,-1.3290352982054712,0.9722932429518388,1.3736793043069986,-0.5483365472394616,0,7.800667113426904,0
2026-01-01 08:16:00,42.383756859509006,144.65788194392252,0.6220440013221906,5.504963435408628,49.76474863117291,46.2454814555876,9.591660300752018,0,none,-0.5528073264230338,0.3800156315158703,-0.5969555151128525,-0.5466980586395911,-1.2032029177845067,-1.9385820202549975,1.2431652224503205,0,6.461426692181172,0
2026-01-01 08:17:00,44.28925799291039,148.98488623657695,0.622052128539504,5.2346345167533,52.84939886734838,45.94027486887824,8.56455326561903,0,none,0.4188635305608059,1.321752830827736,-0.5811072707482338,-1.2483911631574012,-0.07541568803735525,-2.1025447180677737,-0.32905530218626133,0,6.077130503585567,0
2026-01-01 08:18:00,44.019345895442726,142.9787355707626,0.6678391923768133,6.278061893879386,51.85110236217702,50.080639934646605,8.83118985306941,0,none,0.2694463058347211,-0.030062745810475487,-0.10930890219599992,1.522333842694195,-0.457506212407679,0.5561090534763121,0.07441208484609733,0,3.01917914726548,0
2026-01-01 08:19:00,44.31695614829817,145.80984001554546,0.7208418885631034,4.522455960831185,52.639866055085655,49.51296694060462,8.189591076872563,0,none,0.41331870342161176,0.6042572054896174,0.4516440484563807,-2.8513255320235475,-0.1252717660237712,0.20106175345614752,-0.8813901486404966,0,5.5282691575115726,0
2026-01-01 08:20:00,44.8641082120907,138.90535899221152,0.5960151831701066,5.595126406980105,54.80985665898751,50.03131309484783,8.217649303130898,0,none,0.6813346501929332,-0.9202399889735055,-0.8449340532937785,-0.21678230372724008,0.7315597639854022,0.5408145081108539,-0.8123633382453291,0,4.748028606529043,0
2026-01-01 08:21:00,43.65502948712052,143.92406354857692,0.6394731034518571,5.440124535305526,53.30711682871055,46.41401171137899,8.091723570469577,0,none,0.052211164710072325,0.175025350158357,-0.3673258138613848,-0.5738173322377361,0.14605889168405314,-1.8104993864018362,-0.9823843089993404,0,4.10732224805278,0
2026-01-01 08:22:00,44.345639722801536,153.68294444668325,0.7204045319079668,5.43777897007717,50.481209409649296,48.00435576693186,8.59839984461273,0,none,0.4009511353015642,2.2679794310046977,0.5180492700914382,-0.5542436623170316,-1.0081227139350288,-0.7697975715261194,-0.21240208627099832,0,5.731545870446878,0
2026-01-01 08:23:00,42.53639222304334,140.05600892424957,0.6895036917881041,5.884437363464811,53.8035126781152,48.24705029871038,8.950527544031969,0,none,-0.49509932638336723,-0.7449046557780472,0.20579522441309547,0.5521433594172757,0.3175376919451113,-0.5964361865214787,0.29504561287967446,0,3.20696205733805,0
2026-01-01 08:24:00,42.5614330541626,145.43062538350907,0.7678198127296513,5.149956666984029,52.99098407244996,51.72075996329438,9.19811542764736,0,none,-0.4596739643887184,0.42831857061231754,1.0309975959592819,-1.3205850065368732,0.010787819829370495,1.5818150889547504,0.6724100282227944,0,5.504588074504106,0
2026-01-01 08:25:00,39.05975626508369,149.74339313731153,0.5936625085133961,5.7283813522421,44.72649276205962,46.83617631526758,8.708438310038353,0,none,-2.1715177156682266,1.3746579897727946,-0.8455074485266104,0.22437611886990785,-3.1188473515594666,-1.4713960090797473,-0.051459902979559054,1,9.257762536456312,0
2026-01-01 08:26:00,42.88562118077528,148.72860096324396,0.7695689511263377,5.01324680347036,52.70165037065873,52.903311084829134,8.569565170721225,0,none,-0.22875807337906784,1.1152800880076024,1.0654783351569788,-1.6339003233538825,-0.0670365179397551,2.196130054070885,-0.2845365932113378,0,6.5911199851195095,0
2026-01-01 08:27:00,45.05022630348164,144.5067333995878,0.8283726209938578,5.121849072073691,48.32561844374164,47.964348541295394,8.298844574949777,0,none,0.8579253077783832,0.18519841436282009,1.64921022635793,-1.3024184804173469,-1.7131879508965693,-0.7441023610342379,-0.6858320340463628,0,7.13787477489365,0
2026-01-01 08:28:00,40.98704687660887,143.0247287924541,0.7915208922781668,5.470470855951194,56.82743538615275,47.966707485992224,8.319027259899602,0,none,-1.1589813856050473,-0.1497261673506304,1.2227958554381702,-0.3727566617002794,1.4823018426932053,-0.721770085887926,-0.6401199365937099,0,5.748451935268968,0
2026-01-01 08:29:00,40.11053073387525,139.46056245046384,0.6453631892019681,5.327676152742998,52.665619968654426,47.53353992789206,9.39647831077406,0,none,-1.5375245491666516,-0.9115575281776287,-0.30909233092405103,-0.728225845870585,-0.05891358590137305,-0.9764061268896522,1.0291178005533874,0,5.550837767483329,0
2026-01-01 08:30:00,42.59938568511085,152.12387660562914,0.7279381038306671,5.068485352538195,51.09395279189706,49.45878532290421,8.266245850412636,0,none,-0.2752256690744293,1.7688500708340629,0.5363991669296935,-1.3702831745583715,-0.627951213212611,0.14967286044587852,-0.7225335524057562,0,5.450915707460803,0
2026-01-01 08:31:00,44.652457646000855,137.7160257595704,0.8266423741673782,6.209865274258616,51.99713207700995,47.74535620386394,7.483179590549214,0,none,0.7472509448638899,-1.2399739652501982,1.513536981454804,1.6122096934863483,-0.2866057605703223,-0.8516018164099564,-1.9083669875107725,0,8.15954614954629,0
2026-01-01 08:32:00,44.76328309212623,144.09449549037384,0.5616044282400197,6.257064460698304,56.37842537535497,50.132042922141615,8.924217818477324,0,none,0.8554832742650974,0.08750358646342651,-1.1812777300843067,1.6660234155861346,1.3640897125059162,0.5471426405068481,0.38517498338310796,0,6.0866953427948385,0
2026-01-01 08:33:00,39.31553115247052,139.97110346001202,0.6365121080079419,6.158652125336279,52.495540694692906,48.08467899821792,9.205264769168446,0,none,-1.9148344079256832,-0.7637587213169241,-0.3931108645966382,1.3901945687688724,-0.09502000172593385,-0.6550156901733096,0.8142947331965579,0,6.026228987703919,0
2026-01-01 08:34:00,43.182643353741966,143.0400245324778,0.6033906066654844,5.699311519432126,48.69830139899612,49.0453643385145,8.154281629442062,0,none,0.05938131644163307,-0.10394443005206747,-0.7237935004610483,0.23732015572810514,-1.4885387845693212,-0.0689378337146621,-0.8762263590619396,0,3.558142380028777,0
2026-01-01 08:35:00,40.93605735465348,139.4181298551473,0.7010332117680572,5.704064654718075,49.20256374642105,45.641213569054266,9.599648002311508,0,none,-1.0764026696384164,-0.9166065213728846,0.25793927513391895,0.2550098614819072,-1.2637727677830402,-2.0050235875401485,1.415260219699111,0,7.190014902649427,0
2026-01-01 08:36:00,42.76926645603431,145.52660332909608,0.6652684687109054,5.074795570570658,49.97787807753762,48.4498151641677,7.930332088888489,0,none,-0.13732737948926593,0.40855912298662045,-0.12343861191155113,-1.2838130078085601,-0.9522917068089278,-0.37296967897852706,-1.278713249909812,0,4.557112757893265,0
2026-01-01 08:37:00,37.664502333836296,150.0335120055236,0.6689422305778804,6.078492745276452,49.30917841288967,49.717214589105424,8.06778392302126,0,none,-2.530962402372284,1.3424510313012155,-0.09242938700313148,1.1758706478273677,-1.1603304079281949,0.34362617155947023,-1.0365696600903604,0,7.682239708082024,0
2026-01-01 08:38:00,43.9888827130021,143.09462081320368,0.6826524238982304,5.703331955004923,49.32256323712562,49.19987888548928,8.137467305053846,0,none,0.48200459611519003,-0.17685169162512823,0.038769938903366385,0.2436874595891683,-1.1311954349463391,0.014982534555741618,-0.9030411253083835,0,2.9905327810433175,0
2026-01-01 08:39:00,41.31933966680763,145.94063365773775,0.7060978500588273,5.7180153772438285,50.56874790564325,47.2650584352246,7.75871864669191,0,none,-0.7817583971029125,0.4285346719117008,0.35760728909804684,0.31766328717002507,-0.6637967791386647,-1.121991118388633,-1.449941777749382,0,5.1212933205593645,0
2026-01-01 08:40:00,42.48557488648757,147.0041302040269,0.6725013423282229,5.665587843523814,47.5479083221539,47.65097027473636,8.549910342105115,0,none,-0.21174855162236086,0.6396137540757336,-0.004943303386011796,0.21470167617101615,-1.6673848869467884,-0.8698571005527888,-0.18783698753887837,0,3.796086260293578,0
2026-01-01 08:41:00,41.681103822525095,144.3272508189357,0.5949176915661116,5.547195222530627,44.500121830652304,46.92406336135817,8.750876437427026,0,none,-0.5851976996764802,0.03295312216823708,-0.8737894381688026,-0.08779292436548648,-2.533112118608727,-1.297303541319921,0.16004098685108806,0,5.570189831158742,0
2026-01-01 08:42:00,39.93714264691416,155.1468727297828,0.735049359628321,4.723121078001686,44.11175793484576,48.29320700692438,6.581887305883583,0,none,-1.3692318612137109,2.2797667426247417,0.7189557280289682,-2.126015685091416,-2.472206402553572,-0.4430668654635422,-3.0540975356413465,1,12.463340820617299,0
2026-01-01 08:43:00,43.02063738906516,141.89764008980103,0.7866125135676716,4.3893674961979166,47.51330442486569,47.90161985169378,7.631406158236532,0,none,0.08733478406891351,-0.5092591162449501,1.2723542054598236,-2.727119375370425,-1.359497314745011,-0.670932292183799,-1.4221652138085874,0,8.04866230188151,0
2026-01-01 08:44:00,40.97052876121784,143.92880751724795,0.6419320123926012,5.382185613939893,48.35314914827451,50.04831650187767,9.315173665322462,0,none,-0.8607264061357206,-0.08918603083747266,-0.34725746568248506,-0.36026581148505893,-1.072997081386916,0.6233542524889308,1.0345694640975773,0,4.388356512114162,0
2026-01-01 08:45:00,40.52116532734231,151.32992425112607,0.6203022869432445,5.9062014379404095,50.556128139708825,50.64763325426912,8.636733086737205,0,none,-1.0448210673842446,1.4304669190944408,-0.5720636699123973,0.8918130382733448,-0.3780621519789508,0.9855146737824254,0.03742343472452038,0,5.340164955150325,0
2026-01-01 08:46:00,43.18033273318189,147.87200988202244,0.7645667437379199,5.147949982437448,44.64555546300166,49.78222318904718,7.297830723201098,0,none,0.23291892480240825,0.6736787375283798,1.0183647509450677,-0.9174414086554327,-2.1100428526238506,0.45536508292887173,-1.8732510958095558,0,7.281062853293566,0
2026-01-01 08:47:00,41.65851395060707,146.33442885513549,0.6101250921872454,4.788035285750544,54.81534497016031,49.1207670607241,8.558873436249044,0,none,-0.5156999795150147,0.37049777993294075,-0.6956897396157045,-1.7005776583756613,0.9708456074336472,0.040518538281104625,-0.032928229581672463,0,4.326757532735746,0
2026-01-01 08:48:00,40.390283771721855,153.02214893072212,0.7299422969971349,6.123146119046595,47.098013181740754,46.86269015210156,8.655078587042876,0,none,-1.093966143643955,1.7421641253963696,0.6556959135495424,1.390347494449636,-1.3460196986979645,-1.2987179491212884,0.11608557856502656,0,7.642996903423782,0
2026-01-01 08:49:00,43.63130288760594,136.58662183835094,0.6041823673443112,5.252486646693513,49.91152667276903,47.45924536249197,9.080410736142468,0,none,0.464302933553077,-1.6675894639558673,-0.804711923110006,-0.5980058693607349,-0.48412074972449154,-0.9109778373771553,0.7299033120034265,0,5.659612089084758,0
2026-01-01 08:50:00,40.53513207874386,149.0430341323084,0.611734492500476,6.24671469227496,47.95796069669864,50.04926855837081,7.568757721600823,0,none,-0.9925773334884741,0.8743399284121295,-0.6926670765160076,1.6469418075918614,-1.0476876893906022,0.6859651212739533,-1.4356478028756203,0,7.375826759548649,0
2026-01-01 08:51:00,41.616329392614205,153.9797399814981,0.6289495358779411,5.58072348252693,50.24052567962515,48.71126534104231,7.436286029123825,0,none,-0.47302571201726723,1.8172477861311167,-0.5019927730017342,0.12605199092653824,-0.37049728540577137,-0.14139658194819127,-1.561814488076698,0,4.9920266175073165,0
2026-01-01 08:52:00,43.11036664476923,141.42773324509554,0.6215117218459021,5.255706492216244,50.513495169293954,51.74743510857452,7.526661021470253,0,none,0.2854643027536872,-0.7126454066696877,-0.6248374247624864,-0.59558380354302,-0.2675639542501925,1.7075904296403466,-1.4198428250844064,0,5.6135281467038265,0
2026-01-01 08:53:00,43.49205643129807,161.97685540140355,0.5827968144699117,5.577804999343644,48.884325379530125,48.4347934423993,8.690814334053446,0,none,0.4586290973702676,3.194627831522362,-1.0953587031753373,0.13152718920127998,-0.7333366942829119,-0.3201379699347383,0.23240296451004872,1,6.166020449996946,0
2026-01-01 08:54:00,43.9675001169146,149.86449893368544,0.4602348464114482,5.157206719489656,46.29799576191768,48.86101832369543,8.09998410442277,0,none,0.7307827777362861,0.8775543717183736,-2.413182984154016,-0.8037740214928012,-1.4730827341315458,-0.04558671283088933,-0.5956279034360841,0,6.939591505499996,0
2026-01-01 08:55:00,44.84303733928305,150.1495459644564,0.7626475946019988,4.964388955191028,45.2332547402466,46.93195812343348,8.97527909938464,0,none,1.1738902447468742,0.9117536649432226,1.0249648671561833,-1.200176805284957,-1.7175503147283766,-1.1912080193608103,0.6444276745639077,0,7.863971590784331,0
2026-01-01 08:56:00,41.58171388196515,150.92234957030138,0.7896452874018459,5.375595994323018,52.14643945975984,46.02228200819081,8.805206845859118,0,none,-0.486368289031396,1.04647995192163,1.3727863152697724,-0.26407265801648694,0.33453648305003786,-1.6859931760597497,0.40024749187637726,0,5.590484365225451,0
2026-01-01 08:57:00,39.85742159231391,148.90088939693584,0.6724079944004104,5.59278957709571,48.0329710179948,46.35038169374273,7.477940708902324,0,none,-1.362451038889043,0.6619845592537852,0.02519370099552584,0.2114052124821933,-0.8762062101591875,-1.4312332322246277,-1.451609314393559,0,6.020083268397921,0
2026-01-01 08:58:00,44.71169865576962,159.64166714933145,0.5178858852982879,5.900879353019766,46.69455496048138,48.35901303445091,8.290030216276907,0,none,1.1917952748016463,2.5474840069613234,-1.701966416436785,0.8853233064520313,-1.2339146753886068,-0.20340544647811606,-0.3047984976330534,0,8.068687624151561,0
2026-01-01 08:59:00,44.160532458186765,142.38033773437007,0.7440492684010218,5.902429937553233,48.57215694656025,46.54840968610916,8.226708442635026,0,none,0.8836177512843076,-0.6188299762432743,0.8839006950241731,0.9260303652321151,-0.653081423122987,-1.2843463030506603,-0.3856527499142442,0,5.635459263871762,0
2026-01-01 09:00:00,40.74011219837469,144.20482140318043,0.6740548611922741,5.851976416763806,51.19826722040308,51.0945519497428,7.938658110851087,0,none,-0.8921297286573492,-0.28301170242753737,0.07470360263586734,0.8244133799934452,0.12530690877830686,1.4129390615581212,-0.7680002243833358,0,4.380504608433963,0
2026-01-01 09:01:00,42.70259388048439,151.62548939068122,0.7739000365382274,5.961412940933708,45.51922912628935,47.89223048469157,9.228517800463504,0,none,0.15591331777920708,1.05094853027203,1.200009616011778,1.0745927650484093,-1.51526178472545,-0.49259262667931014,1.019424349471619,0,6.5087429899878035,0
2026-01-01 09:02:00,40.50616268226656,151.9332161754752,0.6231613464358664,4.39794475048259,49.43025886093906,47.06245423072654,7.619605509381386,0,none,-0.9769520031881106,1.0785031340463995,-0.49120421394412755,-2.430663241185074,-0.3508086859436118,-0.963645698589817,-1.2067182118801942,0,7.498495188777335,0
2026-01-01 09:03:00,38.10777860638773,143.65999242857066,0.6484824675240108,5.921210860912304,50.23727520527632,50.45948245708952,7.991821537917832,0,none,-2.129684549585849,-0.42244414608348896,-0.2026542217221159,0.9374415640269467,-0.09006434962755556,1.0447150335443984,-0.6768570965150439,0,5.503860961105398,0
2026-01-01 09:04:00,43.25958086685164,154.56559542746723,0.6456318099257972,4.709343095994319,50.66929754290121,46.70513095071284,8.686742522348599,0,none,0.5341938228558514,1.4996033172535062,-0.22077806730974714,-1.7024133394872623,0.034816655811953715,-1.1528680671453264,0.2781192632951348,0,5.422792533158782,0
2026-01-01 09:05:00,41.83601692644906,143.16104371917342,0.5377814872147424,5.509746856157866,46.49249965815001,49.81432150026109,7.679977453364123,0,none,-0.19140041882120204,-0.5402356323264771,-1.4031954233477133,0.043271240241951815,-1.1831720499971623,0.6875350584994776,-1.0744561950478402,0,5.123266018281825,0
2026-01-01 09:06:00,41.34919574737521,146.0107160541722,0.5976750701616346,4.939004348977661,44.246615862601246,46.81880859009616,8.11424093998776,0,none,-0.444634927663554,-0.05885774762412612,-0.7798917744861568,-1.1656657735030427,-1.7877078694831456,-1.0522102807509734,-0.4465609500196783,0,5.7355293235306775,0
2026-01-01 09:07:00,44.44479945422791,146.86921643185482,0.5556917320111082,5.459935399048371,45.251867445004095,48.33205002663998,8.416473417606671,0,none,1.1326758478905854,0.08260345314972105,-1.2605086895210238,-0.034628186869083116,-1.4413395959714694,-0.15508221368999492,0.0023795510810980603,0,4.109217538172976,0
2026-01-01 09:08:00,43.8904037841343,149.91918445521085,0.6002910552795638,5.238592748583168,44.51602623529156,46.59313411250677,7.552233932646665,0,none,0.8652332882440539,0.6308978842578923,-0.723828083096781,-0.49083009182931103,-1.6210166428485082,-1.1506734627754223,-1.1976214812153743,0,6.680100934267343,0
2026-01-01 09:09:00,39.70176207148716,148.529154117872,0.5492093978444507,5.26570702636665,51.283985436627546,47.26424259404679,8.86149642280249,0,none,-1.2860709902431804,0.39177934442832835,-1.3894060856225785,-0.42696916843168103,0.3511209991015534,-0.7423443473119093,0.7180106573641559,0,5.305701592503387,0
2026-01-01 09:10:00,38.72782548282632,151.07145499260932,0.5826882283372304,5.1441679818113,43.99371152010054,47.213729819996985,8.095972018532503,0,none,-1.707523343357731,0.8374402954655767,-0.9580776579705256,-0.6877088641770177,-1.7569573529019809,-0.7483124257229853,-0.4067827626190716,0,7.1028027022148885,0
2026-01-01 09:11:00,37.11517856662856,152.9840287337284,0.7101611710579911,5.439241529885245,44.454067159836605,44.47510177476898,7.191033390972298,0,none,-2.4266797865323806,1.185955512484289,0.5939114811617369,-0.04402441683626555,-1.5537201511106864,-2.2794010001334204,-1.6985393448642103,0,9.78223169312299,0
2026-01-01 09:12:00,40.876577153788304,153.44590432335903,0.6405731363843306,5.581834001364294,52.18030719064924,47.20815931203855,8.471405739967018,0,none,-0.5880168791776218,1.2290555311829618,-0.25724480740077704,0.27080860935980744,0.7302586996290382,-0.658894818180145,0.2009923905579062,0,3.935271735488258,0
2026-01-01 09:13:00,40.05127136052273,144.98608443232166,0.57286406996048,5.357516479014707,50.8567912980034,47.55032682772716,8.495047603327382,0,none,-0.994679638658556,-0.34874576652075506,-1.1002092422715,-0.19851285766412388,0.36410773228696497,-0.4549761607216579,0.21090329983516493,0,3.6721346979587226,0
2026-01-01 09:14:00,41.509144909745125,147.03049683815877,0.6714749887868703,4.913227506163359,45.36949626171943,48.22199709070009,8.024163223453941,0,none,-0.25848478445078277,0.0025970979900708045,0.10403417929146132,-1.1594543593260314,-1.2426447715725517,-0.054643815409042035,-0.4905061796139296,0,3.31236518765387,0
2026-01-01 09:15:00,40.767520186808405,157.17919283839703,0.7146866832053526,5.833376702932759,50.27462321775821,47.96261851765637,7.734305582335622,0,none,-0.6491211342453802,1.8508372841824139,0.6645345465926668,0.816913926714563,0.25655748040634657,-0.17842392108975788,-0.9263444351577322,0,5.34273272838886,0
2026-01-01 09:16:00,39.38807310217319,153.42129653584385,0.5707814276519093,5.629463505176556,54.89501807305357,47.96646150219864,7.8724326727884435,0,none,-1.3012539877613611,1.114722743396364,-1.1212535098701497,0.37011247092523114,1.612977334419937,-0.19583644320707774,-0.6847796609626545,0,6.400936150542775,0
2026-01-01 09:17:00,39.85079750678075,153.93837392549727,0.5332068042754536,5.771162972537123,46.677594993114646,47.10854213118449,8.013874816860472,0,none,-1.0362146846922082,1.1812792268552017,-1.5409953030702805,0.6563836508294313,-0.8267844832781847,-0.7411944542037718,-0.4396514009310999,0,6.4225032038601775,0
2026-01-01 09:18:00,37.50208794489895,144.58788670876854,0.4720250324788619,4.520029470280843,48.9839076657298,47.23578165975549,9.049213362011196,0,none,-2.08997652721808,-0.5298536306979817,-2.1564032522560757,-1.9694243531843625,-0.11823792053990158,-0.6375842316297197,1.2316149530117695,0,8.73309486853789,0
2026-01-01 09:19:00,43.03330982010106,133.078907521811,0.6485664983827213,5.815296903890642,50.171679601703765,47.47761174472559,8.429072039541415,0,none,0.6029352566894577,-2.4590117078745695,-0.07506936870884394,0.7853287837522587,0.2556126362171074,-0.46739825193615575,0.22221871780650926,0,4.8675747229849025,0
2026-01-01 09:20:00,39.46974087711912,152.58334955121464,0.6359193730655632,4.968384750772902,47.375234984808536,51.2864837685531,7.462898814762004,0,none,-1.1043196033642804,0.8907962512225382,-0.2326050691402773,-1.0525151405905193,-0.5717895198051602,1.863063712902085,-1.3004013799160563,0,7.015490676940917,0
2026-01-01 09:21:00,41.71769965232487,162.31885263494527,0.436503992088482,5.476812932303994,55.38896082366991,46.11028467012014,8.241093451573024,0,none,0.02016248991962928,2.419766143235443,-2.417361064182776,0.05902453613929032,1.8825369885029304,-1.3009263303235648,-0.06449874808716241,0,8.164276300390796,0
2026-01-01 09:22:00,39.135481145100464,140.60820464319525,0.6986319492920152,5.181876783612754,49.57780213248724,46.31429465004243,7.759460876145281,0,none,-1.2229615147779787,-1.1601321372400955,0.5254740003502969,-0.5755510904596035,0.10690000950516364,-1.146192625606347,-0.8073771009668126,0,5.544588478906297,0
2026-01-01 09:23:00,40.55052105846148,152.47348250490143,0.755830417146361,5.528505481597355,53.823812326910144,47.00923843917614,7.246102705012802,0,none,-0.5013889056675032,0.7838004007918087,1.1443718991616971,0.19542178171267002,1.4089271313095788,-0.7111260362920413,-1.56042001766623,0,6.305456172601529,0
2026-01-01 09:24:00,41.62663848955746,151.69778015805886,0.6757411761223138,5.748249455154155,44.98667171506087,48.48479290717653,8.768084460450192,0,none,0.04243563737938648,0.6349512278498842,0.2741266176783746,0.656630452621997,-1.2575040355199305,0.21658368371162778,0.8539549939933421,0,3.9361866487545427,0
2026-01-01 09:25:00,39.77643997475768,140.62579155213305,0.7778511260850881,4.904796750572001,56.439136928297856,46.99635281437725,8.95833755618449,0,none,-0.8927921364131037,-1.1777549679813013,1.3733424140720625,-1.15796854195457,2.132802214418202,-0.717025526731192,1.1430383059486102,0,8.594724107519042,0
2026-01-01 09:26:00,38.65099268580449,157.55207082611588,0.5940139197382927,5.450053678835748,48.391443093503135,49.93647303987139,8.635905497716541,0,none,-1.403794761918466,1.5630000340326313,-0.6478372841047275,0.015110089965799073,-0.24920996848891225,1.2389022976540245,0.6303092423104432,0,5.748163678475003,0
2026-01-01 09:27:00,44.88909514768466,152.4391360901442,0.4855691956245437,5.601028841618097,49.3280676638128,45.28991783135741,9.004123326856352,0,none,1.6936777697400942,0.7127184372901043,-1.8150288897324793,0.33029081350672623,0.027635051765014535,-1.7994566002409995,1.1796126237886764,0,7.558420186064095,0
2026-01-01 09:28:00,39.798798800498055,147.56980679900474,0.6487370284475014,4.9500428539205945,52.11461722760223,46.81977426094671,8.434832778031472,0,none,-0.821236523693401,-0.08675980454502169,0.06090281643284263,-1.0744505773939315,0.9264429920745676,-0.7843858272479858,0.28709271484547905,0,4.041271256233229,0
2026-01-01 09:29:00,41.289262098242446,154.30238006038627,0.5700346068965502,6.079755229828924,50.64392718430112,48.49853374337145,7.56648066970441,0,none,-0.09469292962340556,0.9757226157235307,-0.832296038750025,1.3424772173764974,0.48028455519877844,0.2950147588468216,-1.040499309679587,0,5.060987425198645,0
2026-01-01 09:30:00,39.94763708707595,150.41225628856276,0.6126855094155028,5.046942923527233,46.13808031256013,47.42130817380568,8.20471381568634,0,none,-0.7368238172854504,0.34338869333681665,-0.32088618162765753,-0.8755541644954332,-0.9139005922889998,-0.3846560379281704,-0.02339592251937611,0,3.5986054094819044,0
2026-01-01 09:31:00,38.519718680780045,156.58854835361606,0.5831955577159036,5.403818121606188,46.58276699485101,50.79596137993685,8.674265815868651,0,none,-1.4003447658122927,1.3218903782593892,-0.6405405582813047,-0.08221693707185135,-0.7475190807743511,1.7396781001326325,0.6975283975143485,0,6.629718217846171,0
2026-01-01 09:32:00,42.65120637081995,160.70772529098227,0.393553116601582,4.978759227177345,46.08240214216023,47.697743152086126,7.500965799875617,0,none,0.6878720153350881,1.907574098323464,-2.7238548142067547,-0.9891352781178782,-0.8885977806551368,-0.20834280195088964,-1.1447999787040015,0,8.550176767293213,0
2026-01-01 09:33:00,40.76138220900566,150.54907379206023,0.5192538318172811,4.483652829680048,46.47302092379752,43.97662690018652,7.732573200514197,0,none,-0.2877399994584634,0.24019679463503021,-1.2569713924550483,-2.0124099182482404,-0.7329954224100856,-2.4321312906013395,-0.74725719362474,0,7.709702011432947,0
2026-01-01 09:34:00,40.61710917316923,155.20419708468205,0.5508946191785146,5.335126450080405,44.11562353248028,47.71877016755173,7.225327524273459,0,none,-0.34213292191698635,0.9737119679135534,-0.8875151370945021,-0.11300784670581585,-1.4630823612523287,-0.12964168545416038,-1.5178314688945655,0,5.426923389231913,0
2026-01-01 09:35:00,35.3400618397534,161.1742104555127,0.6025114788010478,5.271663052869782,48.649058957316775,45.61443545124345,8.814203477439458,0,none,-2.8065299885720023,1.8819839018028328,-0.2959917310254527,-0.23904499545693264,0.01807764929224556,-1.4210472443439768,1.0799095796806029,0,7.742585090174046,0
2026-01-01 09:36:00,40.42162116042319,145.7903563978816,0.6623927805873708,4.519218618073351,46.92907737075261,46.92538691403418,7.945549045449374,0,none,-0.34981165701831274,-0.6325657046422315,0.3742674979243732,-1.8489033851497885,-0.5260080643290805,-0.5993975994184385,-0.35982319580407063,0,4.690777104286295,0
2026-01-01 09:37:00,41.482244399671856,152.5714420895903,0.7010016886467184,5.605770197283785,49.68631748215921,48.79266185217105,7.78370181517557,0,none,0.13394146978094357,0.46812215007488106,0.7971238125112318,0.5408299247731715,0.3704408866190429,0.5581807711971287,-0.6182663915317189,0,3.4869054064881184,0
2026-01-01 09:38:00,40.324774682879,147.25352175223335,0.62961618463988,5.415307751002263,49.54986481980513,47.887609876327744,7.144157662187533,0,none,-0.4138488985420245,-0.41443265425632503,0.011555684834645788,0.13023320251059697,0.3246406381772355,0.012952776470334807,-1.6102417383634615,0,2.9179055931546243,0
2026-01-01 09:39:00,39.41744712630148,156.47327447212484,0.6180551286802153,5.625818654202692,42.62809314564276,45.765625692824536,7.20460847713988,0,none,-0.8477083807161809,1.067106458582109,-0.10191301582482129,0.6036418345650496,-1.8373192980362132,-1.2725781524349342,-1.474256817057245,0,7.204523957216553,0
2026-01-01 09:40:00,42.05540263989364,147.10082875286605,0.5751270360114212,5.34836082258829,53.83094408002533,47.45693450045898,7.998282570187137,0,none,0.4715836731447342,-0.4657528568612317,-0.5662581983922843,-0.0036000790057762106,1.6443200069855923,-0.23381580740221702,-0.19886074434962725,0,3.5841913661414626,0
2026-01-01 09:41:00,40.11717539413896,154.58256624953634,0.5135298523224268,5.420842556621444,49.38069309005284,45.83697140955225,7.2964915374563235,0,none,-0.4827848782081952,0.7318015099671435,-1.228520386167016,0.1637384769234819,0.2430613545742808,-1.2033271065687867,-1.2725770986423655,0,5.325810811051269,0
2026-01-01 09:42:00,40.74128278134551,150.44289637351895,0.5832770111138609,5.322401701674695,44.994887191142745,46.409643475426016,7.311294473623235,0,none,-0.17863345183786292,0.06622848861852851,-0.43071792253977076,-0.08090834883042475,-1.1455849798205968,-0.83242610056566,-1.3167084066222103,0,4.051207698835054,0
2026-01-01 09:43:00,41.60839835383668,154.46180594392126,0.5976421283182413,4.728355445140243,47.98545069520994,48.15624789742731,7.655018111007968,0,none,0.2687271140199447,0.7026216558337776,-0.24103331816109488,-1.4857744839110256,-0.20350071714569978,0.21897582926169243,-0.7517166215498353,0,3.87234973988307,0
2026-01-01 09:44:00,41.49169097519285,150.82168501522892,0.5355620813464679,5.473553900659301,44.38095609609079,46.64637370831797,7.530370114437471,0,none,0.20548723034166755,0.07682673435804731,-0.9329206237023728,0.2537475996061669,-1.302630936606793,-0.6658501230063265,-0.9334338961404486,0,4.370897143761823,0
2026-01-01 09:45:00,36.81614888491807,142.2392062346917,0.5203733213050833,4.980025045724032,49.20848566110875,45.27770137983912,7.265802172354707,0,none,-2.0419180297825705,-1.32338256693255,-1.077512098933769,-0.8704713404002085,0.20867133265022195,-1.4606223451063671,-1.3322952691594938,0,8.31487298296518,0
2026-01-01 09:46:00,40.0718078743648,144.66131704399632,0.627818218588087,4.866042687881561,44.18983284202161,47.40685911819288,6.768682737549502,0,none,-0.4395777696605155,-0.907256092078793,0.17608265452721258,-1.117843498533686,-1.3526135808955915,-0.12554182480243353,-2.099209223053666,0,6.2181246435518975,0
2026-01-01 09:47:00,37.83042143068002,159.41922131558954,0.5840700440656241,4.996920204861676,47.39433624602309,45.86044129529528,6.261591555330459,0,none,-1.478014891951678,1.4685391562968888,-0.32939733469225285,-0.8277277213708795,-0.3267591510078796,-1.0572256142043934,-2.697700403031651,0,8.185364272555624,0
2026-01-01 09:48:00,35.29241979285031,159.77976443610157,0.7129055800007057,5.5185730103308,45.76353345988274,49.21244669616267,7.225205732677387,0,none,-2.509715691051016,1.4823205084935973,1.1820462946126906,0.4366089304490815,-0.8407758912120643,1.0046886726973079,-1.1714858933380508,0,8.627641881853808,0
2026-01-01 09:49:00,39.83303024971214,151.81530173106538,0.5527329377971122,5.34961904502094,45.29272194815766,45.82136363081343,7.738476303255441,0,none,-0.42522983905796313,0.17847890989375156,-0.6819180349545864,0.023517901685403117,-0.9612398350697311,-1.070591127436663,-0.3569809420943279,0,3.697956590192426,0
2026-01-01 09:50:00,35.74040292654915,155.02772495020375,0.5099112877136455,4.437082534717495,50.89648275590365,47.52406765645914,7.289000447501048,0,none,-2.1755501047030545,0.6951779881338118,-1.1485813646957421,-2.1207650649397745,0.8039472078016106,0.0007252835215613818,-1.0502410889207672,0,7.994988102716323,0
2026-01-01 09:51:00,38.23721903752124,148.16306739571604,0.5323152736635222,5.653912131048469,45.94128125511176,45.924229140134365,6.68721972961259,0,none,-1.0422948468437878,-0.4299233560762767,-0.8662446474430342,0.8315494628363519,-0.7420462999116662,-0.9695082342442712,-1.9191637718360304,0,6.800730619191418,0
2026-01-01 09:52:00,34.10552111178589,148.85163554556183,0.724113330834497,5.150815207134727,47.25105938310706,43.87808824015947,7.953566651853611,0,none,-2.6375322431396313,-0.34281249493034666,1.29470897552206,-0.38367241540538993,-0.31164914329880006,-2.212345730460534,-0.0027146606904684388,0,7.185435663447231,0
2026-01-01 09:53:00,37.03562932391559,145.74802435196196,0.5983801028489293,4.921715129997454,46.828693492094885,47.88432426525185,7.67508611972625,0,none,-1.3750247696554827,-0.8447965987739459,-0.12944841763080142,-0.9088850815742482,-0.43428136502791115,0.3508828312908634,-0.4060652528813493,0,4.449384316834602,0
2026-01-01 09:54:00,38.09161480184338,152.28114390298194,0.4937508770535722,5.607172276237723,43.043202532001125,48.963224449361725,7.721724426171352,0,none,-0.9094418964108965,0.28525898050420645,-1.3320811474138885,0.724836585159664,-1.5865428403930562,1.0392026756710377,-0.3243046823257469,0,6.201668807878496,0
2026-01-01 09:55:00,38.96914881834135,162.8419216937981,0.6257945439768303,5.218018307926172,46.21023625624517,46.45310821398451,7.619098592421878,0,none,-0.5169308684528636,2.0118106642408473,0.20745927412824391,-0.22245505853384526,-0.609005892297865,-0.5593619608653438,-0.4571539746250175,0,4.584177693144026,0
2026-01-01 09:56:00,37.85825515502076,148.13447774899367,0.496480236555858,4.641184210605843,48.44272296917514,44.8001691202769,6.978670965774942,0,none,-0.9643638206866986,-0.44761538064561024,-1.2849298891224632,-1.5546070778988175,0.10876130034240696,-1.5757858712246742,-1.4171202476156664,0,7.353183587536337,0
2026-01-01 09:57:00,37.04228856238839,158.8123178200264,0.5296128472030873,4.273181379572332,43.12258193417459,48.82743777321279,8.362797218047618,0,none,-1.276112107341913,1.2954271459774176,-0.8571140276862336,-2.2750741041628855,-1.5178277027236755,0.9233635721468282,0.7371995902187147,0,8.882118250257667,0
2026-01-01 09:58:00,37.04217433019565,157.07113318481316,0.5549082276333057,5.155833359987512,44.14157681724338,48.47213826352522,6.482379759647095,0,none,-1.2479463700562647,1.0238842092552904,-0.5634599346365482,-0.24821738019146153,-1.1760920232127179,0.6994577425057349,-2.0945880265136054,0,7.053645686371623,0
2026-01-01 09:59:00,41.86160068690562,157.63007007976432,0.6130361707125872,5.888978560980122,45.94307369944117,46.30130710005061,7.955790763962176,0,none,0.8700306280095139,1.0828924033130074,0.17104551003570959,1.4457670336397033,-0.6081263645871854,-0.6533230558299095,0.1468702225739862,0,4.978055217989015,0
2026-01-01 10:00:00,37.8087049708399,146.28797026896555,0.4759895713786733,4.751002314088911,50.623271165055485,49.318721349014574,6.814218965632305,0,none,-0.8945694039369424,-0.8330064031172563,-1.4736722141351302,-1.1461484952968488,0.8289132348720483,1.2918170123547332,-1.5283836134988895,0,7.996510377211849,0
2026-01-01 10:01:00,38.50690534617684,148.96542219308432,0.6634885510418762,5.606145712264405,44.33796412887117,45.13018211470953,7.538140644919859,0,none,-0.5631922123984126,-0.37266545617412206,0.8833059134098873,0.8678960284310576,-1.0871220764956837,-1.3634091509422286,-0.4235205361826199,0,5.561111374034011,0
2026-01-01 10:02:00,42.42363300655579,160.22719469841303,0.5414794014172628,4.773046459309762,48.64047665062797,48.25346181172142,7.102540742393118,0,none,1.1506802061255181,1.4764127118136023,-0.6515475066504092,-1.1424821430083396,0.22976226205656147,0.6094309678836595,-1.073238118510502,0,6.333553916048592,0
2026-01-01 10:03:00,35.12250095323834,146.01461049142347,0.5077346060056303,4.62983249786265,44.70313070179516,46.82016652659179,7.041806293021871,0,none,-1.9770439626717422,-0.8900434656041996,-1.0450142810887149,-1.4446341450066216,-0.9418500908534493,-0.2707315108090899,-1.1301406614244334,0,7.699458117458251,0
2026-01-01 10:04:00,34.422330624533096,154.39757793787194,0.5797760795708564,4.426156905739759,47.08011347507192,47.58550906649617,7.847376898965357,0,none,-2.1638088049361164,0.5087451571852798,-0.12116990273230702,-1.8938522010159777,-0.20108499175897107,0.2227617311687573,0.11325246645089031,0,5.224675255248299,0
2026-01-01 10:05:00,36.46795408628795,153.50025712811217,0.6386641635977347,4.707915098498025,50.78548815297329,48.40427451441544,7.582557983951435,0,none,-1.2648915900955826,0.3354118265295567,0.6050984806961365,-1.17937149120686,0.9070721424562552,0.7921524069026452,-0.2917946231406442,0,5.375792561027681,0
2026-01-01 10:06:00,37.673032836889696,154.81038137973962,0.7362930999121482,4.78610432184245,47.725083624364615,45.15431849276458,7.171057566416719,0,none,-0.7402091451387426,0.5352386970476404,1.7659697384897708,-0.98313510303205,-0.04332455082073289,-1.3483639715224087,-0.8966707365852788,0,6.3129119426366245,0
2026-01-01 10:07:00,36.121506937435655,159.72294443535003,0.4544847033926267,4.647656113423119,51.23937308992783,47.58793412035205,6.602597961093978,0,none,-1.355610640497521,1.322618404135965,-1.6564798666494036,-1.2640170640324646,1.0043554179967633,0.2685450363874076,-1.69299155423152,0,8.564617983931045,0
2026-01-01 10:08:00,38.28218443325173,153.00439116926114,0.5645795413150155,5.11734627880043,46.18163835768258,48.639396203574094,8.72555498939542,0,none,-0.4131881751117725,0.1808696602052918,-0.3192790317332625,-0.16344019664601026,-0.5597642864039214,0.9375150875759476,1.4500616190143538,0,4.024118056690559,0
2026-01-01 10:09:00,38.14158618129746,160.87269309445637,0.5235647063516097,4.429606958955038,45.30520748464407,48.218475686147656,7.5255549836016415,0,none,-0.462654051725253,1.451275155924669,-0.8063483529394828,-1.6924297533143946,-0.8024890677171012,0.6472092594142913,-0.29991375469229375,0,6.1623193957274855,0
2026-01-01 10:10:00,35.16901592639517,160.228129613488,0.6326222921735815,3.980965038294199,47.75694822620216,44.982406585419874,6.79799401622912,0,none,-1.6928751197408392,1.2998240174560656,0.49432312778715487,-2.518978813560044,-0.06265056560696,-1.4281540776494779,-1.3513139662978138,0,8.848119688098356,0
2026-01-01 10:11:00,38.54496808991561,147.42658678709455,0.6612264381974529,5.270277687739471,43.28796861681575,46.37280380831811,6.903358209955869,0,none,-0.26575651486958274,-0.7774798174949773,0.8572014509949876,0.25622588256373346,-1.4482842723506923,-0.565184729673569,-1.1782832562796361,0,5.3484159242271785,0
2026-01-01 10:12:00,35.301081507756564,156.39619745787218,0.5624663999846299,5.067947753907426,50.073670045708646,44.8756292981501,8.643880927999225,0,none,-1.5884279529981655,0.6735153317988557,-0.32679347823443383,-0.16211918352753807,0.6841870115483452,-1.499500957471089,1.3934954091663123,0,6.328039324744739,0
2026-01-01 10:13:00,39.5223456315143,154.11088008630756,0.670254055902326,5.269411032246061,48.80932092124018,44.23719820874005,6.512817190742661,0,none,0.19365731173190037,0.2810030749828048,0.9577537656891097,0.27830060139697244,0.29862536471097606,-1.823826451960996,-1.681880837120513,0,5.515047407593272,0
2026-01-01 10:14:00,38.516057153970216,156.47662625327845,0.5779748120045626,4.583527592663293,52.5776666020333,46.51955145509166,7.769663058614149,0,none,-0.21154449431636962,0.6456702460585599,-0.13892585685529213,-1.186857078560095,1.437397914506865,-0.3697972615459065,0.15620861592360435,0,4.146401467766692,0
2026-01-01 10:15:00,42.40212496157896,152.55457817085554,0.6917158964508805,4.686918406566294,44.90363805066894,47.06411777451856,7.656007627349922,0,none,1.4122898665436612,0.012335028931725422,1.258708436532664,-0.9348843199312398,-0.9349518192574591,-0.01647023633344089,-0.007867360651897708,0,4.577507068182088,0
2026-01-01 10:16:00,39.62152498560575,156.0575758927062,0.5121927925272781,5.51140921299402,44.94370199834178,47.17805715364026,7.268754427173762,0,none,0.24238971619532546,0.5834304961895,-0.9228812197034864,0.86689483165046,-0.9024354674385447,0.06415618992228297,-0.5577223154602569,0,4.139910236559857,0
2026-01-01 10:17:00,37.509007379800615,163.4635962127274,0.6980924401844378,4.830186690242551,44.56442240173794,49.41131488502477,7.212148470380666,0,none,-0.6269317033467048,1.7341046653708403,1.2920514521543194,-0.5961918176838382,-1.0058994746921264,1.4314937664750014,-0.6201966980112624,0,7.306869577734092,0
2026-01-01 10:18:00,60.99548470130228,120.02575388435037,1.2383347974830534,8.539621043085308,52.61254071636454,46.0135139701898,6.552835248611253,1,congestion,5.835632665750644,-4.330776157174922,5.4429958873310715,5.3769254069757135,1.5292265523990267,-0.6716993197423913,-1.5455864517407594,4,24.732842441114528,1
2026-01-01 10:19:00,62.04677201453815,110.9629705876416,1.406144655480111,7.4841507618174195,51.69228241024902,44.113299071794025,8.35826378941463,1,congestion,4.754119499993697,-4.636131030264295,5.065286513995233,3.3168581935196606,1.221526963283164,-1.7682928618139973,1.1325895774153212,4,21.89480464028537,1
2026-01-01 10:20:00,61.71930910706749,115.00820754902354,1.6468901842287915,8.037750393798364,51.163856244103584,45.67831842159381,7.419258122036185,1,congestion,3.9411338844154753,-3.615224510914654,4.9451692983175155,3.5746955435356655,1.0273428226885903,-0.8088780316355844,-0.2599714536952797,4,18.172415545202764,1
2026-01-01 10:21:00,61.73912376747104,115.00078370773667,1.7577185569851108,8.685766221495863,57.58883128824039,43.42111759110056,7.4901599480506755,1,congestion,3.4621808957522466,-3.236163553289038,4.41685759647159,3.7701634787626177,2.91700938413984,-2.137167154084627,-0.1372627680355882,4,20.076804830535544,1
2026-01-01 10:22:00,68.28996764186084,101.25091667938112,1.6288030894119156,8.94390409193878,58.06134154194241,46.30498802995388,7.370502006390047,1,congestion,3.8414794505478556,-3.8497080071129735,3.42846086663179,3.5332225991391937,2.810029811689586,-0.3657485228605416,-0.30645861905278815,4,18.135107877034727,1
2026-01-01 10:23:00,70.57667230483806,104.0286523929189,1.7662939694897173,9.306810564930622,57.99966835118742,46.8981003663899,7.907770980335466,1,congestion,3.6048310385587468,-3.2303022821833745,3.4454022044431283,3.4217066866470036,2.6598265620201804,-0.00032641443408929676,0.4804439751709205,4,16.842839163457445,1
2026-01-01 10:24:00,68.05753103672319,101.610439785679,1.9035025365718932,9.010911239145504,60.33699962816689,45.40014053728475,7.394552330641544,1,congestion,2.980789385767667,-3.0627052886062707,3.4133968317490906,2.8833771117692106,2.9800898181681044,-0.8900400328462903,-0.2597211889294626,2,16.470119657836094,1
2026-01-01 10:25:00,69.9146026263296,105.31496362111486,1.8946633198060248,9.435424473140934,56.1651645696097,45.797682412317386,7.37662809171496,1,congestion,2.900111836739861,-2.6167910457417265,3.055899484744545,2.930007254355057,1.9485340400276066,-0.6311090550942219,-0.25699748395174665,1,14.339450200654763,0
2026-01-01 10:26:00,70.90778624673787,97.308003075871,2.112528432632016,9.510694881785463,60.24689010689277,44.87125823873099,7.911917247852726,1,congestion,2.752420224280702,-2.8395441867546007,3.2275762398988443,2.739440982222681,2.7235585904096595,-1.1708598038391382,0.6338429175328182,1,16.087242944938446,0
2026-01-01 10:27:00,75.34510659803513,95.39958034112776,2.006199941446081,9.263235296330944,54.03065203648632,42.84212262450427,7.44366298955857,1,congestion,2.9025656900267576,-2.7082082337452076,2.7308531597743446,2.3942931288273246,1.2422902367851778,-2.3169045143922453,-0.09593076649201907,0,14.391045730043077,0
2026-01-01 10:28:00,77.19028498718336,96.1551741973647,2.2709763483763514,10.481907086489802,56.882699033972,47.091733102671405,7.315953190069963,1,congestion,2.804447887442298,-2.478833452810491,2.9980948617682714,2.9141275188819855,1.8339424837116878,0.2311040567948211,-0.2908836693603909,0,13.551433930769946,0
2026-01-01 10:29:00,74.4717349372884,94.49889913268323,2.3605280987783432,10.03225444789896,58.70251863839387,43.69576406565186,7.892250133099166,1,congestion,2.4001913914360316,-2.39036670209345,2.8921752049452687,2.457001174902541,2.1272150646908043,-1.729819063217906,0.7151928870370627,0,14.711961488323066,0
2026-01-01 10:30:00,76.98095500674472,86.87958431522175,2.3312792754129976,10.338112795385197,62.052442711518005,43.71406084967117,7.520485391881629,1,congestion,2.4224248226141274,-2.5539571871677147,2.617064151124998,2.4516360611176267,2.6283639499107934,-1.6459228688598664,0.08201504335762107,0,14.401384084152749,0
2026-01-01 10:31:00,78.03486024230648,96.5383601190572,2.299230573587046,11.461694767183086,53.13306649299277,43.89207853076077,7.167284548585337,1,congestion,2.339227697702556,-2.000911522811633,2.387641311391134,2.8093679306265336,0.7936731515385692,-1.5274044928000468,-0.523509596471359,0,12.38173570334183,0
2026-01-01 10:32:00,80.98105116293155,86.343808146142,2.426347216875792,10.501585032242271,61.91605326801261,43.3807998807257,7.571991201567034,1,congestion,2.3822426622625867,-2.2995283008432836,2.4279071427258563,2.176302945472477,2.3972759446482463,-1.750281404107854,0.22515720820508897,0,13.658695608265393,0
2026-01-01 10:33:00,83.53545816918407,85.6741911283452,2.4440947047816617,11.440654770657083,65.17733259471734,43.104454723305466,6.458310276145645,1,congestion,2.386291879785311,-2.1892014812475638,2.3009398802953704,2.46078315570541,2.7704196410236346,-1.8765967049115917,-1.7567591277182402,0,15.740991870687122,0
2026-01-01 10:34:00,85.58440670766082,77.42128837325195,2.5081751376787818,11.439606314177285,59.331664842298046,44.22998280926022,6.587992185373897,1,congestion,2.354379735686688,-2.359400037559523,2.2522418230888404,2.3028969739317966,1.6478698646308847,-1.186613861128413,-1.4761712439376806,0,13.579573539963825,0
2026-01-01 10:35:00,84.33706653791849,74.31659335648428,2.476458451289086,12.070631964218569,56.53319981675784,44.68956765943915,6.045821824679711,1,congestion,2.1466095121624265,-2.3243479171013144,2.0825399751739955,2.4110676783086817,1.11672793108271,-0.9096606806133798,-2.3696595768463573,0,13.360613271288866,0
2026-01-01 10:36:00,84.36619402058946,67.65772660222568,2.873752123589618,11.235682503876044,62.16167204955822,43.84384658458187,7.327410854722161,1,congestion,2.0323305364755035,-2.398059898941523,2.4641627982915346,1.9495018716572723,1.9937114583493836,-1.3415045998263375,-0.06288361377289792,0,12.242154777314452,0
2026-01-01 10:37:00,88.85865570168987,59.81394903547415,2.754846244898923,12.2888594433083,63.94358703656766,44.820998394261785,8.819441666303714,1,congestion,2.1599171044269254,-2.48558353115948,2.1674558108488045,2.241917779970432,2.1633981440698498,-0.7667648348716652,2.4674473324823993,0,14.452484537829555,0
2026-01-01 10:38:00,90.41446668141224,74.39574888555039,2.821584727419729,12.550412421819528,69.64739724529791,45.73042099645325,6.698779388583347,1,congestion,2.119107168443311,-1.896806857706467,2.1258113616052636,2.2052606446155196,2.8224233120640707,-0.2320349066035326,-1.1424563839489748,0,12.54390063498714,0
2026-01-01 10:39:00,89.97071861546577,65.37887350107495,2.8548913676730625,13.431508411329474,62.70079467957931,45.714391374173054,7.397669714078263,1,congestion,1.985688081101794,-2.071280715465051,2.0498527388329038,2.3730567261384112,1.700803365004774,-0.2406876924107968,0.03787981021766522,0,10.459249129171395,0
2026-01-01 10:40:00,92.4540006654858,57.83934435777876,2.994738849839991,12.55903597850115,59.89196853053816,45.40583882717623,7.689276703418409,1,congestion,2.0032415489234046,-2.172825379944385,2.09613709127817,1.9495764278065664,1.2498724812307023,-0.3990197783331808,0.5456098166588425,0,10.416282524175251,0
2026-01-01 10:41:00,94.2793746766488,59.09708744663156,3.0740814509268537,13.677208941331482,67.85618011862353,47.21607052310552,8.191141514298815,1,congestion,1.9859924824008701,-2.0217089606573095,2.070370031851331,2.2043188728210756,2.2742104161770866,0.6247627750012784,1.35645963167611,0,12.537823170585062,0
2026-01-01 10:42:00,96.76921699525556,61.88382996726048,2.934618950606384,14.31088881237711,69.93113826623917,42.6553115935139,5.642907576124429,1,congestion,1.9969621137537212,-1.8469563043948927,1.822442346820981,2.2688553846026505,2.399462564331241,-1.8883315693067912,-2.6984199121124353,0,14.921430195322712,0
2026-01-01 10:43:00,96.5960288169442,56.00696297526943,3.322398552330336,12.83483391715368,63.84078068929678,47.82866152941006,7.466141975892874,1,congestion,1.8906581629835246,-1.9152741456391056,2.1247394850764536,1.711005350347674,1.5150136542448194,0.9859846724017953,0.17653516113789258,0,10.319210631831265,0
2026-01-01 10:44:00,37.5382820314439,165.93099887676243,0.5365859780296088,4.107852213950462,45.416176634274215,44.84559008906847,6.538941452138565,0,none,-0.8250660150746839,1.1265496752461348,-0.8514605417798718,-1.0573942127598637,-0.9335140401101468,-0.6547557251121756,-1.2431194627366402,0,6.6918596728195165,0
2026-01-01 10:45:00,36.87138293459216,152.6759949084062,0.5350954819225486,4.923146598651359,44.39723485435147,44.53285589705766,7.4513449767223054,0,none,-0.855792484982945,0.7533668710411954,-0.8535109868443178,-0.7985905902110038,-1.0498991314660342,-0.8178048639408505,0.17213329389648654,0,5.301098222382833,0
2026-01-01 10:46:00,34.52974728623176,160.36942341729312,0.4080106814512007,4.838580253281121,45.739592923526615,47.02925424800063,8.104162514971318,0,none,-0.9557440493858379,0.9528330080039898,-0.9820031086650871,-0.8251325275421828,-0.8792264797340401,0.5657548516326882,1.148099954777985,0,6.308793979741811,0
2026-01-01 10:47:00,37.819298209265696,159.36900755536098,0.5095606405693407,5.256858802082641,42.917089496542346,45.26970822810826,7.405154963415166,0,none,-0.8050686708121251,0.9254748674464645,-0.8715625668517291,-0.6947413944122902,-1.2312003248364316,-0.40234285439551937,0.03672147485958416,0,4.967112153614145,0
2026-01-01 10:48:00,36.55910067398318,167.74008854589422,0.4867672624230427,4.638247596230124,43.230232585731166,46.44650434792881,7.79732708938549,0,none,-0.8645109732281064,1.1467115664302607,-0.8889999238970892,-0.8830917707880211,-1.1778581899610345,0.28132769774023414,0.6429281438476071,0,5.885428265892353,0
2026-01-01 10:49:00,38.41705552345351,163.43341368979108,0.6479282755116387,4.922801494558855,42.191203997522784,44.51632310187952,6.96900401338617,0,none,-0.7776225212155612,1.0191773478768809,-0.7207397519639489,-0.7896402892436994,-1.2967571781974359,-0.7985962566569167,-0.6486262075408336,0,6.051159552695276,0
2026-01-01 10:50:00,33.88435134657698,164.40921126532342,0.4575334034542734,4.212881727053034,40.225219492511215,46.21782582662846,6.297005561929642,0,none,-0.9824812213988869,1.0373363007944922,-0.9211936343893642,-1.01118785517125,-1.4986091895516498,0.17635571127380506,-1.6466091867937316,0,7.27377309937318,0
2026-01-01 10:51:00,34.8010119703682,167.63902754346813,0.5377048622287993,4.2798608977534816,46.64901065363867,47.81856631078599,6.950022022560924,0,none,-0.9357903205186467,1.1074860013870609,-0.8363042572497654,-0.9773663743202942,-0.6858096884446809,1.0586904783742932,-0.647728359221704,0,6.249175479516445,0
2026-01-01 10:52:00,36.80613297240187,164.4551393218814,0.4824795693182955,4.621102788007906,46.48872706750062,45.013433497287785,7.66050726902304,0,none,-0.8479471818906412,1.0092441601630275,-0.8876797203951629,-0.865788234488913,-0.7037969408238346,-0.537296642851803,0.4670522399324919,0,5.318805120545875,0
2026-01-01 10:53:00,32.66925389072521,153.68742987299865,0.4777213604844446,5.555507805430823,42.61690164935881,43.69888338938546,7.269279071716444,0,none,-1.0305106790351148,0.7166948197238351,-0.8889946743399111,-0.5783267362974182,-1.1763696506133068,-1.2413745853403357,-0.13419321816578875,0,5.76646436351571,0
2026-01-01 10:54:00,35.782280099785964,168.61837024957842,0.4919697064215586,4.543104371368569,45.55277000080904,46.275867187159534,6.425141927771769,0,none,-0.8855514194902702,1.0999166833551437,-0.8738988207146302,-0.8863163912044512,-0.8164300502052154,0.25149639908191984,-1.4021062399143076,0,6.215716003965938,0
2026-01-01 10:55:00,35.10157733908773,164.88222946562607,0.3878783655453923,4.5913831281539865,41.32655293680212,45.3730515618969,6.490587754372877,0,none,-0.9113511540146971,0.9992612450401434,-0.9760362795002399,-0.86578256208554,-1.32640070400263,-0.2636424025823966,-1.2567096699797196,0,6.599184017205366,0
2026-01-01 10:56:00,35.11496277494393,161.13904650955826,0.5355475017074806,4.561197759319838,45.11127912565793,43.595264077226176,7.260358489171753,0,none,-0.9070466650087904,0.8908086068941221,-0.821896249877251,-0.8744436821369926,-0.84201780631053,-1.2730347454210214,-0.09000062451996024,0,5.699248380168668,0
2026-01-01 10:57:00,35.38819218009952,164.06500816689743,0.5733880053763961,5.15819393160907,45.26287065416485,45.241425342482216,7.252394614040344,0,none,-0.8924445056614831,0.9635117885352236,-0.7833358408640183,-0.6960021135723036,-0.8311854672842333,-0.2982220104696318,-0.07555699891619042,0,4.540258725303084,0
2026-01-01 10:58:00,31.381556796780377,170.35975843203084,0.5567599447752855,4.16096406334953,41.26326880729545,43.26688262033933,6.667009793217005,0,none,-1.0651917922636844,1.116799958371268,-0.8008989117672298,-0.997817249185361,-1.3164277388058345,-1.4214544480990687,-1.001001225003799,0,7.719591323496245,0
2026-01-01 10:59:00,35.87093703645558,166.24681393336328,0.5536836032763721,4.170095136618892,46.21979662022841,45.841552346987925,6.537580817498476,0,none,-0.8554542698314255,1.002179161571022,-0.8024404439691174,-0.9796729079294151,-0.7014219431796678,0.11304452807577468,-1.1641705490942247,0,5.618383803650647,0
2026-01-01 11:00:00,35.883524819210294,161.8900323492914,0.4871700355084736,4.242490417166352,45.20769881745508,44.87974225474881,6.904984459232808,0,none,-0.8524338945429877,0.8778583697926787,-0.8727727914641726,-0.9524688695365555,-0.8115339367949752,-0.4325384955121968,-0.5915005905184108,0,5.391106948161977,0
2026-01-01 11:01:00,37.781552965060506,165.39239933561976,0.5535168442640301,3.8650028968714554,45.43171660724767,43.76524333620334,7.043513625469435,0,none,-0.7663869973548593,0.956351360718434,-0.7998571668859242,-1.0522718897358743,-0.7876338826402834,-1.09841206628235,-0.36113389775882226,0,5.8220472613765475,0
2026-01-01 11:02:00,38.51740125583604,158.5917638699159,0.5016860640092743,4.628322435120049,35.37156260713893,43.1625917495192,6.902804509134546,0,none,-0.7290598182785261,0.7822110205405073,-0.8531214605885488,-0.8174840987747563,-1.9425641606186446,-1.4253325349261272,-0.5756178897041009,0,7.1253909834312115,0
2026-01-01 11:03:00,36.2863273632835,165.11158720067604,0.5244293020308546,4.382822145978021,41.47678107348001,45.373562309626514,7.009113730789848,0,none,-0.8304582702720819,0.9366945371468498,-0.8297354280727619,-0.8903256968942228,-1.1960025546763389,-0.044910051050570166,-0.4080277369675041,0,5.1361542750803295,0
2026-01-01 11:04:00,37.37474303003459,162.68523402266288,0.5893387517349384,3.7403577329993656,42.77634726912821,42.82158263054895,6.907949991134409,0,none,-0.7853863189553739,0.8685438852905102,-0.7618174522613637,-1.0793348648989995,-1.0256938823474855,-1.5716312360424982,-0.5444554501917855,0,6.636863089988016,0
2026-01-01 11:05:00,30.68331509044546,164.91822475876015,0.5496992140727534,4.1273724550456485,39.019687802522256,47.48224286911658,7.133370046627153,0,none,-1.0769708256516322,0.9172556979076932,-0.800946294571409,-0.956086432203027,-1.4216912035070661,1.3369186383286873,-0.17827999396488964,0,6.6881490861344055,0
2026-01-01 11:06:00,36.51227460800515,153.8956270238834,0.5345945456953111,4.390362896171243,44.27337290130425,43.59603297313317,7.163437784364581,0,none,-0.8149286837983384,0.6370299422943232,-0.8112075402252129,-0.8727882414413924,-0.8008824367738574,-1.073965554601145,-0.1306606226601142,0,5.141463021794384,0
2026-01-01 11:07:00,37.575382663883765,155.7120724685344,0.3931607245424592,4.534232193979474,44.85154352082599,47.66771010831757,6.252077827441847,0,none,-0.7691912072536354,0.6858891976516113,-0.9572096364827102,-0.8282149899876959,-0.7183932739087661,1.4524977612935872,-1.5401379716304437,0,6.95153403820845,0
2026-01-01 11:08:00,37.05220122494121,176.96618702077905,0.3095352610699021,4.2153992706997565,45.08284161913282,45.70270362193165,6.075335655747418,0,none,-0.7911064646780137,1.2065196620233931,-1.0359580132452992,-0.9169257033395781,-0.6886931370388785,0.2737905301048129,-1.7824752520657603,0,6.695468762495736,0
2026-01-01 11:09:00,35.7331836597612,162.1870627447689,0.4939074445266435,5.147381354999416,43.41782714397138,42.27119232584039,5.524501457648817,0,none,-0.8470267550812449,0.832073628180713,-0.8430802369468033,-0.6409549479881056,-0.8742685472794066,-1.8731472242588705,-2.470362097679147,0,8.380913437414291,0
2026-01-01 11:10:00,34.49386223554481,162.89970579427228,0.5153837594937984,4.151837388169932,41.76152647337612,44.233440779657165,5.00894858099815,0,none,-0.9014169385414742,0.8481600046717741,-0.8174097431628421,-0.9439727561314586,-1.044260441718802,-0.5990064119512801,-2.9589269291735034,0,8.113153225351134,0
2026-01-01 11:11:00,34.42287169104917,166.39607614638936,0.5041138960804945,4.730400397401952,39.93243050891267,44.5335386169452,7.894858733154022,0,none,-0.8992489825800023,0.9232437915521612,-0.8246997026135244,-0.7645136773785912,-1.2376787179159785,-0.38804010448552734,1.0294609832182655,0,6.0668859597440505,0
2026-01-01 11:12:00,35.1453770628088,162.5848301192807,0.5136215668950103,3.646584723483431,40.79961255308707,45.473732502173576,6.795712135385418,0,none,-0.8669020454232695,0.8233834808939736,-0.8134436696730621,-1.0782395022148574,-1.110238906617193,0.21185985382635614,-0.4628677329953624,0,5.366935191644074,0
2026-01-01 11:13:00,35.9033552591544,165.71495126044007,0.4285248050709127,4.974576454662754,38.77765484442675,42.91966201058068,6.604483235150823,0,none,-0.8288031340069396,0.8936279710244928,-0.8945291377675303,-0.6770844029590315,-1.2989516155799117,-1.4008456985698883,-0.7403114839389537,0,6.734153443846748,0
2026-01-01 11:14:00,36.135379481507904,155.2078571627012,0.2549377995650267,3.9881788210703295,43.77284742274635,47.29444090632836,7.133070193265751,0,none,-0.8156246839462155,0.6321698426037875,-1.062868504161785,-0.9676332475145109,-0.7288516323546412,1.359307880376209,0.03371103158319193,0,5.6001668225403405,0
2026-01-01 11:15:00,34.74953860629151,164.1792641975232,0.5435373935263295,4.825123883504238,37.29210332499263,43.06510541456341,7.164755585005687,0,none,-0.867899428479504,0.8483417537707764,-0.7623525005969071,-0.7181179418678936,-1.4065461324114032,-1.261076337089527,0.09185125230532434,0,5.956185346521336,0
2026-01-01 11:16:00,32.37217794899263,164.25133332435084,0.5394178978822277,4.534803786914476,40.66978849998675,43.99435123517771,7.075195000000521,0,none,-0.9633107477646919,0.8445619050280065,-0.7673282509670308,-0.7976158679196722,-1.0266510799592452,-0.6506430439770636,-0.03366301759298104,0,5.083773913208692,0
2026-01-01 11:17:00,38.47787735163124,155.34357797864715,0.544453667154097,4.179757725353923,44.140863319265954,43.1459060997108,6.573803407645452,0,none,-0.695964375993961,0.6284490914548644,-0.7581509169056606,-0.8980125054549519,-0.6520990670703697,-1.193833359630735,-0.7439876130658575,0,5.570496929576399,0
2026-01-01 11:18:00,33.04717909732914,157.06984409244603,0.6140320474874953,4.16335438627544,39.95418860347464,42.22774194557835,5.302631529729233,0,none,-0.908494038305963,0.6539623051399049,-0.6735721695482508,-0.8765343109463399,-1.0695830482613409,-1.7336343975191133,-2.4329428997700955,0,8.348723169491008,0
2026-01-01 11:19:00,29.36738269332944,169.128065631645,0.6338171557429977,4.665768108585922,40.26642761812423,40.915408259952784,7.366330924932896,0,none,-1.0369273174327018,0.9239751620561995,-0.6380947835189933,-0.7107495399482526,-1.0073875854874297,-2.436491259680533,0.44742068576894994,0,7.201046333893061,0
2026-01-01 11:20:00,37.52264920121032,160.54948396906605,0.547770144944337,4.294831923279962,38.8430199148908,46.090735200139264,6.70064500453584,0,none,-0.66419076391347,0.6918089407302958,-0.7048809388048377,-0.7979034680917535,-1.1238227923700597,0.8065208182730038,-0.4783481481104521,0,5.267475870293873,0
2026-01-01 11:21:00,36.643082815884775,161.1383704665429,0.6020402165354747,4.378481861160898,45.46690314507881,45.3141563273987,7.368406676014724,0,none,-0.6822439023231877,0.6856750594833733,-0.6296397241586086,-0.7501790123618963,-0.41242213229134256,0.30230231193074214,0.4711354131255627,0,3.9335975556747136,0
2026-01-01 11:22:00,34.94028644289515,167.1331374444668,0.5433971722175811,4.185518117576666,37.706473029237394,43.21836641772921,7.170371455585955,0,none,-0.7312471119276752,0.8055843689202092,-0.66909765929596,-0.7816314009271461,-1.1854347746430678,-0.9839424855331178,0.19522092170516148,0,5.352158722952337,0
2026-01-01 11:23:00,36.455132753026085,163.35896750506052,0.4239287909005212,3.737890869933501,39.535241777419046,43.67029778683005,6.214651505601261,0,none,-0.6427843250456482,0.6892042728136626,-0.7654516734209552,-0.8831696593724494,-0.9618449368108314,-0.6735755728873793,-1.125553494034367,0,5.741583934385293,0
2026-01-01 11:24:00,35.34509851223419,154.32722344108436,0.4608298962332847,4.692526341359731,40.96690972038087,45.10518550528781,5.86384609999303,0,none,-0.6676030189617023,0.4478162706313472,-0.7041996636595481,-0.5844918482896672,-0.784498609906008,0.2429041703823309,-1.5594358491439886,0,4.990949430974592,0
2026-01-01 11:25:00,32.7361690858184,163.4394115258629,0.3952602690322626,4.679737448299437,44.52231052619434,43.105310325139385,5.948299915493903,0,none,-0.7542807817894862,0.6494273309958618,-0.7450910832783529,-0.5666659669596568,-0.3918733526909537,-0.9978834444136343,-1.388195496747755,0,5.493417456875701,0
2026-01-01 11:26:00,34.58017699467733,163.9137274268526,0.4379612107863764,4.276733861021626,39.38278150632234,39.8802961863608,7.592213235887305,0,none,-0.6505123208947001,0.6368399360536611,-0.6769222470111221,-0.6605911489025065,-0.9043803157350192,-2.7836479793661697,0.892380256597586,0,7.205274204560765,0
2026-01-01 11:27:00,31.821992247140784,163.84613928049336,0.4978680843278537,4.809522187959401,40.60417212122766,45.3397148808978,6.095664945298247,0,none,-0.7432316918902807,0.6108864579534091,-0.5932433046972883,-0.484391988040822,-0.7497630382922614,0.41781097000710754,-1.1477802037845697,0,4.747107654665739,0
2026-01-01 11:28:00,32.9399847986214,171.73908295036705,0.4712132651238646,4.438217698672151,39.1072409465387,43.36689588020679,5.892278809833844,0,none,-0.6685587992861601,0.7802904194895075,-0.595606558235549,-0.5693166967880656,-0.878788483669693,-0.7291997166498944,-1.3760704147299065,0,5.597831088848776,0
2026-01-01 11:29:00,32.452161315555884,167.9462474295183,0.4892085278226381,4.253275635338417,37.11662537615554,44.26862178833205,6.241007622000927,0,none,-0.6644541770405133,0.6596210196802618,-0.5523318212851963,-0.5999729296201168,-1.0555427611490151,-0.19125877546524642,-0.8722960950935289,0,4.5954775793338785,0
2026-01-01 11:30:00,34.443996643513,162.15629698988135,0.3628799609063646,4.21669176693575,38.43931667127341,42.67582002907771,6.710164394771484,0,none,-0.5513180268277257,0.4886899668852431,-0.6578896737561728,-0.5862467865602023,-0.88633787809937,-1.133905752455848,-0.21103426712611054,0,4.515422351710672,0
2026-01-01 11:31:00,36.20414923458437,179.2019481723387,0.3939448577810238,3.744598485213509,36.50371898326061,47.39843372047971,5.543934297133239,0,none,-0.44776374956096243,0.8957828665647127,-0.5998120333255397,-0.7027887419334561,-1.0604276955593672,1.6257225213221718,-1.7403905728629456,0,7.0726881811291555,0
2026-01-01 11:32:00,32.73245096629064,166.02417430977331,0.4891395046152083,4.109453481064263,37.89583745437699,43.87290620410717,4.865237587592189,0,none,-0.5809069601962381,0.5305209527434147,-0.4728870219339626,-0.5655187503513679,-0.8829863752901479,-0.4477436374805225,-2.474301266657311,0,5.954864964652965,0
2026-01-01 11:33:00,34.88980322998334,158.82199747021644,0.548050335530446,3.926638397124687,34.830059396949366,43.96181396368012,6.144018531219701,0,none,-0.4545017123917192,0.315959979422177,-0.3829495916815448,-0.597138770535119,-1.1967925123489027,-0.406129425141806,-0.8208066857086819,0,4.1742786772299505,0
2026-01-01 11:34:00,29.650868933005068,163.895628743013,0.6546157427672841,4.653995673494313,40.48203056043671,43.13130268433844,5.467519559656197,0,none,-0.6810934386845761,0.4257394130181072,-0.23626059934375565,-0.33807813759063987,-0.5331875909864681,-0.8809781549479496,-1.6251372301554126,0,4.720474564726909,0
2026-01-01 11:35:00,31.71668309690052,160.37376889935865,0.3367483704309578,3.943940707388464,37.43305108195049,42.141912613184,5.1562401102304944,0,none,-0.5542805611443457,0.2996498231172192,-0.5757363619891929,-0.5464545329389695,-0.855042081555782,-1.4126020447762762,-1.9435341768597842,0,6.187299582381569,0
2026-01-01 11:36:00,34.87728527644641,162.3796817127659,0.3873371275646289,3.821890234115014,40.07800814516787,40.24181597348998,6.300467209063718,0,none,-0.36513317306290505,0.32769582511096473,-0.49161628661457357,-0.5629524830425638,-0.5225608125387935,-2.357530009387287,-0.5300576290618422,0,5.157546218818929,0
2026-01-01 11:37:00,35.66798809056847,166.66289928692456,0.5169815968350233,3.70438044681713,43.28806621864583,42.5982390792352,6.880719489063496,0,none,-0.2920837209765331,0.43175447412081047,-0.30010655341842646,-0.5822824057743454,-0.1003355290488668,-1.031608975827628,0.23050031257291717,0,2.968671971739527,0
2026-01-01 11:38:00,35.58461068360002,161.9026441803637,0.4555539796179281,3.914281361670237,30.84414545161444,42.37403657027339,5.854862696954456,0,none,-0.2635105830132074,0.24512594432824678,-0.3517101246297224,-0.4816363992199329,-1.710800804871562,-1.115617260933679,-1.0679730129556606,0,5.236374129952011,0
2026-01-01 11:39:00,35.78260343674291,172.60682330832608,0.5026534462730282,3.792719180208163,37.52572506567226,44.60358607964072,4.824191453190493,0,none,-0.214576981606198,0.5987390145435738,-0.2511469654127455,-0.5148740049551995,-0.7900765107919755,0.10183868182969605,-2.2457160423402827,0,4.716968201479672,0
2026-01-01 11:40:00,30.31194557892054,168.5268129796234,0.5616425651519574,4.40711159714616,37.44903875529233,43.67922401106564,6.4482424773664295,0,none,-0.5679041691264587,0.4310179228302515,-0.11241452890416956,-0.20928821729599104,-0.784239212658411,-0.38545142828448037,-0.2209314707186873,0,2.7112469498184497,0
2026-01-01 11:41:00,32.49383143484145,165.1241413073375,0.3902303619779229,4.918346495094477,36.64469830288471,42.95084145261367,7.174224852299899,0,none,-0.39429815537708296,0.25390745354150623,-0.39604013119822123,0.12959602858017466,-0.947623397312212,-0.7551008138645635,0.7292934885689284,0,3.605859468442689,0
2026-01-01 11:42:00,28.321000660494654,165.5651998242949,0.3946005052493,3.5767726061130576,35.58469392989159,40.56323016705465,5.76634134936254,0,none,-0.9044825875858019,0.24963204064867897,-0.3883038873736254,-0.7994120948807227,-1.3112731477843769,-1.9986414292752237,-1.0900709141246858,0,6.741816101673115,0
2026-01-01 11:43:00,33.11459265153854,167.29267379664756,0.4469669813124685,3.5306663085170054,41.94563799922019,43.04799919969482,6.056143902785088,0,none,-0.7038072785543172,0.6878430936502309,-0.5541779400846566,-1.853004667015996,0.21841824340872043,-0.6383452699813325,-0.6897754040069297,0,5.345371896702183,0
2026-01-01 11:44:00,33.84172494410366,167.64279269047398,0.4904048585870187,4.013850289170387,33.534860061879726,43.42131352667725,5.498754985590146,0,none,-0.37597841810946253,0.7472736054198894,-0.009844398811855544,-0.769912732752745,-2.08393205059407,-0.4185049669512275,-1.3694687314765661,0,5.774914904115816,0
2026-01-01 11:45:00,32.63843484736884,164.04183239380995,0.5073031107596412,4.466811624705822,36.49174147152271,43.44943815798291,6.950355249213215,0,none,-0.858110408554138,0.02116556318348539,0.20494292691994995,0.2583519294411018,-1.214133364340131,-0.3925740393457662,0.5027679937333659,0,3.4520462255179383,0
2026-01-01 11:46:00,31.40925366042506,171.78661361542544,0.5324129615261965,4.198501010503413,44.58620698938633,44.6444646023616,6.924754657262639,0,none,-1.3377426603841116,1.5061973929920165,0.49341363400946175,-0.3256627676586939,1.0505494547157581,0.29584547270896383,0.5117906867847128,0,5.521202069253719,0
2026-01-01 11:47:00,34.067628312693586,159.4035753333195,0.4267012108159754,3.915445022422864,38.81393541693923,41.96731852603019,7.08914693527296,0,none,-0.20144905789453374,-0.9287583059957094,-0.8023374085436035,-0.948130857548687,-0.54733719005426,-1.1741804042075934,0.7432100423960916,0,5.345403266640479,0
2026-01-01 11:48:00,34.21751795740357,169.336419607928,0.5050253284481919,4.089316670769752,41.25675309161355,43.65411419051613,5.896691465409697,0,none,-0.12186184928990676,1.0145495707782117,0.16469227099682643,-0.5196644065336211,0.1469445424423182,-0.20717783674321022,-0.8321889417997784,0,3.007079418583873,0
2026-01-01 11:49:00,33.366917053283764,170.2040835624783,0.4681568476193303,3.5504879940500613,41.52935320015711,39.712872693271215,5.450009000289477,0,none,-0.46033152595016574,1.1491909315676794,-0.2635719453710546,-1.7206365277578988,0.22696063946509737,-2.291601737967575,-1.3905230380731193,0,7.50281634615259,0
2026-01-01 11:50:00,31.838580366411065,170.0674778101168,0.5984974811462983,4.0253296394039895,38.13866982130489,43.26159586185896,6.552105679646915,0,none,-1.1034546470233888,1.0930767266459147,1.355339239173593,-0.6025525765610821,-0.7149878306372954,-0.3446603226556515,0.09317920036086945,0,5.307250543057795,0
2026-01-01 11:51:00,48.26761705351773,148.2819772071587,1.1790986945689612,5.778870928465576,40.04981756282763,40.13125681466934,6.309876835916554,1,congestion,4.675713351437503,-2.813859919190679,5.6939181680433615,3.1222738963186614,-0.15194208885437224,-2.0047261875875613,-0.22056368779671734,3,18.682997299228855,1
2026-01-01 11:52:00,48.76645656242427,138.5953520467077,1.1509418728043863,6.541658295948556,43.500824695771314,44.87697585771952,6.493861213041491,1,congestion,4.061946836457159,-3.853274317615561,4.386058343054565,3.9951452788508135,0.870304004766362,0.6179467041257775,0.05659070743939967,4,17.84126619230964,1
2026-01-01 11:53:00,49.54479317614502,145.51081126425473,1.0937487075571712,6.52446973193301,39.36899556374963,42.76626335759639,6.0120554933214425,1,congestion,3.6917985088872722,-2.648125700363302,3.488507211992825,3.617438028932357,-0.32453062750459694,-0.5387649607657677,-0.5876285464264248,3,14.896793584872546,1
2026-01-01 11:54:00,50.66889891322997,131.4745017425429,0.9464919605006124,6.687016503177416,44.78396548491965,42.32499966962817,5.642615306494272,1,congestion,3.4830861802850905,-3.9686203913774176,2.411807217456307,3.42340401157737,1.2753446325887055,-0.7548701200985917,-1.0753151664022624,3,16.392447719785743,1
2026-01-01 11:55:00,49.78503645195785,135.70966386242856,1.2794360511551155,6.705412532990968,41.35661979667799,41.44777399247081,5.558864479804479,1,congestion,2.971156074629731,-3.084411911297231,3.7329881735690265,3.105373811963929,0.26386365253802685,-1.2021050206654809,-1.1563341955964668,3,15.51623284025989,1
2026-01-01 11:56:00,47.36257112609702,133.3295487126527,1.0735451363913402,6.589267235846615,47.196448734217874,44.92394209104495,5.328193768054666,1,congestion,2.3080346761979444,-3.033250323569977,2.494458319381312,2.711616692320699,1.9430942597096406,0.7131135273616378,-1.4199310194710346,1,14.623498818012246,0
2026-01-01 11:57:00,50.119522616472494,142.47991556695638,1.1110996254600936,6.014072149019897,46.08105347572359,41.9554224314933,6.2709117356642965,1,congestion,2.6354048519161823,-1.9566314568635,2.487734965867297,1.9105893731926122,1.6059733826224627,-0.8979474719795006,-0.11587772213936269,0,11.610159224580917,0
2026-01-01 11:58:00,51.82416193827123,126.85848084192718,1.259294993823291,5.900289483328055,37.6790546938068,43.99543339477808,5.655100108911165,1,congestion,2.7180315556830354,-3.1882171890904027,2.8775557004438834,1.692139727736521,-0.7951378742065961,0.223183456690668,-0.9357220808604467,1,12.429987584711553,0
2026-01-01 11:59:00,50.61692347584443,142.04709017081834,1.3528441764661294,6.862794685150669,47.81940645339027,43.78696968985816,5.838473236831724,1,congestion,2.343186947709782,-1.6853955486840853,2.9621844329107607,2.63563552131218,2.075844973586614,0.12858434993492143,-0.6664091833872089,0,12.497240957525554,0
2026-01-01 12:00:00,52.34676331111612,136.96172625686887,1.2455249929925438,7.250139269595949,40.71988835735311,43.52980181207794,5.890469075748792,1,congestion,2.4496898606152353,-2.037231838279921,2.3758200362443906,2.8099116057912195,0.0910425329869412,-0.0028968359738023646,-0.5737820881191373,0,10.340374798010647,0
2026-01-01 12:01:00,50.95514308224829,133.1984187167623,1.2457635736996615,7.219654219513176,45.1260099521193,42.723201612738535,6.193284538178079,1,congestion,2.108880389731516,-2.2255980356280487,2.2322625324848957,2.572129250816924,1.3607272841105351,-0.4464469858501703,-0.1410054370066952,0,11.087049915628784,0
2026-01-01 12:02:00,55.42516462002092,128.52567319628562,1.2559275093670204,6.944614026491975,46.23371439833377,39.99174790200247,5.812398670515134,1,congestion,2.584919005669216,-2.442971291768906,2.1372646720290356,2.1643884583016177,1.619666587131749,-1.8913608933696482,-0.6435063247967834,0,13.484077233066953,0
2026-01-01 12:03:00,53.96119360604592,133.16043428902182,1.353171374498173,7.437443689775405,47.97288983752944,41.74203836031627,5.852701500410962,1,congestion,2.230992689615145,-1.9637638516440943,2.3085347745653664,2.4534128032938742,2.0136898725701644,-0.9072495150906696,-0.5645019529400179,0,12.442145459719333,0
2026-01-01 12:04:00,53.847631683053805,145.58466051154753,1.3670348666099883,7.245299934543333,44.8900289683676,38.92457539726018,5.21061541301897,1,congestion,2.093910043965921,-0.9690038642996259,2.2123004416073986,2.1501620986584786,1.1421588119247235,-2.2992331726428734,-1.4051158076124057,0,12.271884240711426,0
2026-01-01 12:05:00,55.495986762175306,122.00477735749224,1.4071789019059928,6.926535461711858,47.79719160302987,43.27610832410923,4.976249717772153,1,congestion,2.1796744065285765,-2.5780054644180472,2.196793209935586,1.7829837228910055,1.845652799851385,0.003775741535897209,-1.6606890773804686,0,12.247574422540964,0
2026-01-01 12:06:00,55.92332904128348,129.5404809921094,1.2510390299919854,6.982094310363873,45.19534140525283,40.97050276875299,4.740349840029253,1,congestion,2.1082441476464013,-1.9354873448717462,1.6597293129474433,1.7480856279887733,1.1435910260476745,-1.209340037302913,-1.8955498830011346,0,11.700027379806087,0
2026-01-01 12:07:00,54.991054859622736,134.13040782727128,1.5032226345890949,6.883969602506072,41.67730479382208,41.05381855399815,5.90454365868627,1,congestion,1.8971811088206798,-1.5536423310396823,2.246277761900966,1.5980582366225342,0.2265384663148552,-1.1505854061925513,-0.3257236046278186,0,8.998006915519086,0
2026-01-01 12:08:00,57.22710815172999,132.8236146222785,1.3498251882651946,7.6084158801921244,44.92428957338779,41.49381366954697,6.577782798604172,1,congestion,2.0454087060612767,-1.5851488273721133,1.7413393366075156,2.0705564102559273,1.0973462821052054,-0.875984929937017,0.5640279412495754,0,9.97981243358863,0
2026-01-01 12:09:00,56.95012574181298,131.8842342911011,1.4122066361811716,7.272024009375468,51.56474399105736,42.69501802988768,4.755593182994256,1,congestion,1.9128910842374025,-1.5822400077293932,1.8217463055168508,1.730369700226834,2.670828974574917,-0.20189975814820846,-1.8128560673885497,0,11.732831897822155,0
2026-01-01 12:10:00,56.48248875815409,127.16843543974488,1.4992526109435156,7.308371988200816,46.74317155209653,42.30213597472241,5.446583361865508,1,congestion,1.775412765407724,-1.8099124880582353,1.9488347463235571,1.6820065759457086,1.410764756539037,-0.4068407608395503,-0.9304511071273456,0,9.964223200241157,0
2026-01-01 12:11:00,56.473630763801616,128.49499931280468,1.5600882767930655,6.843649459961741,49.67811686494062,43.958424028376335,4.873807002055647,1,congestion,1.696580635414323,-1.6500029549982091,1.9954438316870802,1.2870353754784343,2.0234259275489435,0.5394980168363023,-1.6600751152155373,0,10.85206185717883,0
2026-01-01 12:12:00,54.66593649384601,122.42735089111416,1.5012391182961915,7.980599136197308,42.43224156139409,37.68761574809551,6.27739844361404,1,congestion,1.448272592089803,-1.9358860628780925,1.7636624566312495,2.024831362277037,0.2854411542532882,-2.796310274656368,0.25362453169363974,0,10.50802843447948,0
2026-01-01 12:13:00,57.68312070499958,132.243175434634,1.4205599426221407,8.13938334126064,42.15024139786111,42.38294189589816,5.519642669793618,1,congestion,1.685235549574855,-1.27816891890162,1.5054730719700296,2.026309828617292,0.20521693671453922,-0.26297548211926053,-0.7544174093491007,0,7.717797197246696,0
2026-01-01 12:14:00,58.0660148338557,123.19148815051788,1.6198831074468016,7.985583439257439,48.23626752172252,44.66567424209783,5.375627216156097,1,congestion,1.650546942432651,-1.7552776696794454,1.8985834060017974,1.8296056773826161,1.6121385585579597,1.0316424727299587,-0.9207579121790938,0,10.69855263896352,0
2026-01-01 12:15:00,56.45860115618176,122.8724523844344,1.5820615348493547,7.705106959030541,47.50506557226695,39.24672952324353,5.990575388349048,1,congestion,1.4342289420767709,-1.6968359945901277,1.7281299378706139,1.5723240707442647,1.3881059528396587,-1.9114948713892728,-0.047653970115889344,0,9.778773739626597,0
2026-01-01 12:16:00,61.26292660748746,128.98668755312417,1.6204221301817792,7.670834579074118,48.81463262400954,40.96826067664898,6.460739679503435,1,congestion,1.817867814273551,-1.2901554839924383,1.735688782904269,1.489100743644449,1.6235502972758284,-0.9448614372800759,0.6380747749821934,0,9.539299334352805,0
2026-01-01 12:17:00,58.94599647596794,123.10048321588866,1.6013918546385255,7.294942460657165,49.4781020573369,40.32048975864111,6.050895340594989,1,congestion,1.5327205084092754,-1.567920965776318,1.6216659829020996,1.1996181483143613,1.7138392655227404,-1.2533083444500468,0.06523392281211023,0,8.95430713818695,0
2026-01-01 12:18:00,57.22456921702447,128.55682127933613,1.67723185574636,7.915692894890813,47.91717547101102,42.266147144825226,6.1428782245007545,1,congestion,1.3219880115716753,-1.2156205535016813,1.7110296647463732,1.5410406146782905,1.3192604197174016,-0.21429032541939466,0.17880760539377338,0,7.50203719502859,0
2026-01-01 12:19:00,58.94772311742014,120.29630429406794,1.7517406842366152,8.089828823339815,44.94484540842735,42.46240949948128,4.686464958614809,1,congestion,1.431424567299166,-1.6137985595834863,1.786135558119023,1.5850550632532383,0.6493703007363478,-0.12413708133081358,-1.8723984377209413,0,9.062319568043016,0
2026-01-01 12:20:00,60.1135378714236,118.44765553284688,1.7095944073258438,8.725891309738532,44.872359904438255,42.067128668982605,5.687658353177816,1,congestion,1.4801154573123543,-1.643546566551218,1.6258832850173208,1.8896163588875972,0.6120679685292821,-0.30961098644084023,-0.39610422103391046,0,7.956944843772523,0
2026-01-01 12:21:00,60.54155756388229,119.7445798015724,1.7412302313702104,7.98722667129563,46.5335923570335,42.32721191660701,5.643804324024761,1,congestion,1.460893790552833,-1.5108983200284736,1.6207821832413691,1.3829076738969726,0.9682006629971787,-0.1406319220470058,-0.4338491382850786,0,7.518163691048911,0
2026-01-01 12:22:00,59.46644683377504,118.836850871429,1.674784583253924,7.853596191132098,44.97465248566777,39.18047641605445,5.415930278974168,1,congestion,1.315412665770628,-1.5004371846637048,1.4294061818940655,1.256610802076689,0.6049020933491659,-1.8271459360390312,-0.7557174113056265,0,8.68963227509891,0
2026-01-01 12:23:00,61.51191594443284,117.87517681004384,1.7619254988344095,8.543857988844696,43.618411613129936,42.25723450672448,4.437684423014346,1,congestion,1.4411507281456128,-1.4915203157630317,1.5436946602566448,1.6091938546665079,0.29364207620042543,-0.12564708354101906,-2.1502892766456756,0,8.655137995218917,0
2026-01-01 12:24:00,58.94179869869946,121.16708947910634,1.703927493800434,8.140502893640273,45.72081451844608,40.849090846549096,5.310000201026338,1,congestion,1.1736174557583388,-1.2740491050464418,1.3770185041491247,1.3190795877089283,0.7347809422018887,-0.8723210554696087,-0.8223419015770719,0,7.573208551911403,0
2026-01-01 12:25:00,61.41147624813095,120.01379015702842,1.63485029817137,8.742091820479354,49.24092811420277,39.992845161475145,5.022087011987052,1,congestion,1.3416270658244007,-1.2868331284763839,1.1996664346155912,1.6052674602852208,1.4622997104973565,-1.3027859612696047,-1.2133947929273723,0,9.411874553895931,0
2026-01-01 12:26:00,63.55485052073577,117.56865769330724,1.8082601962482183,8.221567021610607,51.06656719150265,41.3448870358227,5.610693979425754,1,congestion,1.471050965008681,-1.3615046036345668,1.4868967027741198,1.258175653845627,1.7698611855811166,-0.5806217012558341,-0.3158650720565742,0,8.24397588415652,0
2026-01-01 12:27:00,61.75315884686461,120.47926342446024,1.7853347053570774,7.79177352916329,45.33376641049348,43.34244556870996,5.474583913479946,1,congestion,1.2724114389124381,-1.1726181310526789,1.390408516096803,0.9774917356483769,0.549642985503788,0.5627155612114275,-0.5122526062056105,0,6.437540974631123,0
2026-01-01 12:28:00,64.8078920195598,118.85591330731772,1.7818067316643034,8.877993814410784,47.38540944343099,42.46845289406093,5.821822458160976,1,congestion,1.4805750641558904,-1.2162361601406815,1.3360998913570215,1.5394970569248243,0.9481149078479993,0.07405902417504037,0.03234496521066873,0,6.626927069812128,0
2026-01-01 12:29:00,65.53120814585569,120.31255036913556,1.7783887166362222,8.326739503900543,51.44850094130014,40.03198434087078,5.93140811215461,1,congestion,1.488087612791949,-1.1057408484409537,1.2846888024708272,1.1856458411371409,1.7236850014693226,-1.2716119437307325,0.2125144133839603,0,8.271974463424886,0
2026-01-01 12:30:00,63.1540912132317,114.18428162048389,1.916314147021052,8.295837400618076,51.35702361559304,38.79453060977387,5.442541119123782,1,congestion,1.2424294304278367,-1.368570274561464,1.5008778107410163,1.1299148344062921,1.634739205680299,-1.879465591900077,-0.5296400008860439,0,9.285637148603028,0
2026-01-01 12:31:00,59.96053132751295,112.8280067876346,1.873937571994788,8.883553241034882,45.640581171666426,42.4620711951124,6.882948728774441,1,congestion,0.9386376417561954,-1.4035997122215806,1.373539912981747,1.4156548782456888,0.450071035794971,0.20280449228392658,1.689437524106078,0,7.473745197390187,0
2026-01-01 12:32:00,66.93508588068269,113.78833371336356,2.0164249319196497,8.48520544455545,45.870857854406175,44.006833149475526,5.745526912116955,1,congestion,1.4814016882319032,-1.3100860524444888,1.5898744422611402,1.1518407474169927,0.47461980254386393,1.1186853412590863,-0.105082741781003,0,7.231590815938478,0
2026-01-01 12:33:00,68.28361513301014,122.28513627852124,1.822435413218504,8.621541360965807,48.415760351761406,39.73942492780178,5.478626744628373,1,congestion,1.5376315256088815,-0.8421483931497898,1.176036845695673,1.1918330006467117,0.9773855247564459,-1.3659509856553365,-0.5105616792954739,0,7.601547954808313,0
2026-01-01 12:34:00,62.82204956633408,120.1271294115991,2.071129127180445,9.358659202656556,47.569018378310815,42.64712948963157,5.244154633708626,1,congestion,1.0469206131709272,-0.9232092041462986,1.5918639697960826,1.5515206427301047,0.7717482419937851,0.35641997315002316,-0.8726341447379976,0,7.114316789725219,0
2026-01-01 12:35:00,66.8385450846791,113.13505108228512,1.9688211258191983,8.758770717240672,50.143652346156735,42.22519872873546,4.404786255107779,1,congestion,1.3516250107594727,-1.245263344857532,1.3580457801431822,1.1760399549860765,1.276488224696034,0.10587651975248578,-2.111088603804533,0,8.624427438999316,0
2026-01-01 12:36:00,67.48653442652085,107.13052901605354,2.05201556567274,8.688924823948959,48.5271584642395,41.02682349025704,4.984178352134618,1,congestion,1.3624441191593561,-1.503314368954398,1.4742614101239195,1.1043155986846098,0.9019909745123967,-0.6151416099157393,-1.1829171237443503,0,8.144385205094771,0
2026-01-01 12:37:00,64.01867362856171,113.9717421665387,2.0235114631070488,9.25785222244442,51.34299306448244,39.07483058761751,5.2749276551213375,1,congestion,1.0289663313961868,-1.1153576421564504,1.374809938088866,1.394858270769498,1.4461474418508047,-1.7005676494765682,-0.7153214506896426,0,8.776028724428018,0
2026-01-01 12:38:00,66.59319484140367,116.9861052569218,2.0757307838839534,9.098346274625934,45.62907092977515,38.592104707354544,6.114790004892559,1,congestion,1.215620917189426,-0.926870579438687,1.4338131248782653,1.266751341404351,0.21643947935297858,-1.8847972744048722,0.58000220862603,0,7.52429492529461,0
2026-01-01 12:39:00,70.59279932720736,118.26505703362304,2.1780361386945457,9.325310828792755,45.92892748469491,43.66390462435968,6.106073202259815,1,congestion,1.515076100462438,-0.8361615114834247,1.5829648675737766,1.3665872243370114,0.2580601270351174,0.9924980392391618,0.5415503211076742,0,7.0928981912386035,0
2026-01-01 12:40:00,68.95584845736647,111.79734190700012,2.168717351135076,9.434936270431669,43.31525458697941,39.8946547193156,5.5319869273057405,1,congestion,1.3423656018240357,-1.161551904748142,1.515351780664716,1.3894046224186485,-0.3746610215112867,-1.1167422712841981,-0.3397891136642257,0,7.239866316115252,0
2026-01-01 12:41:00,68.96835652818719,101.88702593267168,2.0812908567998814,10.271662458675728,49.15466028991162,41.04688486251934,5.630555474155459,1,congestion,1.312372065662435,-1.6631884363988025,1.313839129718132,1.8158326328794456,0.9769862831947241,-0.44433484769173826,-0.14937679378815164,0,7.675930189333429,0
2026-01-01 12:42:00,71.66687650936322,101.72130572043945,2.187042243555072,9.813127726823426,47.42590974225618,43.25507974094312,5.36318929351979,1,congestion,1.5401756339364114,-1.6272984048541028,1.4945515758904737,1.5141182903850825,0.535132963667362,0.7869165234177513,-0.5806152956539777,0,8.07880868780516,0
2026-01-01 12:43:00,68.5918045416319,103.31420630110736,2.137969141055419,9.736706280000153,52.07160468977503,41.91801665175234,4.661024019715726,1,congestion,1.2264093387084827,-1.5050210253253997,1.3660465134612583,1.4472664238486357,1.6390397751534573,0.037032011134098056,-1.668218585407791,0,8.889033673039123,0
2026-01-01 12:44:00,66.5853159338915,111.33861546466274,2.050903646860152,9.514702965775731,48.3538475121407,39.308127950503085,5.192652371424032,1,congestion,1.0114973037075545,-1.0234432558790254,1.1603265498138013,1.284448893925267,0.7063352414614944,-1.4001054615448574,-0.7947939314850915,0,7.380950637817092,0
2026-01-01 12:45:00,73.30889090564168,102.56685981245924,2.199754270946528,9.67437376519569,49.37533820793261,40.11112554528802,4.6856764208370665,1,congestion,1.6587801722008364,-1.5154072254760775,1.4537575467471664,1.3562452003554057,0.9686401006214126,-0.9150584220521684,-1.5756390218951168,0,9.443527689348183,0
2026-01-01 12:46:00,28.484308263427,178.58132213297463,0.448893640384623,4.491661329932847,30.560119710005186,40.95083470759506,5.603869409872634,0,none,-2.8903618180341333,3.040175151763866,-2.384638253934292,-2.064116522993277,-3.7299907982194207,-0.4145334036720641,-0.03711935546940747,2,14.56093530408646,1
2026-01-01 12:47:00,29.990023434105257,168.52226789871372,0.5409147732548569,3.9249118544624833,34.54498994777779,40.50766492194676,5.6629536208731945,0,none,-2.684279439578257,2.38424426470782,-2.209177255748188,-2.439577811856125,-2.629441520150987,-0.6545640948049234,0.11006008548259631,0,13.111344472328897,0
2026-01-01 12:48:00,32.27436867706305,180.17324660351264,0.5361246032802527,3.2542351404592944,31.42623901795165,42.88856164981838,5.379633404332585,0,none,-2.43539611207537,2.9687205639746277,-2.2267640637822446,-2.8063765255030386,-3.075205284138477,0.7305146394413331,-0.3855176790420668,1,14.628494867957158,0
2026-01-01 12:49:00,30.461106630066887,178.69752181141652,0.3321993924874385,2.9314229821004627,34.708002225149606,40.95844663172986,5.906219309484162,0,none,-2.578661022941139,2.8166522150495523,-2.6397527205053786,-2.952463161671188,-2.2428935159666583,-0.4059390126636428,0.5498734024138673,0,14.186235051211426,0
2026-01-01 12:50:00,30.187302538761763,172.71761590031124,0.3079033682017483,4.071437024894635,28.56043896660951,41.04012132036472,5.9471361868407895,0,none,-2.5849290850873183,2.466708930969658,-2.6163356105408786,-2.2328414055649604,-3.236871039076789,-0.33865128339925016,0.6561392669521712,1,14.132476621591026,0
2026-01-01 12:51:00,28.5886123767336,175.2639828451291,0.2526526172591725,3.881027700151156,29.65070650378405,39.69705117278252,5.291819574855752,0,none,-2.565180386199758,2.4697462918761612,-2.557173128130445,-2.2548197990255794,-2.805188340845597,-1.1219679654454084,-0.5260351464296401,0,14.30011105795259,0
2026-01-01 12:52:00,30.913566905860325,174.17387778193802,0.3507622571888399,3.274498850915422,37.143733462115854,39.34415488667219,5.94663425949836,0,none,-2.2325618243010843,2.277367070386163,-2.239633289669431,-2.4623319260547945,-1.3956744356284652,-1.2984302716747753,0.7278744625563288,0,12.633873280271041,0
2026-01-01 12:53:00,34.098938706808035,177.79754159900497,0.2700134500699249,3.647073277705283,40.52231769678566,41.51120618756286,5.155541366344768,0,none,-1.875763361591421,2.3305404853567424,-2.274093997857013,-2.1346428006226583,-0.7952370539266768,0.01051822837110599,-0.7536206839493215,0,10.17441661167494,0
2026-01-01 12:54:00,28.499841068097336,174.74150107582747,0.541311418234814,3.663544129096379,30.42741338887532,39.773151029642406,5.348335464346867,0,none,-2.225894394844864,2.06708395979384,-1.7261302677619483,-2.024949398659769,-2.434880965080455,-1.0021131312481624,-0.3759675632273827,0,11.85701968061642,0
2026-01-01 12:55:00,27.372234883716235,172.80078287326828,0.3882823500283049,3.901246281779482,32.65352320211421,43.19287857979886,5.184863927619628,0,none,-2.1950403289901756,1.887966438359067,-1.917533691628526,-1.8191450536031244,-1.9670137662344023,1.0136716293764692,-0.673120056406512,0,11.473490964598277,0
2026-01-01 12:56:00,30.15954126798628,175.71415443417703,0.4827731891640819,2.9084094190821723,33.96479261573685,42.24507708127558,6.043955592736758,0,none,-1.8979575211832487,1.9234790936223196,-1.6962865398034697,-2.2127429524474005,-1.6746605323739325,0.49618633593015704,0.9300682666379962,0,10.831381241998523,0
2026-01-01 12:57:00,28.041091575255823,173.7845341855052,0.4551545505203569,3.382620020384204,32.40046359419597,41.61853943023466,4.625163915775715,0,none,-1.9653157266038985,1.769911208006502,-1.6877094098947651,-1.8969403390250499,-1.8359915155287603,0.11565896291232601,-1.681342408145399,0,10.9528695701167,0
2026-01-01 12:58:00,29.70290988081977,179.05967004765768,0.4169927346134683,3.8570569387829945,34.81674988152186,41.772449064466606,5.99012313184921,0,none,-1.7663474862445694,1.896865313629267,-1.6872361850154105,-1.616383682828852,-1.4361635985518002,0.23782103722016384,0.8570304816871465,0,9.497847785177209,0
2026-01-01 12:59:00,29.44725863045492,175.4501228731324,0.4598374361152903,3.231263255498802,29.631146611610298,39.826716531167136,5.904635404071084,0,none,-1.7151809882051021,1.68408070900902,-1.5581590276645096,-1.8330685381231275,-2.1148233610648237,-0.9514280991642905,0.6950435109018626,0,10.551784234132736,0
2026-01-01 13:00:00,30.340886810655167,173.49056242612377,0.5349047506776424,3.0701745457200427,34.72316869494472,41.12897360893695,4.889802110049875,0,none,-1.5910472228809647,1.5477683031739984,-1.3941743435592362,-1.8213458050756828,-1.3195630810142571,-0.10189551702608045,-1.150309922765753,0,8.926104195495974,0
2026-01-01 13:01:00,29.69688577985084,173.6546570742743,0.5013275593348961,3.119848394699265,37.15550580440709,41.5980990532536,6.483486888212447,0,none,-1.5764656291608594,1.4978186340940225,-1.4043010923870833,-1.7221461924500094,-0.9338964532796061,0.214328690410027,1.7546939287024388,0,9.103650620484046,0
2026-01-01 13:02:00,29.87644544858108,175.23178971824595,0.5363197471301655,3.510753492131388,34.03047116309677,39.7907298678541,3.9111293901725386,0,none,-1.5058067823372552,1.4996268644660609,-1.3112304125004832,-1.494708158923909,-1.3429133250649052,-0.9557508940426576,-2.6880515669583294,0,10.798088004293598,0
2026-01-01 13:03:00,31.74179637440067,177.4360648068707,0.3512026055602014,4.098164444920803,31.17480116660155,36.69538083882021,6.698074297847583,0,none,-1.3376025446564026,1.523998658426573,-1.5393538677528056,-1.2015696791120862,-1.6796308350675788,-2.718796260494647,1.9784735350339482,0,11.979425380544043,0
2026-01-01 13:04:00,27.20947586954122,177.20732275396668,0.3734112281249661,3.3599352103889246,36.2618420065331,39.77823907235418,5.693336433023624,0,none,-1.5683342712589963,1.4692304647868566,-1.4534133622605647,-1.4620906612910192,-0.9325999632932571,-0.8672489081248187,0.304893697081048,0,8.05781132809656,0
2026-01-01 13:05:00,29.193035169859662,172.79427026583951,0.3932287643302137,3.3340787931456237,28.84844576757911,40.78170886098403,5.670419191440446,0,none,-1.3915313137877774,1.262585821205575,-1.3758822892559364,-1.422360835796946,-1.8784927670934783,-0.23066291684810877,0.24936939925495388,0,7.810885343242775,0
2026-01-01 13:06:00,29.68928182412862,175.87212323217835,0.4723895924701265,3.7175344664846537,33.86851510589425,41.537549420497285,5.105029910772626,0,none,-1.3141669771104523,1.3263879780153165,-1.2250983490833556,-1.225707496656547,-1.1537229214972442,0.23247866181163673,-0.709517836898536,0,7.187080221073089,0
2026-01-01 13:07:00,26.560271969080627,177.8996995062409,0.3150145384367505,3.2842868451362195,30.784062496025147,42.67378193873778,5.080427939788238,0,none,-1.4510957599763463,1.3511538753082115,-1.4003136990841654,-1.3556608057611352,-1.515884624063317,0.914029400962939,-0.7270144523798713,0,8.715152617535987,0
2026-01-01 13:08:00,27.05092909843489,182.1711966290846,0.4164184848727466,3.0603141533779272,30.559451068487064,36.946632188552925,4.087253555069255,0,none,-1.3702944883952597,1.4459662153155792,-1.2183675233333966,-1.3928407471409017,-1.486474542483928,-2.433122839635231,-2.283383607130197,0,11.630449963434494,0
2026-01-01 13:09:00,28.22560021732941,184.80199549712916,0.3894172590446794,3.3854589290791264,31.046522917216777,43.31567160494201,4.369231452454965,0,none,-1.2563217532588942,1.4785847922321478,-1.2168276906184554,-1.2237857254593982,-1.374477037649725,1.270809006514611,-1.7791318156222018,0,9.599937821355432,0
2026-01-01 13:10:00,27.76810375011357,179.45215358463616,0.3588689948704093,3.579572915771532,33.7887987724982,42.47311284391118,3.9767933559645936,0,none,-1.2400833624976026,1.253358571916579,-1.2180133924146987,-1.1128382138751434,-0.9856564160684164,0.7795675209421569,-2.268664736601875,0,8.858182214316471,0
2026-01-01 13:11:00,31.02569966608462,185.2743137051636,0.3940261846000366,3.422584407975803,31.71087114690631,40.11986440586722,4.674682566910711,0,none,-1.0187147602729312,1.3947430159664909,-1.1324050046711733,-1.1386425517941792,-1.2121056328682087,-0.5580545488386616,-1.175553254100001,0,7.6302187685116465,0
2026-01-01 13:12:00,29.00099191070528,187.20940150608493,0.3463827439081289,3.0178009341321013,35.22565636273232,41.34883888743831,4.806116768154795,0,none,-1.100210150851637,1.4039989381162266,-1.1585949373906492,-1.2482257242495818,-0.7401496259025622,0.1376297679501629,-0.9416716348414177,0,6.730480779302238,0
2026-01-01 13:13:00,34.5482617687422,181.89742061292208,0.3759174534983737,2.9540173344270797,34.933826455394914,40.22415404097596,4.835764653315854,0,none,-0.7596653199907392,1.1913337583356431,-1.0852305833389269,-1.228416385302852,-0.7585237009784493,-0.5310572141773153,-0.8723824357571385,0,6.426609397881065,0
2026-01-01 13:14:00,27.88411430547648,188.9655613369517,0.3540130175698378,3.6823448979143434,34.14874872493096,39.75028200544588,4.59658992413081,0,none,-1.1019603301089018,1.366312270570378,-1.0783446878111933,-0.925881737419891,-0.8302291373734502,-0.8017631574880308,-1.205903074038172,0,7.310394394810018,0
2026-01-01 13:15:00,27.960230219161023,172.0710451086623,0.2941937718337187,3.965110094108759,32.86874753383338,40.86054248435841,5.698461753694592,0,none,-1.0627577007943085,0.8036625118927548,-1.1194528128140913,-0.7952627411722677,-0.9615107817305172,-0.11145883739687615,0.48232276832065824,0,5.336428154121474,0
2026-01-01 13:16:00,33.04410633812703,180.996208156226,0.4982915017865621,3.1978951612088427,29.47469256197324,42.63439597858212,5.404541295013561,0,none,-0.7518476210469085,1.051719310708548,-0.8260759403077138,-1.045596441403061,-1.3461991916944893,1.0063793505757936,0.060666787148670756,0,6.088484642885186,0
2026-01-01 13:17:00,27.36237359206249,178.55997311288587,0.266725461063272,2.7687936069416894,31.617610137056563,38.41264776346707,5.921592244088995,0,none,-1.0358688789252144,0.9435178117395098,-1.091104037903002,-1.1644391126411855,-1.0393228693438525,-1.6376999404335146,0.8779142119741626,0,7.789866862960441,0
2026-01-01 13:18:00,44.53207632433027,171.92359054307147,0.4174055511510419,4.122695615470697,66.8912897484235,39.477340931831655,5.686074850009838,1,cpu,-0.06568588417908557,0.7118257650067992,-0.8673129018583183,-0.6472907486476093,3.140783865409448,-0.9398940834957097,0.5248864791260182,1,6.897679727722988,0
2026-01-01 13:19:00,35.66289602277331,167.91923192791,0.3740472028249798,4.435615868188212,65.87935891925754,41.24488304145732,5.569114191141221,1,cpu,-0.5420150516924426,0.5638507244800882,-0.8931583395568006,-0.5123215683645537,2.7829667246471606,0.17758492017163063,0.3182960334217902,0,5.790193362334467,0
2026-01-01 13:20:00,42.3175497316216,166.09020964326226,0.464045412287409,4.743941687587738,69.52382008345279,41.37543925524263,5.1198357935509815,1,cpu,-0.15260770369033086,0.484410815852667,-0.7509943069683555,-0.37810701370956723,2.905425646720849,0.2678804001961034,-0.38798005487478926,0,5.327405942012662,0
2026-01-01 13:21:00,48.19672059925583,170.1290605286265,0.4216182000580468,4.500466008000091,75.48626742232973,40.46033646809022,4.597943590081285,1,cpu,0.19223604744246078,0.5890155708217507,-0.7787824192880556,-0.44852885682514076,3.158216177868439,-0.2916521308878887,-1.1859024228323127,1,6.644333625966048,0
2026-01-01 13:22:00,50.33349332927065,163.33892103187858,0.3728218224129975,4.448503179051942,78.542018674046,37.25123789518017,5.118865636087115,1,cpu,0.32397304510341185,0.35190870610493397,-0.8142144990612555,-0.44843750947929994,3.098911065978376,-2.2305211592595895,-0.3495617468120713,1,7.617527731798939,0
2026-01-01 13:23:00,49.81418356351219,165.35574669753,0.4827625108010679,5.04159205695688,79.59034526089036,42.846544473335065,4.938654114760354,1,cpu,0.3076625362156784,0.3949869634183901,-0.6472973971902547,-0.20752375166844064,2.9009724942102326,1.1881248471286225,-0.6583478409219177,0,6.304915830753537,0
2026-01-01 13:24:00,49.351816052998736,159.46179359971617,0.3566146221781736,5.034139215725395,78.07577809849427,38.54869556805442,4.964939980547992,1,cpu,0.291792018123877,0.18470942660646514,-0.78412490572262,-0.19230553485833815,2.579823014022976,-1.384969119457291,-0.6048385342571406,0,6.022562553048708,0
2026-01-01 13:25:00,52.12406963808934,173.63627241945653,0.3264984055708493,4.897506148576555,85.04683316811774,40.98531028338894,3.903163774556134,1,cpu,0.46417245380484645,0.6241081629057581,-0.795987710890301,-0.22259267366777266,2.83508761010347,0.06585739895435959,-2.1888826653216906,0,7.196688675648199,0
2026-01-01 13:26:00,55.713829108458526,161.48076185181154,0.3893110324210707,5.794068434575481,94.14372917456184,41.21791553783795,4.443669262597413,1,cpu,0.6856244958932,0.20159440931056624,-0.6879923984971472,0.13873688230427064,3.1170860503245694,0.2069458135579153,-1.308099515410147,1,6.346079565297816,0
2026-01-01 13:27:00,56.54060100466977,153.89725383863166,0.3782939613709496,4.98488557523391,90.54144469168892,39.18598206869082,4.915114503958344,1,cpu,0.7426306510510402,-0.07119203650521996,-0.6767188057958127,-0.1580952339133478,2.664776956095748,-0.9833114373904283,-0.5753337391270295,0,5.872058859878627,0
2026-01-01 13:28:00,59.56520776510864,148.86900319571322,0.3230871741809775,5.272823436567727,98.74208427790563,38.6839021984599,4.449531506419112,1,cpu,0.9312324880396895,-0.26150982353915586,-0.7232274786734668,-0.022512391103268622,2.868084380267034,-1.244275800219019,-1.237640500121189,0,7.288482861962822,0
2026-01-01 13:29:00,57.970062645923846,142.88397317978044,0.4657447971922437,5.623139877680976,97.08574395546736,40.04193456121387,4.69165882166745,1,cpu,0.8510977964378909,-0.4849005554778997,-0.5088608963096701,0.13611196919312135,2.5773125966664816,-0.4230537112906615,-0.8438793379159512,0,5.8252168632916765,0
2026-01-01 13:30:00,62.83496554256451,148.89255051280588,0.5649009176754931,6.165375659369884,96.68647057471878,41.801822555282605,4.049373053813183,1,cpu,1.142429901395401,-0.3022876284069325,-0.35057827737304875,0.37259789889920014,2.39199325063982,0.6164679491030847,-1.7331410106582879,0,6.909495916475775,0
2026-01-01 13:31:00,65.48902587314322,155.91384867225622,0.4150464189714379,5.586093717509533,100.0,36.34106313975234,3.962465133838617,1,cpu,1.28737304193458,-0.08159926731044055,-0.5315189218472949,0.1624683197822398,2.3831934852337193,-2.525905074355715,-1.8330553047451685,0,8.805113415209158,0
2026-01-01 13:32:00,33.92633557637944,178.1614768656387,0.2682010820262681,3.5458242516650467,31.180313973895977,40.15975369161004,4.758644027949016,0,none,-0.5618016223971461,0.6948250763502339,-0.7108716125818351,-0.657028111210506,-0.7785497447532453,-0.27937883515624545,-0.6101978021739958,0,4.2926528046232075,0
2026-01-01 13:33:00,29.147745695469272,178.75247274113394,0.2648982282015397,2.6046722106785625,30.886855633663565,42.11626197888227,3.3817730682108955,0,none,-0.8217265618293549,0.6902148521705221,-0.6893810414636803,-1.020007458243452,-0.7745746745808574,0.8672174065810038,-2.497961093676482,0,7.361083088545352,0
2026-01-01 13:34:00,29.061459896918382,186.5273540548873,0.3202203718451163,2.691563156258732,29.87917072519669,40.27448669755126,5.016292170164831,0,none,-0.798827206340961,0.9491812814928087,-0.5842800355790481,-0.9570906074537103,-0.8026523023646571,-0.21222273421136115,-0.15344013112961408,0,4.457694298572161,0
2026-01-01 13:35:00,25.91447398749314,180.1538088199076,0.3548891997643134,3.078272592546829,24.34432249079331,40.101374869709495,3.971126264993567,0,none,-0.962394708944306,0.6843290298083564,-0.5068821270310444,-0.7633444399002963,-1.0253040505884927,-0.2976811437392872,-1.6163278824258107,0,5.856263382437594,0
2026-01-01 13:36:00,24.870053920942706,182.61081804535283,0.278072243186357,3.287677816287689,32.920425035058614,39.18273016211987,5.528098435698113,0,none,-0.9977908605406777,0.757247702551255,-0.6010949300966273,-0.6453457484261301,-0.6253312133473959,-0.8340213356485796,0.567054954177245,0,5.027886744787911,0
2026-01-01 13:37:00,22.92221886280544,180.731113458897,0.3979343914250048,2.86920115558231,30.046838111595715,40.85134470636518,4.783868672530563,0,none,-1.0872579929380615,0.6580071068834418,-0.3822850440674115,-0.8119195231654212,-0.7351717991264294,0.16007224846580706,-0.4685531190156687,0,4.303266833662241,0
2026-01-01 13:38:00,28.37991628585463,184.9929232204832,0.2989344805203899,2.943047526820747,30.08923479868342,38.0756215596172,5.330759433902837,0,none,-0.7133635489160988,0.8102622345647352,-0.5232955082194553,-0.7551139065302199,-0.7184957393616254,-1.51677189689437,0.3238991770820893,0,5.361202011568594,0
2026-01-01 13:39:00,31.45768530387344,182.17967995345515,0.3831489324670497,3.690415034919732,27.409262040872967,38.826623404719086,4.9046666093986655,0,none,-0.48712011881485445,0.667017710254967,-0.3470453053556245,-0.3658929485148026,-0.8192052633212742,-1.035357279358801,-0.26086815635831156,0,3.9825067819786355,0
2026-01-01 13:40:00,27.15819362415209,178.43468246553377,0.3426273231210307,3.2413062070460925,29.06759917287691,38.85096963763021,5.482584200877187,0,none,-0.7542849604881525,0.47780117837103475,-0.3975670810134054,-0.5724919030889889,-0.7320403076369969,-1.0019651647344854,0.5810969904161892,0,4.517247585749253,0
2026-01-01 13:41:00,22.330036462630645,179.72708527239735,0.437828553484714,3.056507091900047,30.593408521981107,38.503573221228,5.361996790557855,0,none,-1.0702758277517062,0.5202607468891483,-0.16240374269906319,-0.6662419747927096,-0.6490044126294888,-1.1762537662750687,0.4137957756807361,0,4.658236246717921,0
2026-01-01 13:42:00,27.642737900773582,187.8247080820676,0.2794138858981593,2.4655083843201244,26.873377553686616,40.67956521455452,5.588157154151486,0,none,-0.6691715062696771,0.9491441516514698,-0.5103309000411069,-1.03591052364788,-0.7929185744388385,0.17610309443940161,0.7363787583876573,0,4.869957508876032,0
2026-01-01 13:43:00,26.79401527306737,186.1027762154708,0.4999290232866484,2.986814063942448,25.84766950181374,38.2205993666066,4.526015015072552,0,none,-0.7152406763977162,0.8869085367398758,0.1496490388931622,-0.7110140457900699,-0.8145735061864124,-1.3085219465151958,-0.805285255959361,0,5.391193006481793,0
2026-01-01 13:44:00,26.4113689760872,185.9569548933688,0.3048548272371125,2.502276394004918,27.30801928767833,41.76380240809573,4.223115318118565,0,none,-0.7280551703875892,0.9211788100566636,-0.4746319092663477,-1.1495103575233638,-0.732679544060069,0.8560726066658025,-1.2067385345698156,0,6.068866932529651,0
2026-01-01 13:45:00,30.63373082107956,191.41937211224644,0.3675351415690039,3.1462842187610045,28.607048061363688,39.27227446088871,4.485330467526016,0,none,-0.34653081530296437,1.6291875991819236,-0.2940170866109371,-0.6646216050937049,-0.6593475264524581,-0.6700861761598511,-0.822958135553022,0,5.086748944354861,0
2026-01-01 13:46:00,29.54566189726628,180.24322457806352,0.3243403865112721,3.141072537503798,25.51706016155126,39.08651861560901,4.797250225212294,0,none,-0.4488678906359533,0.5215465894928036,-0.7917363646943991,-0.6467902943542406,-0.7868991160644536,-0.7621955085150347,-0.3591210295313345,0,4.31715679328822,0
2026-01-01 13:47:00,30.01258624141313,187.58514662345192,0.3215544941597002,3.071936207761145,28.067582000860323,40.1753046241112,4.5611959241421225,0,none,-0.40581562760292716,1.2036540834464444,-0.8003599237675456,-0.7069904544076266,-0.6709378887642492,-0.0920975595744837,-0.6736517265105422,0,4.553507264073819,0
2026-01-01 13:48:00,25.38975074754807,174.42695281725423,0.2705336631627413,3.664923178886133,28.988500802566165,38.79132740967495,4.534085532342139,0,none,-0.8174041145034404,-0.0737951491120987,-1.397652413641107,-0.038502874021752446,-0.6290684427556282,-0.9108725653872377,-0.6910641064565325,0,4.558359665877798,0
2026-01-01 13:49:00,27.65408130242017,184.9300998160762,0.3193542177747686,3.227751259617125,29.06188627741316,37.78850998654755,4.705473275810041,0,none,-0.6040062877373361,0.9388189079527649,-0.7792052453892738,-0.546097741219373,-0.6206167754625379,-1.4750888201701444,-0.42132070047239834,0,5.3851544784038285,0
2026-01-01 13:50:00,24.68148331305344,181.12577548232,0.3958475526368306,3.295722046446582,34.71391690973707,41.00265835934578,4.083695921498995,0,none,-0.8633238592282556,0.5537471318269862,0.1641526557686029,-0.45313874914433644,-0.38430047169020587,0.4877254589553194,-1.284452707378991,0,4.190841033992697,0
2026-01-01 13:51:00,29.12515306622473,183.54514122836616,0.2817274071101233,2.326039154463861,28.124105784988394,36.85495536320547,4.851291690043777,0,none,-0.45942875934284705,0.7713306272583584,-1.2972954732557618,-1.5063822910046587,-0.6650516131695317,-1.9505265719234082,-0.1537629283988879,0,6.803778264353453,0
2026-01-01 13:52:00,24.546493924235644,181.26480988057807,0.360041673784197,3.0781971487067774,30.025853307573875,39.47518088780205,4.42101850256537,0,none,-0.8621965293187493,0.5383149623796453,-0.29977631841434876,-0.6549632215959621,-0.5772823014486042,-0.4040849508536082,-0.7557504370796055,0,4.092368721090523,0
2026-01-01 13:53:00,29.263374880018983,193.166758200882,0.3782495091857004,2.714768188130401,26.039810328203732,39.65970719435584,4.098055157005854,0,none,-0.42670014439839565,1.6233421233685363,-0.09189783696558318,-1.035927110905945,-0.7339126637622447,-0.27811864168516026,-1.1943973983437222,0,5.384295919429587,0
2026-01-01 13:54:00,27.19472591135361,184.41926287590684,0.3270351044016847,2.343057362488955,25.277619802200324,38.23395422297784,5.508016579611716,0,none,-0.6112546822656679,0.7799662246966078,-0.735064104257386,-1.400694478277144,-0.7608260472081743,-1.0986018038341803,0.8645502679047773,0,6.250957608443937,0
2026-01-01 13:55:00,27.10648494737698,189.77745054589,0.17146172919615,2.9339704685520016,28.15434342904793,41.18225494695605,5.2705664951338616,0,none,-0.6186778626659645,1.2399391490397473,-2.6090733599862657,-0.7340021618652903,-0.6345038597327488,0.6716073800563177,0.5151653588628621,0,7.022969132209196,0
2026-01-01 13:56:00,23.714700649925145,181.93557061283292,0.2420228667388905,3.582255038904947,32.55652669997647,36.73845852821295,4.242419048113739,0,none,-0.9098579821922673,0.5034444802986295,-1.6529232560082538,-0.04022095826121726,-0.44690765233764695,-1.919008802758328,-0.9563004492082854,0,6.428663581064629,0
2026-01-01 13:57:00,27.967501161798744,185.7672053153401,0.4118934511726879,3.03238589086656,28.13201920595164,38.28358352687178,5.121167325200518,0,none,-0.5277498247868574,0.8342757445243381,0.48510216687129853,-0.634006872306278,-0.6301306620420722,-0.9705330357605888,0.33430726666180793,0,4.416105572953241,0
2026-01-01 13:58:00,22.849524168172994,183.43733655115847,0.3739643242713902,2.558164612607064,33.94343263182088,41.42525541757287,3.681157060409169,0,none,-0.9703334801443732,0.6118443424265384,0.016266386236454294,-1.1165626570407297,-0.383850637356955,0.8977103493649787,-1.7380715231938615,0,5.734639375763891,0
2026-01-01 13:59:00,23.955571525221984,181.10885781072483,0.3493431036394906,2.831793075604608,23.80989867089996,39.48803038624794,3.546736905942081,0,none,-0.8590984228082597,0.38947723578540283,-0.27421471203124925,-0.8101461919997275,-0.8055704174563938,-0.25077070249110744,-1.8605571735970436,0,5.249834856169184,0
2026-01-01 14:00:00,24.52601778452725,184.028241979756,0.3881722154551356,2.106925861600863,23.624716088242856,40.38739315962263,4.334979098366507,0,none,-0.796091838051781,0.6387465745852942,0.2623571156461173,-1.5441251844293618,-0.8019289517625221,0.29221331131415573,-0.6905667898170662,0,5.026029765606299,0
2026-01-01 14:01:00,30.49686660907774,188.15158150556744,0.2798303018364462,2.58969272310609,33.5481202251126,37.79480772245781,4.927926835760363,0,none,-0.27010321435810575,0.9853539782186226,-1.1438147126576645,-1.0176468425562086,-0.3829494543425859,-1.2120222394170155,0.2232562892319985,0,5.235146730782201,0
2026-01-01 14:02:00,26.52120970289778,193.03528316287145,0.4278382973712615,3.435159475778038,30.33498474587664,40.45937589713408,5.380580585850479,0,none,-0.6149155063993028,1.3779588052404803,0.9121247854227678,-0.12955625618892405,-0.514418097493071,0.36449597648490384,0.8897264568888045,0,4.803195884118254,0
2026-01-01 14:03:00,24.89122384743564,185.97353792881125,0.3957153869046854,3.2566495825398447,32.95515110989074,38.808285560195465,3.911868783442053,0,none,-0.7450690160103942,0.7328534460206642,0.449894370697042,-0.3026496133706032,-0.40621921249262505,-0.6542035057527993,-1.4033166678195415,0,4.694205832163669,0
2026-01-01 14:04:00,27.259742908143476,179.35068381432848,0.2880358485049473,2.410449265927164,26.69939059141656,35.70072329446124,3.173404383263459,0,none,-0.5373833369169376,0.14247764817906391,-1.030698867421092,-1.1618171463882254,-0.6594519479923279,-2.382831308635581,-2.4678082045398364,0,8.382468460073063,0
2026-01-01 14:05:00,30.922650573336625,191.50624159547348,0.343187242314102,2.686784406136366,27.014100249526564,35.78802655696442,3.87911276591675,0,none,-0.21873187932242255,1.1799451499227034,-0.2529990910707095,-0.8583494669686582,-0.6445294268797691,-2.193243092929945,-1.3003886160977836,0,6.6481867231919916,0
2026-01-01 14:06:00,36.63754056486276,178.22502230123567,0.3001420760234961,4.6308098918062335,63.48694213384496,38.34905985692763,4.620311494648057,1,cpu,0.2729208818260978,0.011452423514178127,-0.8241944197448212,1.1213351097581863,0.8518951053803735,-0.7415270731319027,-0.09766922060775962,0,3.9209942339633193,0
2026-01-01 14:07:00,35.24803522423009,183.4378568711236,0.3137144451509122,4.781706795538423,64.4269860599009,39.80517767551655,4.554698651980538,1,cpu,0.138603236277047,0.4599380663747366,-0.6320954749221225,1.2341771452318568,0.8639402302750592,0.10121854380794637,-0.18991891833527286,0,3.619891615224041,0
2026-01-01 14:08:00,35.548927962149776,174.30721928429838,0.4172436462337897,4.248444970513382,61.15219697686507,38.1373262376728,5.6126649857125,1,cpu,0.15305143408015717,-0.32837243659877596,0.8293418834041472,0.6750801867391587,0.7062500758773004,-0.8775669160914503,1.4634896024095703,0,5.03315253520056,0
2026-01-01 14:09:00,38.08164508179689,179.78911847640003,0.3081858862543777,4.2256060319548165,60.81371984462869,38.91886656405838,3.989351124221893,1,cpu,0.3626147569021581,0.15960910414411125,-0.6894176519921588,0.6359603392616716,0.6708752687587519,-0.3963824127079674,-1.113113157711267,0,4.027972691478086,0
2026-01-01 14:10:00,41.96785502316602,180.99505422105145,0.2152170630628691,4.31001947510912,60.68891559262396,42.159396545006985,5.28286535436204,1,cpu,0.6843123124800835,0.26316787554641585,-1.9026344842509726,0.7054290491332603,0.6460264055425373,1.5728395113076625,0.9073863673303932,0,6.681796005591326,0
2026-01-01 14:11:00,38.737961704215095,178.93221205855895,0.4508706656896799,4.5112922661407735,63.94125288098846,37.32053542617662,5.10677772393187,1,cpu,0.38755699340431493,0.09163493274107595,1.28244743330985,0.8827242163448193,0.7558421823360003,-1.3188268901065832,0.6135536470473736,0,5.332586295290017,0
2026-01-01 14:12:00,38.95438044875225,183.1844217160368,0.3605947016697347,3.3871810565858347,70.29221879195029,37.38860503004964,4.150718076169395,1,cpu,0.39224791848341617,0.47405588587768643,0.06282903121036328,-0.2402813577441284,0.9855034219999771,-1.2349460883963432,-0.8807429676200248,0,4.270606671331939,0
2026-01-01 14:13:00,37.86166906986768,173.68618797286933,0.4947064543147473,4.525679476922506,66.97072474265528,37.83263760051339,5.3535254982535925,1,cpu,0.2906859284109419,-0.3540178358400552,1.7927680360641498,0.8649127394932683,0.8250724824190778,-0.9405134429326018,0.9939918017637882,0,6.061962266923883,0
2026-01-01 14:14:00,37.9752351580246,183.9676781252085,0.3133163111549127,3.39649354065544,62.26728132026648,38.94847928745521,3.7849107645978894,1,cpu,0.28652447191681824,0.5661534376029677,-0.5739426948499331,-0.25155831221782654,0.6146385393470426,-0.2702195488141327,-1.4133802934897641,0,3.976417298238485,0
2026-01-01 14:15:00,42.76782251820456,170.68344835210382,0.2536813596141932,3.979279985271212,68.28785989655785,38.35724169337168,4.961411619916682,1,cpu,0.6878160924209736,-0.6131108158845103,-1.3315728769462198,0.3266063680524767,0.8320570723460996,-0.5982991212105289,0.42191078731260057,0,4.81137313417341,0
2026-01-01 14:16:00,41.785984712922016,184.9263508498709,0.2942054303009292,3.882684722574751,65.56655083955397,38.23783715365823,3.962442588765951,1,cpu,0.5866107166441861,0.645124780005806,-0.782019592335235,0.21970515680716363,0.6981674474204296,-0.6449684277640836,-1.1056920950759175,0,4.682288216052822,0
2026-01-01 14:17:00,42.33663486437044,182.34698695666725,0.4395214480516139,4.10289144595172,65.83761972784255,36.19213092266682,4.852153606127896,1,cpu,0.6136228337559888,0.41035273164539404,1.1082928838691624,0.4186605424633385,0.6859747485322493,-1.8273114351815105,0.32715837647575036,0,5.391373551923393,0
2026-01-01 14:18:00,39.16303044271597,179.28170302103757,0.4504969868481349,3.9258907943728056,66.40977413592618,38.16442114748124,4.927303643105748,1,cpu,0.3432822095855354,0.12848003822673526,1.2372180164755655,0.2453844030520073,0.7095851894668546,-0.6342629125456578,0.4802877221193263,0,3.778500491471682,0
2026-01-01 14:19:00,43.45915083971508,168.28671645974427,0.4182687401874715,3.726650556980383,68.01409857256326,37.41170986571293,4.246250414944757,1,cpu,0.7092309883200425,-0.8476420438963561,0.7988449115919858,0.058209538948491665,0.7721609971236829,-1.0474154731103338,-0.6231334328715196,0,4.856637385862412,0
2026-01-01 14:20:00,43.399328293457366,178.50394580769083,0.3909596980606194,4.2309408718983725,67.38750207260848,41.83680615335685,4.780538586550363,1,cpu,0.7016215355886819,0.04101010320371686,0.46388526217030523,0.5778655610461351,0.7491682150894116,1.5791793217135417,0.2895364067322046,0,4.402266405543997,0
2026-01-01 14:21:00,46.20847111420497,172.2875815530398,0.3711588059603237,4.238801869429773,72.12214236525074,38.17107713986526,4.565999190855695,1,cpu,0.9549794761152027,-0.5201019314819613,0.21284288893878645,0.5921587816231307,0.9450018244435924,-0.5732593598896737,-0.0735740726520498,0,3.871918335144397,0
2026-01-01 14:22:00,45.709399071780624,172.0365173022398,0.4100392456947792,4.235280305244734,75.27039824295744,37.0572410660785,4.071597177341394,1,cpu,0.924878831973467,-0.5626868836063441,0.7223363233303823,0.593716133601895,1.077517883780383,-1.2304802826331231,-0.8825502025592455,0,5.994166541484841,0
2026-01-01 14:23:00,43.52104821902323,174.74459408285273,0.2692086087978103,4.418029147199605,62.45796204429167,36.48654859963949,4.063902324059021,1,cpu,0.746543107109702,-0.334409954298288,-1.1246854366194214,0.7999556535230378,0.5749254055825049,-1.5406952641222762,-0.8677934440940765,0,5.989008265349307,0
2026-01-01 14:24:00,45.07531642704794,182.5869615539104,0.3407933989870219,4.260658759849606,71.15624942068314,38.16264180130168,5.008171739355834,1,cpu,0.8991059708565442,0.35997846403059475,-0.15247733210901848,0.6604189343569732,0.9417093977175103,-0.5192328977577442,0.726369397424276,0,4.259292394252661,0
2026-01-01 14:25:00,45.46745621213568,172.19281146681672,0.3077772298956346,3.989221355147232,68.48869456568158,38.83331791666116,4.2857788355306745,1,cpu,0.9568901415793767,-0.6169774375746576,-0.5937237376962331,0.3979984665060351,0.8547515752605831,-0.09245734245344965,-0.5089454733661156,0,4.021744174436451,0
2026-01-01 14:26:00,45.044554176773005,165.27714965880614,0.3966003980117789,3.873152607439835,71.80563085431932,39.51261280611929,4.602836889634378,1,cpu,0.9571569299564725,-1.2854918896279137,0.6033185844417128,0.32387452515293697,1.0334862773742064,0.346755036799143,0.026865972822211072,0,4.576949216174596,0
2026-01-01 14:27:00,43.90542812333038,167.44169112445357,0.4465426582551264,4.763150821588224,74.18797563949711,37.170394982848144,4.425709365829244,1,cpu,0.8965156665682373,-1.1454691997035704,1.2460131904731384,1.325436662278484,1.1681650125994678,-1.0798431832403517,-0.26178149259022315,0,7.123224407453473,0
2026-01-01 14:28:00,47.87666512027796,174.88348017535196,0.2884815209503232,5.151281850126984,73.57219913143432,40.53230946657389,3.103082753514608,1,cpu,1.3489998101633778,-0.4911918536757313,-0.8478354303309887,1.7692981567955357,1.1981312857827442,0.9659440248538463,-2.3618762737765167,0,8.98327683537874,0
2026-01-01 14:29:00,51.0189133229139,168.60487945629097,0.0652483828410368,5.208402014877516,75.79650613059584,38.10177836582665,3.8946980850270174,1,cpu,1.718069108310296,-1.3875175067092538,-3.3955223960719505,1.8720782543898797,1.3543787761662862,-0.5015993811475397,-1.044342075519174,1,11.273507498314379,0
2026-01-01 14:30:00,46.71623542412812,169.83421724309912,0.2690436411488148,3.9167451698146447,75.51793608045591,38.531724367984246,4.335984194976557,1,cpu,1.387932345389373,-1.4504057321107802,-0.9201793985012372,0.4764383241941163,1.4015295139334554,-0.21047403166369033,-0.342918651797235,0,6.189877997589886,0
2026-01-01 14:31:00,50.61888904309894,180.13555118212338,0.2100443281597772,4.390621997222536,77.62073563489906,38.98510476219955,5.007930822665903,1,cpu,1.9952850169194427,-0.07985631434174942,-1.6084488217754445,1.140625450711158,1.580266523848615,0.048253766175463834,0.7182216926300183,0,7.170957586401891,0
2026-01-01 14:32:00,47.09097783497167,170.11489240105448,0.256739647301079,4.5920492549842695,80.46098056857122,33.16855640425483,4.227505683265897,1,cpu,1.5189907035509118,-1.5844711779550094,-1.0139996596732512,1.35736940494556,1.648743967555409,-3.285003863654624,-0.5331752003947647,1,10.94175397772953,0
2026-01-01 14:33:00,47.47218234632877,169.2334355806898,0.3845876188142611,4.1205245522316005,77.33109926636764,38.93870963837788,4.200289740738764,1,cpu,1.502021689704179,-1.6551307975807914,0.5741518164250865,0.7283890266684588,1.439075538024254,0.11959206471830042,-0.6169897553993661,0,6.635350688520436,0
2026-01-01 14:34:00,48.52144459273686,163.66339735803956,0.2417252873548663,5.26608457528574,79.13544700783942,39.8006456027885,3.910105364831761,1,cpu,1.5564569991771784,-2.32810489295048,-1.2024493690543303,2.0874304624612643,1.467869729137783,0.6473073084057211,-1.0648448825020285,0,10.354463643688785,0
2026-01-01 14:35:00,48.396259983047145,162.87034708728052,0.1444047101611207,4.633446845422562,80.6991184256967,36.04346854627933,4.162456597187126,1,cpu,1.483969923424648,-2.2892259866116778,-2.26838013756782,1.2510032711008918,1.4856992374010187,-1.5645641988915724,-0.654197650842588,0,10.997040405840217,0
2026-01-01 14:36:00,51.36317947789699,164.09071427933716,0.3666507194494741,4.755649965249296,81.57055119606932,37.50076644184432,3.614180269136397,1,cpu,1.7374382485746147,-2.010055356008874,0.36844073509279945,1.352267264570829,1.468232736134626,-0.6760232529942661,-1.5193061907355805,0,9.13176378411159,0
2026-01-01 14:37:00,52.161171483775455,169.97279765178786,0.3486999120088698,5.161257965484271,77.59090599978374,35.963230930509994,3.582928815114833,1,cpu,1.7527092870140166,-1.1983093408453884,0.1641027180935389,1.7654874321347598,1.2384744113281632,-1.5337833162359196,-1.5100360952003054,0,9.16290260085209,0
2026-01-01 14:38:00,45.10196026290501,176.9227827599067,0.4596045593169696,4.6630093519419,80.79466274092732,36.11134235293279,3.3413981090537286,1,cpu,0.9561198085846977,-0.27935160775176887,1.4415543466434584,1.1300785912300182,1.337636452322649,-1.4033352959267567,-1.8272284337403115,0,8.37530453619966,0
2026-01-01 14:39:00,52.30513250072798,164.67357415605483,0.3165233136970454,4.929807598509525,77.45404539771243,36.58393988730554,4.036752831689087,1,cpu,1.6600221307472747,-1.7900213753427496,-0.23821631838002985,1.399177223393471,1.1449492302653812,-1.095361700177553,-0.6780973134190892,0,8.00584529172555,0
2026-01-01 14:40:00,51.88216369971609,168.56174652689424,0.2493798579297826,4.822549612784831,77.58680574129589,37.69114288454256,3.9123250989794074,1,cpu,1.5521584558484194,-1.2579949538367021,-1.0067264406977405,1.2299164654146455,1.1131590521928028,-0.44585009947657717,-0.852569734656747,0,7.4583752021236345,0
2026-01-01 14:41:00,55.013740648575286,170.35163870351263,0.4058409314396282,4.626354031769482,87.37599772409888,38.341901837304896,4.521048082503181,1,cpu,1.8071487729368223,-1.0055945032322393,0.8432624197556753,0.9698162501896875,1.5039215514168576,-0.06994078837509467,0.17817171822088573,0,6.377856004127262,0
2026-01-01 14:42:00,50.13443959272031,160.31857496944195,0.2392276124345426,4.774999946960314,88.40487605355922,36.525682163208685,4.584258588074151,1,cpu,1.2573295312623003,-2.1315598509455387,-1.1112844970198714,1.1081132080081038,1.495024973108009,-1.079255164168101,0.3235430984398615,0,8.506110322951786,0
2026-01-01 14:43:00,52.61094841683992,165.20253818415011,0.2739327291288165,4.019216376677422,88.88347076556153,37.66911082854303,3.534323735638829,1,cpu,1.4577033962587929,-1.484080824352544,-0.6795462628156784,0.2068531424422648,1.4643674999221579,-0.4129497887020964,-1.4498974559238886,0,7.155398370417424,0
2026-01-01 14:44:00,55.21314851680313,161.5755297780834,0.3010612439466756,4.844854318632794,81.09512845587992,36.95271440436981,4.897982205686848,1,cpu,1.6562404387205065,-1.8291117263682273,-0.350466476457021,1.1450248929673013,1.078261936306537,-0.8022705442117694,0.8584692275133159,0,7.719845242544679,0
2026-01-01 14:45:00,54.98750273754764,166.64118965980572,0.1941880972362151,5.097595132653232,84.43511072327291,36.15669558323678,4.532399721821453,1,cpu,1.567604013418754,-1.203181174147444,-1.5762240865394452,1.3925927016629585,1.1902235042548626,-1.230909332055039,0.23532605172803345,0,8.396060863806536,0
2026-01-01 14:46:00,56.68670190391925,161.6324366257561,0.5352024665205131,5.2127986239350665,86.89148669509429,38.286101187513694,4.300923253568172,1,cpu,1.6643692006903337,-1.7154911336136702,2.31060799703661,1.470193297086358,1.2621402803987158,0.02735388964238025,-0.14473839514351114,0,8.59489419361158,0
2026-01-01 14:47:00,52.46378627808671,161.63846358453222,0.1533528142901447,4.930108900723333,88.11442565261609,40.180516386993496,5.086173679095696,1,cpu,1.2079533421852355,-1.6487732570451468,-1.9085770166805893,1.1034385310601245,1.276749224948007,1.1419204450914895,1.1675973118590905,0,9.455009128869683,0
2026-01-01 14:48:00,53.102482483857074,154.80848140221548,0.1611894032471281,5.198905397865769,87.47090641333482,39.21606468012752,4.45387818958466,1,cpu,1.2310413396254383,-2.281926231459857,-1.760110903926719,1.3652368356919715,1.2089240449595002,0.5692220688692337,0.10257687233441928,0,8.519038296867139,0
2026-01-01 14:49:00,56.05800992139133,164.1219682550221,0.3649804270855112,5.121955664262214,92.48518017163252,37.56155378644743,3.4727356231763973,1,cpu,1.4669189417950612,-1.2241893864939841,0.40714996541191906,1.2331171642721093,1.394206772330072,-0.3998812332424621,-1.4936266217643652,0,7.619090085309974,0
2026-01-01 14:50:00,52.54144441530674,165.0492027826908,0.3727032069132622,5.064982041524811,90.85866152397725,35.511882927993334,3.065826332141396,1,cpu,1.091791882093065,-1.0869697971400643,0.4948818868409185,1.129194982852262,1.2758504441354632,-1.551947786902693,-2.0648114331920855,0,8.695448213156551,0
2026-01-01 14:51:00,56.61066449575273,167.22784881875486,0.3373848913747133,4.488896279916423,95.49015642348397,38.89137807962664,4.741849634248308,1,cpu,1.4404981193242943,-0.8240411089180714,0.10761131931310144,0.4510136538333759,1.4446469908220279,0.416534571862537,0.6225311216912522,0,5.306876885764661,0
2026-01-01 14:52:00,58.01163536396341,162.66013911812226,0.3004531455692033,4.72736275873204,93.27087308966448,35.25454061675431,3.931124770142094,1,cpu,1.5310864599827188,-1.2704052696577444,-0.27740362384507317,0.703555117207585,1.3025532024477633,-1.6557304062991876,-0.6625251151414187,0,7.403259194581491,0
2026-01-01 14:53:00,57.24723240126455,171.1672183403294,0.4345239405555026,5.576553745300659,90.62610655686294,39.39290025457375,4.03272012992108,1,cpu,1.4062260977635188,-0.33427996461665055,1.1391415371380793,1.6497225916049358,1.14977379941756,0.7437933984957834,-0.4980074298707512,0,6.920944818907279,0
2026-01-01 14:54:00,21.29334843141057,182.78062766551332,0.2186217434867611,2.716704628071132,22.993059488192127,36.40970008619848,3.809610455382385,0,none,-2.0849704126677002,0.9548832855257415,-1.1226185423478166,-1.7579651985057716,-2.058672607281477,-0.9613028128939964,-0.8293679859425773,0,9.76978084516508,0
2026-01-01 14:55:00,22.80172992337552,187.4271885127049,0.383577968752293,2.5241433801178146,29.140389366302443,40.24391335761192,3.4766943411812035,0,none,-1.9090826464206094,1.4847828948808148,0.5849542812961498,-1.952343977181225,-1.7705636363321222,1.271901230841229,-1.3333014442519964,0,10.306930111204146,0
2026-01-01 14:56:00,23.27996388225114,183.40348456010184,0.3922281235917438,3.10001891392484,24.165499720864,37.40874107779781,3.0337807164072137,0,none,-1.860298513323013,1.0301617373147294,0.6533619310466958,-1.2511712248057214,-1.9761584059919168,-0.3907975164009552,-1.961168110449395,0,9.123117439332427,0
2026-01-01 14:57:00,24.712714957987203,193.7843806048922,0.3204929875658397,2.408430681060626,20.25552350563653,34.95088164955632,4.224686986389182,0,none,-1.7044551959175687,2.1163068853918765,-0.10286067630612067,-2.006365540851559,-2.1272855913708306,-1.7503760946312716,-0.042969648391346156,0,9.850619632860571,0
2026-01-01 14:58:00,24.32663423178463,198.0062765265961,0.2409335721175303,3.2347137311352085,25.660513729809672,34.98748853400319,3.940183646488709,0,none,-1.750847689855709,2.4352088370389255,-0.9352162138017407,-1.0935792215868536,-1.8503224492493016,-1.6826919210907674,-0.5126933544041488,0,10.260559687027445,0
2026-01-01 14:59:00,22.91896052866328,192.1121304105624,0.3118196325672943,2.771965983102956,30.88551509784021,39.3368748090284,3.189700628475173,0,none,-1.8772353855794455,1.7629420352035274,-0.16511490920409336,-1.6299970941271362,-1.6322485555838158,0.8215457820224245,-1.699135445865811,0,9.588219207586253,0
2026-01-01 15:00:00,20.36914230137068,196.91826761498612,0.1977710907266762,2.8645803294633114,18.702957626801258,35.22454159600735,3.2387298432623046,0,none,-2.0856993239667774,2.1537616139197477,-1.3431627436226918,-1.5841933255342544,-2.174971661091393,-1.4946414228012894,-1.5578619114628611,0,12.394292002399014,0
2026-01-01 15:01:00,20.035363573043558,196.34360787524244,0.3193549458850522,2.3816535320073595,23.89234759354045,34.65792086181246,3.76972555735729,0,none,-2.0463617136537415,2.037820660521277,-0.056282035767762834,-2.1421778855863334,-1.9049311599245289,-1.7428440892073755,-0.6985063905015145,0,10.628923935162533,0
2026-01-01 15:02:00,21.625692105939976,185.26063031985444,0.2920481813593614,2.1150161199167448,28.31698150649216,37.38140558084866,2.952718257836376,0,none,-1.8704559753052135,1.0063330883707018,-0.3264460847695299,-2.332680962160563,-1.6984212526189928,-0.19367915987509618,-1.9198549619053313,0,9.347871485005427,0
2026-01-01 15:03:00,21.525009321438155,188.1729222600232,0.2329945791089274,2.728536736005845,24.891380470606773,36.806164520232834,3.9187719338416698,0,none,-1.858077100277495,1.281037661173171,-0.9310402602460953,-1.600174396246768,-1.828514382018375,-0.5035042341021871,-0.3984187524282864,0,8.400766786492378,0
2026-01-01 15:04:00,22.286083089905016,189.7332190138018,0.2673723570681021,2.199716412955725,24.15574879734326,35.38604520605902,3.413911106160404,0,none,-1.762168648104299,1.3938955906563586,-0.557074284318599,-2.174244746514148,-1.8531093056366905,-1.307042066039079,-1.2108335937637462,0,10.258368235032922,0
2026-01-01 15:05:00,21.350858701911665,188.5620475636862,0.2303323908830748,2.8116067100251527,23.19043313641746,37.89794246815866,4.918272789005124,0,none,-1.7945889131677277,1.295531377922809,-0.9277267105884812,-1.4980386174868225,-1.8835030510456243,0.10385157916117543,1.1419013047669262,0,8.645141554139567,0
2026-01-01 15:06:00,23.160173741893427,184.06884707391623,0.4130820199519974,1.5623263015595032,19.824583914313465,38.019176422779786,2.8948890879896823,0,none,-1.5863245404125956,0.8493183358827013,0.990541535197428,-2.6690622128574337,-1.9350969524245425,0.17687328333449343,-1.9402903943794412,0,10.147507254488637,0
2026-01-01 15:07:00,22.200295305303648,185.11287718710108,0.3591196689798073,2.218653525449503,24.27903282341926,37.79238642568464,3.711357449550008,0,none,-1.616080432992218,0.9442981849855611,0.41190474278424105,-1.8811422899941106,-1.673261877029651,0.06650046288420314,-0.6702647638331997,0,7.263452754503185,0
2026-01-01 15:08:00,23.771046446916543,202.2991567111837,0.1172942460183935,2.9279440355166075,27.459101054242247,36.03415888249078,3.363201725686757,0,none,-1.4458911153707426,2.4096749964970083,-2.0293611597041266,-1.1191996788335987,-1.4875752837031546,-0.9312892406473825,-1.1828559962839382,0,10.605847471039953,0
2026-01-01 15:09:00,23.327765120357977,200.2562957527856,0.2377766516690312,2.3270026661756025,24.193277998471423,36.421486967124665,3.820781385437396,0,none,-1.4367205124111322,2.110448170587719,-0.7770353861859501,-1.656884245931009,-1.5628727789189407,-0.6834858476387764,-0.4556249593558058,0,8.683071901029333,0
2026-01-01 15:10:00,24.48442420655368,191.41402101502177,0.3483889412278027,2.252491089216399,25.02482821833509,36.455214802663946,2.7970558958350464,0,none,-1.301111992270713,1.307603973103856,0.3320069371461828,-1.657436495741601,-1.4770724252656426,-0.6467741661274164,-1.9933211939937057,0,8.715327183649118,0
2026-01-01 15:11:00,21.32574012656115,192.48305874123375,0.2728502532403095,1.8825157963444272,28.38462845887836,38.64542922406438,3.3389722970849283,0,none,-1.4985249010872743,1.3585877740994814,-0.42103501077216177,-1.914425896111045,-1.3017533742768819,0.68436477813313,-1.1114528363103844,0,8.290144570790359,0
2026-01-01 15:12:00,21.43755046650118,179.21950694023306,0.3271030462799777,2.41612820457538,21.325285833873885,37.84336033003618,3.018021915237924,0,none,-1.4409255811310209,0.24254544163455516,0.15187423826111038,-1.3780067442014956,-1.5149692539272506,0.18818035489270127,-1.5578372278303882,0,6.474338841878522,0
2026-01-01 15:13:00,20.95158530563389,184.30012532393235,0.2512093693295241,3.0364052475894416,24.889946226202067,37.75437286526879,3.699048763894364,0,none,-1.430986077073677,0.6562423953577503,-0.6177245900520084,-0.7789963162396335,-1.3320558013971642,0.13447990506338905,-0.4732657652193996,0,5.423750850403023,0
2026-01-01 15:14:00,23.32580722193117,184.75596261509213,0.221391409547972,2.28967671842475,21.760995993115493,38.11314521098219,2.895351385747869,0,none,-1.219336880947757,0.6931448296008585,-0.9158515671911965,-1.428224028837963,-1.4000135668142217,0.36478476793399417,-1.7027151421030726,0,7.724070783429064,0
2026-01-01 15:15:00,24.569973238806934,189.8351191204074,0.3363127168328865,3.3700961200027857,25.98804576791629,38.250044442119965,3.1263043340490606,0,none,-1.093971386743209,1.0862910095244542,0.2994223669372661,-0.4366386762238438,-1.2036702748642045,0.4504595497408531,-1.2994558648696337,0,5.869909128903465,0
2026-01-01 15:16:00,25.384560202179973,193.1978205835384,0.1514191023764095,1.9962011494272016,23.62170942557172,38.36981551768714,3.9042676713391766,0,none,-1.0057314772842258,1.340560060426363,-1.619480633899929,-1.6168312990251046,-1.2480357816456105,0.5225756340422633,-0.06635705602526198,0,7.419571942348758,0
2026-01-01 15:17:00,23.372154767397102,198.55513751058675,0.1598538992337395,2.516506888632235,22.224690098034465,34.88770932448842,3.479116090081966,0,none,-1.1170588465430404,1.7191906474090604,-1.4792189438048657,-1.1204117362234824,-1.255567988277029,-1.5828171918289704,-0.712812853510633,0,8.987078207597081,0
2026-01-01 15:18:00,22.72382042924834,187.65634137720332,0.5020711098340643,2.711408219756142,21.709574829209465,38.51757610223926,3.679598463022029,0,none,-1.1312474576998581,0.8226934288188256,2.0556484086246036,-0.924865334989747,-1.232024450658472,0.6121695457692485,-0.36557520863524107,0,7.144223835195996,0
2026-01-01 15:19:00,24.449133045365343,191.0171257032344,0.2432062568111807,2.857278022965918,21.322983938702915,36.45217993781424,2.150621794414139,0,none,-0.9790752482609402,1.0568994129587816,-0.5822299722521367,-0.7810670053192205,-1.2045554468331199,-0.6253751731077256,-2.647536462406568,0,7.876738721138492,0
2026-01-01 15:20:00,22.832091530848004,185.0606577150522,0.363783244631945,1.8308976725799129,24.1205222239079,38.37209286077443,2.711928805953991,0,none,-1.0596396271866597,0.5704456576949372,0.6770670932868446,-1.6014212236482557,-1.0730710140371156,0.6018422207461919,-1.7140300246567386,0,7.297516861256742,0
2026-01-01 15:21:00,20.89231249613427,190.7145913191733,0.2712950701753696,2.6674701148776383,21.93021926181907,36.93641184322263,4.0992968808522425,0,none,-1.1554684622677014,0.9899117050289423,-0.27080844011570787,-0.8653950846087494,-1.1108899026408556,-0.3042412590554478,0.42279715417279873,0,5.1195120078902026,0
2026-01-01 15:22:00,24.349023078679352,184.46792632679333,0.3441207605563076,1.8564192557918289,22.41548397375273,36.33987742122279,3.985929589255827,0,none,-0.8877907517367356,0.4789793158654947,0.5080976339736523,-1.4900001056550043,-1.0585324798155964,-0.676443916569606,0.25022752030436013,0,5.35007172392045,0
2026-01-01 15:23:00,21.98398210050861,197.79206837841184,0.2597175952649847,2.4058709938415803,27.76340442499047,34.75985820811,3.422784922490256,0,none,-1.0185860739634045,1.4761379372600405,-0.38242178513083713,-1.0012297853847676,-0.8525834915163357,-1.632983585790593,-0.6017650034553564,0,6.965707662501336,0
2026-01-01 15:24:00,19.82892850588229,194.56064758566652,0.2269021530369195,2.4123129269703973,21.35073051987122,40.51524364784442,4.272767482569866,0,none,-1.1278524223062953,1.1953355379276993,-0.7074376863759144,-0.9650089008242937,-1.0348022980197347,1.8860735482292526,0.7458435480425646,0,7.662353941725756,0
2026-01-01 15:25:00,22.383145312573347,191.998042650992,0.3120092761181121,2.543286169025531,25.941983206199552,37.49310693454626,2.951045348920895,0,none,-0.9244616021843957,0.9674946483181472,0.18899079303189387,-0.8335350666050426,-0.8537057288538459,0.06464366808775276,-1.2958769756883204,0,5.128708482769398,0
2026-01-01 15:26:00,21.06285609340981,189.9882893815421,0.2340735091463768,2.225360692295308,21.684116111197497,35.67513247443611,2.1165541228121807,0,none,-0.9816001634975654,0.7861841683724959,-0.6081725006454292,-1.0607623972886873,-0.9642139003474457,-1.0133915859906693,-2.4391860737007414,0,7.853510789843034,0
2026-01-01 15:27:00,22.60666694916101,193.9082048227411,0.279326169458268,2.770496392046544,18.09712269958375,33.94959094893923,3.814129802944573,0,none,-0.8508084048560842,1.0511975474935769,-0.10063611723862233,-0.5963049931457297,-1.0480991733258522,-1.9718554234314378,0.13222223864124014,0,5.751123898132543,0
2026-01-01 15:28:00,21.2107845112474,192.67654287630097,0.199695696281231,2.824748721449647,22.530738433000725,34.3569381011223,3.549831363989268,0,none,-0.9135746545456813,0.9284876282504285,-0.942873447776482,-0.5276338304285735,-0.8718403593423325,-1.6829249980977294,-0.282531617566492,0,6.149866536007719,0
2026-01-01 15:29:00,21.96714027838558,188.10475611621013,0.3274730335381939,1.897159395129174,20.820638618378148,36.17461645685438,3.951913601459316,0,none,-0.8339915742413733,0.5581038312324308,0.4084414607492186,-1.2520364425048396,-0.8980583843723335,-0.5749276767551013,0.3309491837955202,0,4.856508553650818,0
2026-01-01 15:30:00,21.36761869386194,189.45345832504128,0.1261054169894611,2.557348560149805,26.548363330792995,36.5827416547439,3.113299490346697,0,none,-0.8456942839432077,0.6378878365359612,-1.7979981737783686,-0.6851154692507012,-0.683500496614718,-0.3126994533087997,-0.920175140580021,0,5.883070854011777,0
2026-01-01 15:31:00,22.30526591232275,196.6514001078364,0.1930408366790738,2.508436529060478,19.505973751206028,34.63816481378162,3.1258787277883875,0,none,-0.7554773302212423,1.1552132351572666,-1.0532458651497945,-0.7007875373096433,-0.8871833006146038,-1.4300181059170451,-0.8773635697022923,0,6.859288944071888,0
2026-01-01 15:32:00,23.667062999783557,190.60395101132244,0.1672982717276177,3.129062352908829,27.513966581718872,37.45560363400664,3.762892600012737,0,none,-0.6394496216125497,0.672632897131427,-1.3019367264584207,-0.16886439693137906,-0.5960819588659352,0.22228586182948837,0.13752578979556931,0,3.7387772526247702,0
2026-01-01 15:33:00,22.971246350023463,185.4146337184185,0.2394423464336751,2.789159197289028,23.47357288354042,38.164156043664846,2.6544815336087826,0,none,-0.6619241575269407,0.2597642983055771,-0.4968393023025266,-0.43486094609157167,-0.7056683607245915,0.6799147206272332,-1.5519438324582773,0,4.790915618036718,0
2026-01-01 15:34:00,22.449955030813165,196.28975287315475,0.3338339312828753,2.3446431155958014,20.242703490099064,34.50101508517826,3.5202200476189853,0,none,-0.6720230761846265,1.0583931208277124,0.5178740257124894,-0.7799885348354366,-0.7868496071982848,-1.5853185277044726,-0.19270611841319585,0,5.593153010876218,0
2026-01-01 15:35:00,24.464315898880216,202.4771680564226,0.3109951032086231,2.021315737230242,27.09228652533794,35.161839011386725,3.0570570660987517,0,none,-0.510769291957802,1.4859157945308894,0.24298447822773395,-1.0211605949892113,-0.5297489909484301,-1.1472221644821936,-0.885627958804723,0,5.823429273940984,0
2026-01-01 15:36:00,19.663655729771406,195.4674366275136,0.229833433499594,3.087147235650061,24.418569576323925,35.174874368427375,3.9408810518317976,0,none,-0.8146059322243419,0.9153651254873251,-0.638737396471499,-0.08850425121623358,-0.596496618138997,-1.1038653887658025,0.4823810079141091,0,4.639955720218309,0
2026-01-01 15:37:00,22.688379784890483,188.88284885512863,0.3027914651692899,2.528456129673822,24.95850667874762,37.60583809183582,3.4969904983139184,0,none,-0.5779021836813941,0.37982489120899815,0.18671035480869663,-0.5474029457545236,-0.5532563460143305,0.39451757413505006,-0.2057546609710143,0,2.8453689565740077,0
2026-01-01 15:38:00,24.66305909101218,191.38918073331425,0.2126100392513963,2.7202908360932447,20.840116441290817,36.09044216669796,3.578662500298269,0,none,-0.4166003703754608,0.5583337897566097,-0.8021159864579427,-0.35364330441650005,-0.6722162174966346,-0.5512131615657422,-0.08505256018038573,0,3.439175390249276,0
2026-01-01 15:39:00,23.41094096101664,197.2800673074211,0.1731113991450076,2.729348163007397,22.11241319179916,36.614730783667696,3.924297008214034,0,none,-0.4809794411070042,0.9920228659803628,-1.2166340644420195,-0.31964515743814487,-0.6015096648038085,-0.22429289564238392,0.4569304381986314,0,4.292014527612355,0
2026-01-01 15:40:00,24.509993433784096,197.65141754632052,0.1774335149715069,2.9925035735135537,18.679362646941467,33.556021565585674,3.533233666560008,0,none,-0.375431486786148,0.989143864268628,-1.1417320602097876,-0.050234392861744276,-0.6992487787265667,-2.019325496611334,-0.14349156441484526,0,5.418607643879054,0
2026-01-01 15:41:00,20.376884357561465,195.8802612731653,0.1284526648472873,1.8766846329395328,21.01531435919189,40.39270414929547,3.9621478939143264,0,none,-0.6586898031974645,0.8183389590695321,-1.6342267559575683,-1.068905922083755,-0.5884170030450611,2.020720322804177,0.5491115666823984,0,7.338410332839956,0
2026-01-01 15:42:00,24.49036656998837,195.34832282004052,0.1848437692004917,2.8017502921977937,18.425518896053717,38.541015328393655,3.3848346913329,0,none,-0.31772080060518804,0.7525241640618905,-0.9831573012586398,-0.16131163531161266,-0.661519076104469,0.9114397163296315,-0.34105796444265657,0,4.128730658114088,0
2026-01-01 15:43:00,20.765378862941567,197.4413303209852,0.3210599256213555,1.9642476546502985,25.358434940774703,33.95209536891229,3.4301738529021213,0,none,-0.584557796723143,0.900851562451046,0.527163181700498,-0.9463293388185924,-0.36503772894802644,-1.6797888724722814,-0.26480654489926053,0,5.268535026012848,0
2026-01-01 15:44:00,24.39737302127672,196.80966729810493,0.1120774499695136,2.454997163562911,27.02473665669076,34.78437472065519,2.884877278775938,0,none,-0.2611589522483094,0.8260429814977087,-1.7204665789005378,-0.4406843311264391,-0.26989475719876876,-1.1726290070340493,-1.123708379916648,0,5.814584987922461,0
2026-01-01 15:45:00,22.615156675941037,189.9915729251991,0.290760701987648,2.2658761297680523,19.925924740087844,37.127061841220105,2.928307316467812,0,none,-0.3833903924156776,0.19460753837633366,0.202890419008706,-0.607964296115898,-0.5396885728850861,0.13260234631449108,-1.0211782264872578,0,3.08232179160345,0
2026-01-01 15:46:00,45.291235715656725,147.88099266493288,1.1306744683003085,4.403780821395385,27.316978960037776,33.726370288094444,4.204963702103582,1,congestion,1.6965673581953389,-3.4088577877693638,6.059629561785414,1.6985882718223089,-0.18758717080316845,-1.699989337299365,1.1386074062801288,2,15.889826893955087,1
2026-01-01 15:47:00,42.656139535357,157.9627338048697,1.2017968912650696,5.379443315099275,29.414277654341845,34.24833606095865,4.466501137854301,1,congestion,1.5149168521676797,-2.5071653580378084,4.940049688254201,2.690147394193413,-0.051373189335927945,-1.377238781036561,1.662379728133333,1,14.743270991158925,0
2026-01-01 15:48:00,44.43361732797472,158.75777448234936,1.131580055673475,5.692254693274926,29.279359297211197,36.932176102693816,3.231299377223288,1,congestion,1.747983674908784,-2.482408967111394,3.867526968660781,2.9418348184489984,-0.012045531420203174,0.1442465036231262,-0.485816134388003,1,11.681862598561288,0
2026-01-01 15:49:00,41.83262003629771,162.37492800043725,1.106551721896746,5.629259308765944,32.50139230211367,34.15210564894328,4.411832821620322,1,congestion,1.6029386728868305,-2.1574304563774405,3.3223042408235086,2.803594672293692,0.22695522705883375,-1.3812142385951125,1.574325212113927,1,13.068762720149344,0
2026-01-01 15:50:00,46.88650045790521,150.82395944510102,1.2239446894707615,6.484095867228814,29.391644214859312,34.72090303694122,4.053492830991464,1,congestion,2.184307816783553,-2.973919834480614,3.3744235500288666,3.4085583690254646,0.1223511121060539,-1.049082426646585,0.9132224375321775,2,14.025865546603315,1
2026-01-01 15:51:00,48.302365765584106,150.56473224004117,1.1871867902503903,6.014286890188664,28.61174974809427,38.26044099936468,3.5032388377848016,1,congestion,2.450959325001388,-2.826395270992545,2.934158052388206,2.7918244198182247,0.17567465768442697,0.9305315377077942,-0.017698153863711003,0,12.127241417456297,0
2026-01-01 15:52:00,48.22042105503704,145.3537144909291,1.357977416429922,5.913741955774144,29.36426146684036,35.081333497167904,3.2351854478568463,1,congestion,2.60598490728423,-3.0364696934494,3.1625102756641823,2.5848433373111073,0.4389190154194504,-0.8456938572728804,-0.4881792187267273,2,13.162600305127977,1
2026-01-01 15:53:00,50.39753146523141,145.85195291980628,1.3488228917912288,6.191191502998724,33.084706049906245,37.58730945058028,4.027368351702672,1,congestion,3.008437456007648,-2.7938675830834616,2.859458524661082,2.753300682823541,2.41036094299852,0.5823002250031526,0.9652827668147484,1,15.373008181392155,0
2026-01-01 15:54:00,50.01656164057047,154.5766559709571,1.3549258240332378,5.90765744463032,31.10035311969804,36.66880307337022,3.6304549680565463,1,congestion,2.7191421083814036,-2.079029817372388,2.650770701404078,2.3489182730067815,1.7772345195850203,0.0569061298361298,0.24311237194620947,0,11.875113921532009,0
2026-01-01 15:55:00,49.72325451288272,161.4635418768524,1.3849634260943011,5.908644946513663,32.8152201854628,38.41118454852233,3.137250942642652,1,congestion,2.492613396038847,-1.5596704358446551,2.5350053141371367,2.2080354531510946,2.15965280094674,1.0974296970492567,-0.6510031402496003,0,12.70341023741733,0
2026-01-01 15:56:00,51.226472472883245,148.30908612123554,1.361411741051885,6.1819210994497285,36.79243688189933,36.869023944346125,2.978080013760698,1,congestion,2.467055210855746,-2.2686977072264796,2.315317128978213,2.270979979485538,2.9059635576212712,0.19943563722532542,-0.9394714631884782,0,13.366920684581054,0
2026-01-01 15:57:00,49.68238663064319,149.26954744155458,1.595042640357065,5.97030089176102,31.963189499028744,35.711931223203905,3.2757732161781026,1,congestion,2.1734293388634764,-2.085901053065874,2.6708336459476256,2.0030441056032693,1.6687700116380018,-0.48994325991496024,-0.371343170871246,0,11.463264585904453,0
2026-01-01 15:58:00,53.27412603539172,150.74191383284693,1.3806774420217638,5.916986832573796,33.18530533494794,35.70264753105991,4.542792361215305,1,congestion,2.358607768352014,-1.9003290767320864,2.047356158626472,1.8739130653421348,1.871131965305801,-0.5050302080571458,1.9112273442220824,0,12.467595586637739,0
2026-01-01 15:59:00,52.62806206139833,140.53014098606548,1.4611906508094603,6.461498028622929,36.03331029553619,33.059159375512365,2.6476898924865884,1,congestion,2.163527128977011,-2.332925101878005,2.1045966601276893,2.1213959823510407,2.4167021685012977,-1.9887671730153562,-1.4746692912682553,0,14.602583506118656,0
2026-01-01 16:00:00,53.398740713932696,144.81443831690157,1.4699961592503523,6.28834779434828,27.75251457085092,36.18101202058956,3.6718617960572,1,congestion,2.1077072272374693,-1.9866923558137684,2.0113360752353375,1.9071790136654394,0.5505648635854754,-0.1674385489180772,0.33418474620751054,0,9.065102830663077,0
2026-01-01 16:01:00,53.10885872969931,148.80590864273674,1.5322791326033838,6.136769443980118,32.52260832616355,36.570048000237705,3.715168879160095,1,congestion,1.9756515798630594,-1.6944627648667316,2.027963388270393,1.7288418114127013,1.5626273820232062,0.043401032179323985,0.4131831585615107,0,9.446131117176927,0
2026-01-01 16:02:00,52.87803652616746,133.49779427702495,1.6718809104775052,6.980037511742384,34.54284897968952,38.32603100179208,3.675990473184968,1,congestion,1.8616937666852187,-2.340737438191218,2.177087762520389,2.1306549937354373,1.9284703870161135,1.0706062025750038,0.32415349882099015,0,11.83340404954437,0
2026-01-01 16:03:00,52.78872227309462,145.44199525032425,1.7303763226688502,7.4069868295901085,31.91834042969025,35.28562562114411,2.733442119360685,1,congestion,1.7697387025947486,-1.6646013631853356,2.1589989732747634,2.242116863941145,1.3197412581193686,-0.7067742281844858,-1.3170549101760363,0,11.179026299475883,0
2026-01-01 16:04:00,54.7849220550005,146.56264996403334,1.704200042136388,6.600264635861572,33.138937036800634,36.84978602473159,3.912445236131418,1,congestion,1.8373841435769558,-1.5448574263520933,1.9982459594168995,1.69707932772028,1.5166449897866305,0.19935342089156438,0.7571949513074542,0,9.550760219051877,0
2026-01-01 16:05:00,57.42052150624942,144.4545610852984,1.6552081586989276,7.280784649694224,36.96974709033807,34.32728400209643,3.9447450639608017,1,congestion,1.9398236056641185,-1.5793540594248177,1.8187545938721426,1.9752099096952611,2.1751243347289924,-1.2441520400961086,0.8877228105443925,0,11.620141354025835,0
2026-01-01 16:06:00,53.11454430028547,141.63407357116296,1.508724542877078,6.992672561199109,33.81986501667054,35.43103329250291,3.0561736084372098,1,congestion,1.5489250968258068,-1.6412129250282643,1.4966806547496008,1.7408800407318012,1.4916443844965632,-0.5752530476973806,-0.7738774899222899,0,9.268473639451706,0
2026-01-01 16:07:00,57.538969517506914,131.90289474123034,1.8269470758202693,7.393846035903438,33.730320120607615,33.392449049685,2.6641304388785265,1,congestion,1.7914458437339291,-1.9821770270594465,1.9496966087067487,1.8648306948675974,1.4193677523921522,-1.697135829785482,-1.4495888023678085,0,12.154242558913165,0
2026-01-01 16:08:00,65.05400197332915,138.2723554160852,1.8011384138444064,7.061239912945018,37.13386596741139,35.47803399136884,3.988599264568992,1,congestion,2.198336932817609,-1.630527031996593,1.8187676214925679,1.6183306802563766,1.9814404906402292,-0.4884120340564586,0.9582706157148442,0,10.69408540697468,0
2026-01-01 16:09:00,59.07074036835249,121.2390340941538,1.8621495063468505,7.031374822139168,33.00989695986284,36.77374192955104,1.6272185282552698,1,congestion,1.7025438872040655,-2.2460538625540987,1.8300238140401945,1.539268618998018,1.1655030195626517,0.2538069313305849,-3.023428746202306,1,11.76062887989192,0
2026-01-01 16:10:00,58.999942147662665,125.49717302936796,1.9195995562506547,8.204326440252038,31.904641337906003,36.30254980021219,2.937068727297067,1,congestion,1.6262878117612178,-1.9589652376074653,1.831848149563201,2.0257488851730696,0.9318976058161407,-0.015776596802473113,-0.829633778102722,0,9.22015806482629,0
2026-01-01 16:11:00,60.74873826361178,132.64023874805488,1.9908101370771771,8.442678531450333,38.16010194724151,36.864147280279575,2.9424930657406194,1,congestion,1.6697919776738988,-1.5946727974726045,1.8517868351676647,2.035116121705597,1.989850183210432,0.32913447474841806,-0.804967941407756,0,10.275320331386371,0
2026-01-01 16:12:00,60.36360635464403,130.02257458904143,1.939187112820238,8.49891717688234,40.5260308998766,37.88871693132252,3.212376176206236,1,congestion,1.578466397017998,-1.6306412932740937,1.6948029997265706,1.9584852794111345,2.2692882072831004,0.9263715015230504,-0.3587122972496933,0,10.416767975485643,0
2026-01-01 16:13:00,61.51069638525012,129.26597328881732,2.0349810137267097,7.944510193287249,39.962576899847,35.034138286486275,2.2688765646958777,1,congestion,1.5869064243731736,-1.5922646132099634,1.757274971615466,1.6269314040887852,2.053308398159111,-0.7140566462500673,-1.852027994527308,0,11.182770452223876,0
2026-01-01 16:14:00,62.28011317363014,127.3949262615182,1.9045876861393416,8.240123042843333,34.0532976882938,36.325023640062426,2.5563286573501967,1,congestion,1.5703195051937484,-1.596459734366474,1.5040763837835334,1.688294235613695,1.0361215864897884,0.05853577949410102,-1.3588963122911704,0,8.812703537232512,0
2026-01-01 16:15:00,60.65471880352956,127.42588576467644,2.0918889978652624,8.50951286972829,39.30227363534389,36.93689287555478,3.243702655733569,1,congestion,1.4130801610878008,-1.5320250081871747,1.7002460938697321,1.7289854643592337,1.8179081441459015,0.4375095833956528,-0.2500738301544011,0,8.879828285199896,0
2026-01-01 16:16:00,65.67822015678159,118.70664789287191,2.003054146964392,7.987046724648994,33.419963248509575,36.32239858279696,2.2990055659407838,1,congestion,1.652807700602921,-1.7781580022667836,1.513632156065211,1.4445013579772514,0.8411931322037913,0.09237549986112055,-1.7029979607069594,0,9.025665809684037,0
2026-01-01 16:17:00,64.37233682768179,130.50765716288626,2.111935446905438,8.479878482469283,38.64671221232867,39.8432354285088,3.2232658529992424,1,congestion,1.5121257542584685,-1.2961084358387276,1.6022934993942164,1.5935333214046876,1.614468812523939,2.10153121004024,-0.2283177377579984,0,9.948378771218279,0
2026-01-01 16:18:00,66.82438719181627,122.23331460255378,2.124501009672137,8.85209666274612,38.13500508666701,34.71693881149431,2.900724490125876,1,congestion,1.593863458890808,-1.5378841308416917,1.5544330781389355,1.679618382048728,1.4763161776522715,-0.8692631409207251,-0.7181676904062163,0,9.429546058899378,0
2026-01-01 16:19:00,65.59309273569187,118.52862260545412,2.177605323678148,8.019317251437226,39.85471919231372,35.85560499436935,3.370839198303445,1,congestion,1.4630872853565788,-1.604953363934781,1.5638765861389032,1.2799169404469144,1.6762447546483261,-0.19104605321636225,-0.00584795532803879,0,7.784972939069904,0
2026-01-01 16:20:00,68.0379848307793,120.80340913590324,2.32205409487789,8.43968967464696,35.639980194021426,36.892643734209216,4.525104733861954,1,congestion,1.5450770431675949,-1.465033798867745,1.6851398291139554,1.4075427244749474,0.9890302895669132,0.4414572106203209,1.7997303116479555,0,9.333011207459432,0
2026-01-01 16:21:00,66.68525346013732,116.94758765508962,2.2670334621423,8.423881837410109,41.28601935046632,37.11923752636932,2.51758399477543,1,congestion,1.4148053020332447,-1.539195323358737,1.549389944165211,1.3511190975258607,1.7817471622884462,0.5746050480878688,-1.3745876259238665,0,9.585449503383234,0
2026-01-01 16:22:00,73.29800019754552,119.4571004905494,2.236404407310195,9.249864161144837,42.136123801376925,37.57528847955922,2.7396950825049764,1,congestion,1.721360181750254,-1.3978154751764287,1.452697252214892,1.6331529223061816,1.8254831625063437,0.8299167071682082,-0.9864161369561211,0,9.84684183807843,0
2026-01-01 16:23:00,70.18756061229048,111.76993587637408,2.240541011174825,8.808252088976134,41.75789712943735,36.49127065549206,3.597455485444685,1,congestion,1.4881827203191362,-1.601398017468906,1.4061961179114002,1.3996520808673527,1.6924142111452245,0.16984245083264207,0.3780439906956561,0,8.135729589240317,0
2026-01-01 16:24:00,71.19931506052818,110.82737535893774,2.214109941971959,9.194316768808765,35.720116878426595,36.599605217836505,3.887932770069197,1,congestion,1.4919807649598127,-1.572526956994985,1.3253860844390872,1.5024335264849586,0.7858270292460384,0.29046700081871424,0.8619376147482475,0,7.830558977691844,0
2026-01-01 16:25:00,69.10059595039336,104.3857375545328,2.380116381006588,9.05008269494785,41.91725610032743,33.08989440741799,2.786784019763114,1,congestion,1.3276976907548232,-1.717813712710681,1.4836689256508702,1.3933748847531144,1.6245174039719759,-1.8451281319533037,-0.9080588968824868,0,10.300259646677254,0
2026-01-01 16:26:00,66.81737507239411,106.5401679715538,2.296473849885792,9.04815955211283,41.228668357888985,34.88606485313191,3.830401190311453,1,congestion,1.1618390177130271,-1.5822944183212537,1.3303228782706922,1.3476161311506691,1.47182469841194,-0.7213965012484784,0.7471882753549227,0,8.362481920470984,0
2026-01-01 16:27:00,69.90956347508947,108.3826751700372,2.4773247511017247,9.549898184699517,40.1912493527355,35.0885406691004,3.401302930415022,1,congestion,1.2935307151963489,-1.4683268054226544,1.5060213802183948,1.496202868179889,1.2903557600992905,-0.6152070270999553,0.047238655246848026,0,7.716883211463381,0
2026-01-01 16:28:00,72.22052312500408,106.94835447380112,2.4672289610011244,9.92224087731723,39.29607078444113,34.860363766103525,3.2293115991681467,1,congestion,1.379219273122008,-1.4631599724168882,1.4432938189435263,1.585090028950325,1.1230988963193942,-0.766613832240617,-0.2304199881274504,0,7.990895810120209,0
2026-01-01 16:29:00,72.12571121057798,118.62048653246,2.440061211411141,9.596029449323863,40.9611477783279,34.651924748623635,2.841143441349028,1,congestion,1.3311005954264004,-1.0443043647336308,1.361307023585213,1.4112294945817843,1.3258827025224318,-0.875614308932863,-0.8480366502230975,0,8.197475140005421,0
2026-01-01 16:30:00,71.37735178582027,109.7828323177158,2.556049889097429,10.058900431589374,41.74528499209144,35.59436652346396,2.8205324318468,1,congestion,1.2506672050190908,-1.2923108776254164,1.4619230133763699,1.5434811198738836,1.3879809106347418,-0.2782084831531708,-0.8697449935788083,0,8.084316603261481,0
2026-01-01 16:31:00,71.67171723202615,105.58839886901372,2.491144599603288,9.024943285641378,42.46080648570195,36.49641923794422,1.599276693280758,1,congestion,1.2305877221371133,-1.387609750839442,1.3376821362698859,1.0928424279289912,1.4532639765275612,0.2662795937241908,-2.6766910626802862,0,9.44495667010747,0
2026-01-01 16:32:00,71.36228333449941,110.0037268464737,2.534819269181746,9.980366680766132,43.84957279734476,36.141019284729886,2.807636749530284,1,congestion,1.1772125261128736,-1.2029970277872684,1.353512580230316,1.4311103218153014,1.5894855629208213,0.0575546293271137,-0.7701085725596587,0,7.581981220753353,0
2026-01-01 16:33:00,73.5487284884767,111.336278688813,2.616616002264636,10.69980337222928,40.14802738971641,36.067995080172935,2.266558786785009,1,congestion,1.2682064482937963,-1.1219534256905823,1.4155345125707293,1.6615024088716595,1.0214776297841444,0.03404369755659483,-1.5805461773831415,0,8.103264300150649,0
2026-01-01 16:34:00,76.34738263650837,106.37111568144655,2.620678702469831,10.35794260924506,43.34146472808696,35.44500287254359,2.6626787335996114,1,congestion,1.3940790139763608,-1.2537344298518933,1.3774967732963193,1.4793922608725858,1.4487456951363804,-0.37799369262221316,-0.944281827828172,0,8.275723693583924,0
2026-01-01 16:35:00,77.06558941033148,96.74382447612912,2.77476468546536,10.2997703490817,38.52539037473399,36.67450493359027,1.8668739413877968,1,congestion,1.3962521468042843,-1.5435238197112862,1.5295874408516306,1.4205156882423282,0.7130273554278266,0.39986832652082116,-2.0507661087484896,0,9.053540886306667,0
2026-01-01 16:36:00,77.66914815759029,97.75380172621496,2.755085474989978,11.2102651349905,41.20558551843486,35.42394564724815,3.146484398705699,1,congestion,1.4027805415191343,-1.4696713390495137,1.463256338352034,1.7315018846376657,1.0750596702555544,-0.41163817464600455,-0.15196035711657488,0,7.705868305576482,0
2026-01-01 16:37:00,76.66991209480048,104.14483122125064,2.6772434806185053,10.257761187956536,44.14248765791581,37.30959415524262,4.3806302634699446,1,congestion,1.3116809877311402,-1.2133076712357957,1.3247261733961957,1.3067676585127386,1.4604713115500068,0.8143413577697819,1.6194449296024516,0,9.050740089798111,0
2026-01-01 16:38:00,78.07017619450077,90.71408087934049,2.8972224466427505,10.97657235132612,44.59255287508142,34.97534067058196,4.642667614885236,1,congestion,1.3668172739348108,-1.6398444317271945,1.579387993712747,1.5621578655815034,1.49236288696028,-0.6859849169457222,1.9138017892738788,0,10.240357158136138,0
2026-01-01 16:39:00,78.31664084629821,93.17762323261664,2.8219395636990856,11.167978316767435,36.653567293845526,36.05099273031808,2.7610774096423945,1,congestion,1.3561730716911526,-1.5223227971384081,1.4485032550472743,1.5990270847191759,0.266306978116714,0.015489409732122716,-0.7063565528373108,0,6.914179149282158,0
2026-01-01 16:40:00,21.839380295716147,190.41037602450916,0.2786168598756438,2.333396422000039,25.692796581628343,33.10512468549643,3.265618314856607,0,none,-2.304011932208025,2.0313037354519063,-2.088362720895442,-2.1266005345681593,-1.5154554728864607,-1.8703137467027349,0.0112844250961538,0,11.94733256780888,0
2026-01-01 16:41:00,21.53712440217597,194.8682531450461,0.2341015235285968,2.454536809204547,29.67455492646228,36.40447498361701,2.8409033915593094,0,none,-2.3318376096258504,2.1983810469542697,-2.1648555741820323,-2.0988047711016815,-0.9302825961579151,0.31134448770888395,-0.5651738962329693,0,10.600679981963602,0
2026-01-01 16:42:00,22.156392292640497,191.9874783464101,0.3262206404738076,2.7095348751051493,22.41874167669029,34.98406796235332,3.2922175830507405,0,none,-2.276218764894576,2.104202839205262,-2.053926670014343,-1.9873367880069939,-2.226238144585695,-0.6431364174555673,0.07787024630425568,0,11.368929870466694,0
2026-01-01 16:43:00,20.65567743920257,195.057239388754,0.2728672478946823,1.6334554617298895,20.707297649384824,36.10958923756432,3.210462178926005,0,none,-2.3722705332669705,2.226370208110334,-2.1229362242363488,-2.4274405354781696,-2.4398491588452345,0.12923469940561805,-0.03307221691135541,0,11.75117357625403,0
2026-01-01 16:44:00,20.729097596308947,199.73141830597217,0.3158911248955324,1.7637842424173074,23.11700767468617,34.757534133956014,3.730927323950264,0,none,-2.3425684741017907,2.387263992849439,-2.089726494167181,-2.342070712113504,-1.985724153422065,-0.8418294942765474,0.6852776810136537,0,12.67446100194418,0
2026-01-01 16:45:00,23.61441282646924,189.7320448371696,0.2296570349768001,2.0926927118164835,20.316859664481544,38.67949398625985,3.326712346888668,0,none,-2.164286875881194,2.019725632509806,-2.2039215745343737,-2.1979156032825258,-2.4564147688667126,1.9070854812850904,0.10264586886809432,0,13.051995805227797,0
2026-01-01 16:46:00,23.37284850180016,210.73511522282809,0.2003804907135128,2.339439733240099,21.430682983576112,37.60345060672725,3.7155963123971967,0,none,-2.0848275109646996,2.5953324357184435,-2.1490642310623502,-2.0325289487427574,-2.1920498137535773,1.1202935656505402,0.6748731118368436,0,12.84896961772921,0
2026-01-01 16:47:00,16.616543633013748,200.5351585503305,0.2720159280884361,2.116744899662711,16.108216098078277,30.056981138306625,3.289314965349857,0,none,-2.369900288648991,2.138256794480076,-1.970794772398547,-2.0356672924418735,-2.8197132545543537,-3.6955626640176282,0.09253399029609004,1,15.12242905683756,0
2026-01-01 16:48:00,21.449141529007147,196.2492666528052,0.125093999529362,1.744912582687228,17.42631379970064,34.06537930231007,2.7275201899121475,0,none,-1.9974664871519037,1.9191924714088682,-2.075161209824199,-2.0811588771442695,-2.4664798595722623,-1.1425818347029213,-0.7219837058964791,0,12.404024445700903,0
2026-01-01 16:49:00,21.417774302152974,204.3841298301544,0.0713985468674695,1.6130759099146614,21.067573343401712,38.66771206542739,2.3077862599108863,0,none,-1.926688888175784,2.0903217886210568,-2.055084615320029,-2.035659560609866,-1.8601515262539818,1.6506885044071937,-1.3039690585701988,0,12.92256394195811,0
2026-01-01 16:50:00,22.3481962519256,200.82004606436243,0.1942325540522455,1.8681913447456355,17.951573347990138,36.54603398242248,3.310155022456033,0,none,-1.8030535327852595,1.8932502369185116,-1.8313135326058028,-1.8569685396378788,-2.1817328708908845,0.3316111325581795,0.21049371246635426,0,10.10842355786287,0
2026-01-01 16:51:00,16.428270455915634,200.0825626937376,0.2262685232281148,1.6000664739246606,16.142715588762865,34.54310960072855,4.189977832665063,0,none,-2.0238478685904893,1.7954932630952818,-1.7323191303006704,-1.869678343735537,-2.2960356324819915,-0.8732478361710662,1.4961716851583724,0,12.086793759533409,0
2026-01-01 16:52:00,17.27190694411629,199.2893523473177,0.2822367304948272,2.1486134897615226,19.618816313017437,36.92427617362451,3.244658233681365,0,none,-1.893130954569469,1.701523912229614,-1.6095635924733516,-1.622227337301285,-1.7836128728508096,0.5896458557538212,0.09236595213731295,0,9.292070477315661,0
2026-01-01 16:53:00,19.71678491461267,198.6728949147595,0.2734291932706142,2.3286334069132058,19.137313783776182,34.88808686861243,2.505071140005432,0,none,-1.6991177984529642,1.6205215883743525,-1.5666406791518996,-1.509840535111403,-1.7655126725159156,-0.6525696899223722,-0.9734036341776654,0,9.787606597706572,0
2026-01-01 16:54:00,20.733586302803808,196.7166877466138,0.2133601018645378,1.6109257712576213,24.56043050812408,36.633666599450855,3.2555731514822224,0,none,-1.5890687543676019,1.516129205255675,-1.5798081299156241,-1.6830897368359845,-1.0815681508648551,0.43946969056097074,0.1570225751009817,0,8.046156242901693,0
2026-01-01 16:55:00,18.245599748956725,198.3498348178305,0.3365372613248643,2.3071729012571924,18.67014159341154,36.85131921826027,2.567885381055557,0,none,-1.6452505451577661,1.517243108415699,-1.3997153952916421,-1.414185443671672,-1.7184611988290894,0.6026366790806887,-0.8542367815600214,0,9.151729152006578,0
2026-01-01 16:56:00,22.69206205679588,201.29223272058755,0.2803477488699502,1.820555174329091,17.88740338786889,32.31771443926455,3.783567822738221,0,none,-1.3878835773002478,1.5412081744817134,-1.4173181650455617,-1.5155223443159607,-1.729637444251365,-2.152126026324902,0.9301542850677854,0,10.673850016787537,0
2026-01-01 16:57:00,22.46953283828591,199.7471021520876,0.2812171953712634,1.891622728208408,19.24454427928473,35.5143140025239,2.794124386930982,0,none,-1.35530620236001,1.450649598057729,-1.3700629076379323,-1.4459480523527861,-1.5187916644775463,-0.19090350952174936,-0.5205218998304089,0,7.852183834238163,0
2026-01-01 16:58:00,21.71230616351485,202.16737335832295,0.3741693245060113,2.2391439051684223,22.368414283998188,36.21581160739682,2.3389616820213,0,none,-1.3445283358540063,1.464203341041507,-1.237509763216526,-1.301663436529573,-1.1347492696392913,0.233580037565958,-1.1683146926284032,0,7.884548876475265,0
2026-01-01 16:59:00,22.056560248162175,198.8064936267889,0.2245595533788739,2.057643604410392,20.99364367962954,31.559101406282743,3.0779655617225217,0,none,-1.2871460242602297,1.3319151815530679,-1.3508737566824038,-1.3143293310575375,-1.2443052755126764,-2.5201110300103227,-0.0596649052128754,0,9.108345504289113,0
2026-01-01 17:00:00,18.10268600692241,202.40461710167,0.3092323731195223,2.1685492352944444,23.469254000844227,36.858898583976334,2.839934235478898,0,none,-1.4124773837383497,1.3758629650310779,-1.2275195898388294,-1.2439719618314455,-0.9591661058232912,0.6138066050484047,-0.4026843056829144,0,7.235488916994313,0
2026-01-01 17:01:00,20.07846362123389,202.96416662514343,0.1027251024324611,1.3797614290006568,20.854429381856107,35.87973960924159,3.124303676801066,0,none,-1.2833000931712213,1.3458060898409743,-1.3895281151756274,-1.4267406070202646,-1.2078069460388394,0.041760875541263176,0.04751159770449714,0,6.742454324492688,0
2026-01-01 17:02:00,15.750688201171943,197.2323640090821,0.1023771065026338,2.401778311130662,29.80895709549601,36.13515361504458,2.613250858457092,0,none,-1.4185347222574907,1.1663242154293376,-1.3427420538891588,-1.0985636872207272,-0.2345759869747767,0.218792464168021,-0.7143451818442643,0,6.193878311783777,0
2026-01-01 17:03:00,22.26344176435195,195.18134177621,0.247384630013615,2.079440155515115,17.38269826401265,35.02435817971851,3.38555758665674,0,none,-1.10868291141367,1.0852314224622124,-1.1625991195149243,-1.1529302026769217,-1.5164878828600405,-0.44867701393944465,0.46198302528910906,0,6.936591578156323,0
2026-01-01 17:04:00,22.58295537484451,205.19170084120623,0.1942974138072171,2.079085955379003,18.16681699326329,34.825061725475486,2.801276135946161,0,none,-1.0628211154487623,1.28396465557647,-1.176164058488112,-1.1195934366971731,-1.3841623358981872,-0.5491038360437065,-0.41763724707889127,0,6.993446685231304,0
2026-01-01 17:05:00,21.09140582601234,197.7972205938828,0.2243889873494328,2.3461063569335283,17.531345799226994,34.85215062829612,2.8349620362322114,0,none,-1.0898057621090802,1.0768470271002741,-1.112713368524479,-1.0138390324550655,-1.3964038963898961,-0.5400472443067643,-0.34120549635582625,0,6.5708618272413855,0
2026-01-01 17:06:00,18.316336605710436,201.32894858880283,0.2233941894935502,2.1032993425060478,19.97940928990444,34.39239531650942,4.167619820780446,0,none,-1.1669700531927931,1.1245226580837,-1.0822830554095995,-1.0491712262009902,-1.1108486950795675,-0.8038909888698741,1.7035373707199686,0,8.041224047556494,0
2026-01-01 17:07:00,20.350674431855445,198.576746680322,0.1774217756575493,2.228668674079863,25.264307659302094,36.24362792092406,3.2635823108085145,0,none,-1.050296782993272,1.027420126270511,-1.0901154156742427,-0.9841333348057281,-0.5597687944793505,0.2880924224474386,0.28812371229443634,0,5.287950588964979,0
2026-01-01 17:08:00,22.164286467231307,193.8178158821289,0.1478616848714581,1.5368570763280212,25.695168740389946,33.89342514532488,2.6041559582232874,0,none,-0.9453566901886622,0.8911436981434333,-1.082606591589051,-1.1360942284962066,-0.49760612584355096,-1.124002772939282,-0.7097673848464868,0,6.386577492046673,0
2026-01-01 17:09:00,17.829843041744827,193.6392164031996,0.2311495967866505,3.0138393851816887,18.546271804785817,36.30338430816887,3.048276562351319,0,none,-1.0841657387515156,0.8583346611237214,-0.9743608969880923,-0.7165391476564207,-1.183388556681674,0.3428190901494105,-0.0501694977555161,0,5.20977758910635,0
2026-01-01 17:10:00,20.692675948551454,199.3751963544563,0.1309646269375413,1.6699541725126954,18.14982263199837,34.65567761344677,3.606615952727637,0,none,-0.9393409338322203,0.9579811726453151,-1.0325718956707688,-1.043343339036401,-1.1857390531636223,-0.640291011959009,0.8464230064670041,0,6.645690412774341,0
2026-01-01 17:11:00,21.65097963329794,195.8982627719376,0.176353224861481,3.256023723175093,22.754619125109297,34.763867040598534,3.6027434021447746,0,none,-0.8726773807336111,0.8515501067252895,-0.9594092399586376,-0.5967041729252646,-0.7056717017284142,-0.5543514449297837,0.8177142720471655,0,5.3580783190481664,0
2026-01-01 17:12:00,18.72382283461417,195.9720461983353,0.2076426608920466,2.7603407759051164,21.146222092108356,35.100691662272034,2.939511389816268,0,none,-0.9574413720107837,0.8263248379660509,-0.9015002310984617,-0.7050252815719147,-0.835974991288836,-0.32644444799674727,-0.2554719236615488,0,4.808183085594344,0
2026-01-01 17:13:00,19.11760546819557,197.43899746663243,0.1411329614813776,2.4275120846688405,19.558368153965475,36.2293027196698,3.345203345267489,0,none,-0.9115948040135976,0.8322328356072719,-0.9308580104818581,-0.7689614884259468,-0.9612120592544049,0.3568366474792755,0.3817072152206513,0,5.143403060483007,0
2026-01-01 17:14:00,22.561192330198782,207.85473742805416,0.1530566340454586,2.3701235802054508,22.934384541882608,32.194962577115064,2.5744897789851486,0,none,-0.7499768689583405,1.033241317969751,-0.8908992259652474,-0.7584413420237743,-0.6061012394573398,-2.015753463402145,-0.8931824582428789,0,6.947595916019476,0
2026-01-01 17:15:00,21.70984993714146,203.7142079673785,0.2730391373282662,1.5712458626067192,18.938711834912304,36.03800512623594,2.3245997257902147,0,none,-0.7579287612118984,0.9094710567690895,-0.7562812463195075,-0.9411582785718201,-0.970373321527155,0.28204599834032,-1.2638428407933733,0,5.881101503533164,0
2026-01-01 17:16:00,23.008728027961624,204.04689755467317,0.28899653763457,2.094021578972073,19.5045888175672,34.35059994524083,3.084102957681805,0,none,-0.6814781015846555,0.886663197318688,-0.7168844671588885,-0.7745875396435735,-0.8866399661646415,-0.7058758425401618,-0.046779498238473265,0,4.698908612649083,0
2026-01-01 17:17:00,20.733128631897863,200.3332901417297,0.2311110505378647,2.344709181755098,20.47322220910557,35.18144834107363,3.291444605918925,0,none,-0.7452469628033359,0.7766257378955582,-0.742983220947109,-0.6823473045063576,-0.7636525500657194,-0.17394988307146314,0.294549710382594,0,4.179355369672137,0
2026-01-01 17:18:00,18.29144172956755,190.3122650593164,0.208689993004586,2.9335892964647883,19.30640126409649,35.508540842626,2.26092620833432,0,none,-0.8139236681514709,0.5282464294379721,-0.736980967575427,-0.5010726817202611,-0.8503479636865875,0.025018539873322358,-1.3721672815518304,0,4.8277575319968715,0
2026-01-01 17:19:00,20.0946652504684,203.17674830525797,0.3552321684490717,1.9996806061354573,23.77712518782863,34.75990071918269,3.32955186680356,0,none,-0.7155823426353303,0.7921016015195157,-0.5797123838624848,-0.7288742678481047,-0.38265686225854917,-0.4382056732653548,0.37082178422367795,0,4.007954915613018,0
2026-01-01 17:20:00,18.95924106451904,211.2629431826364,0.1359247151928381,1.597527963438284,20.276413173450837,34.86252097320374,2.3673800055121665,0,none,-0.7342969082627708,0.9444766158872764,-0.7536286921934916,-0.8100047186576982,-0.710421596338177,-0.3538465088720761,-1.1818244227855252,0,5.488499462997016,0
2026-01-01 17:21:00,19.6787770895884,202.62646957606407,0.2467904792224453,2.167099256763983,19.554580676493067,36.718131956051145,4.200104610670332,0,none,-0.6791868141051426,0.720387267394949,-0.6258859849798377,-0.6299894416830931,-0.7560467505444061,0.8380124691792257,1.8291984705197386,0,6.078707198406392,0
2026-01-01 17:22:00,21.13115582297708,206.00765510511084,0.3243139392026999,1.9714993713327091,15.705425298192653,33.29243261806065,2.9770482905903,0,none,-0.5943408266989303,0.7707156361145174,-0.5294343936505403,-0.6578451696300428,-1.1155766944146603,-1.3137244501506573,-0.20087366250077818,0,5.182510833160127,0
2026-01-01 17:23:00,23.1446957727739,193.05277118929263,0.1981219893226477,1.5822682046853638,15.645031917798663,36.50641353521891,2.450983947195134,0,none,-0.48588330197400426,0.44548855545224897,-0.6232204974199872,-0.7389385689785998,-1.0892997241379674,0.7491550703475367,-1.0380446180145648,0,5.17003033632491,0
2026-01-01 17:24:00,27.674342151761124,192.2796430036537,0.3822956755361496,2.012538155547023,28.905398410408893,34.33567947621533,10.58780991781804,1,io,-0.2692459821086357,0.4024925529148559,-0.4238764130384686,-0.5930671740425927,0.3089441029079759,-0.6213517835771639,6.492802761651677,1,9.11178077024137,0
2026-01-01 17:25:00,31.48181566403359,191.9259327735415,0.4186601692505109,2.4597066047291296,28.085733264979996,35.350544992941416,9.999683941884255,1,io,-0.07958860034124907,0.36790462748485475,-0.36388599833051255,-0.4416456912152562,0.2530445907593265,0.007448812597567068,4.653181707171009,1,6.1667000278997754,0
2026-01-01 17:26:00,25.65123701371119,194.3154077221812,0.1602132880633075,2.386250917979207,24.19285260053258,33.31850961489551,10.094230768692,1,io,-0.311630748815346,0.4007114527918318,-0.5931584529630831,-0.438213153251948,-0.13933565985586976,-1.2883239125594634,3.969836174842265,1,7.141209555079807,0
2026-01-01 17:27:00,28.300229061960387,187.93328275291475,0.2245668247069539,1.916717960066582,23.33056595152653,34.20660226007979,11.997597081806903,1,io,-0.16582831359296193,0.21176010777535964,-0.5031179367003009,-0.5506391095594936,-0.208279456188899,-0.7023097347348953,4.1892218392958425,1,6.531156497847753,0
2026-01-01 17:28:00,29.16714394829381,190.7888328706269,0.2196411935451893,2.09421578980289,27.79510035429221,36.063332820366725,11.561446422649418,1,io,-0.09592413595934865,0.25752175982645675,-0.4824269858559159,-0.471481831065422,0.32494100596725894,0.47859305277135683,3.47470853374778,1,5.585597305193539,0
2026-01-01 17:29:00,25.37040267074734,179.98517041234706,0.0746043833043243,2.029323666331824,23.92360839751009,34.36919938616843,11.951659568938211,1,io,-0.24678466531960336,-0.0606523523507073,-0.6103013142146466,-0.4655985540606906,-0.09212986334289659,-0.605829040973499,3.243277013405398,1,5.324572803667442,0
2026-01-01 17:30:00,26.78211943387925,182.8472509817093,0.4644042813995137,2.0097594016812224,28.047542068594264,34.245058019122304,12.443953935354038,1,io,-0.14647638367010113,-0.016073049719183205,-0.1560366023759326,-0.4454809529731232,0.44114628361502656,-0.6686295980289098,3.090301112937808,1,4.964143983320085,0
2026-01-01 17:31:00,29.750498538023564,184.1546923732365,0.304589752331111,2.4952296647926206,27.559922328803346,34.50691476281944,14.62085095554656,1,io,0.04111688434341388,-0.01685687491038807,-0.3069271269080821,-0.25721644123437565,0.4296117384339427,-0.48158164239226414,3.424808232637315,1,4.958118940859781,0
2026-01-01 17:32:00,31.063173898444045,187.3728013422481,0.1087726157472549,2.6636259403790223,25.77523992223902,35.22882311845049,13.258100578565468,1,io,0.152632529694913,0.042290739871634626,-0.5119261393909955,-0.1661450318010865,0.2529182649996518,-0.00900727365044222,2.72969993579486,0,3.8646199152035834,0
2026-01-01 17:33:00,32.12824208796426,187.46523363632767,0.0,1.991750452782351,30.81442409177116,33.43130224737825,13.258233217473764,1,io,0.2640868537254823,0.006033008028127918,-0.6264273915025859,-0.37788322674109426,0.995660560923186,-1.1266656440428124,2.530853198105209,0,5.927609883068498,0
2026-01-01 17:34:00,31.866001014104526,177.32669357583174,0.0949247676444646,2.7556362922454847,30.286791856638324,37.33815048336423,13.526712613335718,1,io,0.31467688133352345,-0.3866765167137373,-0.4806978928147573,-0.04192769358833296,1.0124810006834746,1.3233121377018426,2.429428949900145,0,5.989201072735813,0
2026-01-01 17:35:00,31.546391910672227,185.50752693471557,0.2439400211277906,1.511138211479495,27.538681276550932,34.196256474064086,14.282690411549538,1,io,0.3757905581170397,-0.1694714073290647,-0.23720108678001303,-0.5347722744177855,0.654051085670856,-0.6257147946826899,2.4573425698256393,0,5.054343776823088,0
2026-01-01 17:36:00,29.8825031371452,192.1704959599737,0.2985433448250081,2.471363871199238,22.72805493591814,36.01381260924906,14.412391760515533,1,io,0.35697028563806377,0.028216310579265075,-0.10264193953648583,-0.04855531301767789,-0.055143014417123895,0.5124502063936691,2.329657603187005,0,3.4336346727692906,0
2026-01-01 17:37:00,33.09788657293762,183.19797786479344,0.2271772356417905,1.3774165179714108,32.593208350864884,35.96953550938146,14.174840184410614,1,io,0.7781716013296622,-0.4768478339731025,-0.18425162177087265,-0.6225866909544929,1.7996419458277726,0.5052836430451508,2.139707612973352,0,6.506490949874406,0
2026-01-01 17:38:00,36.60463711895105,189.2186472775718,0.2065764838445616,2.2507357506130976,32.0659203595355,35.06377294579622,13.852341236085746,1,io,1.4864943389523988,-0.34733550585220735,-0.18773085945052206,-0.017598535501132714,1.9788416080981286,-0.07286732957538225,1.957127001070574,0,6.047995178500346,0
2026-01-01 17:39:00,34.7521963841496,187.29686481301897,0.2401729379674501,2.3052805908097183,32.18095201223204,34.5494954355575,15.525803873901122,1,io,2.3469014579234595,-1.196035719273928,0.13153100977114812,0.44125693826652934,2.103600564469473,-0.38521408110533095,2.207477611761703,0,8.812017382571572,0
2026-01-01 17:40:00,32.94873931096738,186.16944311404384,0.1833847831001568,1.898404875593216,28.95495714959429,36.52404156901356,16.113340250446186,1,io,1.8846762356677653,-1.326838616706695,-0.4937394233449965,-0.5356469720093009,1.3678643428867199,0.8459512030474088,2.199300255813546,0,8.654017049476431,0
2026-01-01 17:41:00,35.01708580031431,181.3324223447563,0.0786809446574844,1.4871116808941474,29.456749290775143,36.127735104373976,17.081891596009918,1,io,2.1572519678945596,-1.890284158196289,-1.6132060959671244,-1.481565062152946,1.4790137178556109,0.5950003508623999,2.2592383922744883,0,11.475559745203418,0
2026-01-01 17:42:00,36.024557330853895,173.76831884589794,0.0601818408755108,1.3286074788440738,31.63980833341953,34.38405370427575,17.089915219264483,1,io,2.2062957608391165,-2.667900002528591,-1.741284323753614,-1.7911373816475482,1.860614408959673,-0.5223233247708802,2.131354498803172,0,12.920909701302595,0
2026-01-01 17:43:00,38.09040808418408,175.76667865964168,0.2157366928814294,1.8927613998119257,34.640491720446335,33.885842467194266,18.2958706392715,1,io,2.404514537653424,-2.273780067322635,-0.03557237116902687,-0.45745648427870833,2.329121725164047,-0.8168966738815461,2.2272888043130648,0,10.544630663782453,0
2026-01-01 17:44:00,34.978129251583624,182.573392901008,0.1423739614606419,1.957990753112925,29.84430603542104,36.15643980103901,18.226303801199123,1,io,1.7830820823870754,-1.418949658170045,-0.809157967781443,-0.30949701791367357,1.3251310912456544,0.6239735235011055,2.0901864992080235,0,8.359977840207021,0
2026-01-01 17:45:00,37.47668828932308,184.78129245343223,0.1473690200517167,1.9007851387134365,32.694407449566235,33.00097275760555,19.069651183953727,1,io,2.081079601313955,-1.1442760651838013,-0.7359646506796106,-0.4393764103086932,1.7993041777280439,-1.374206954038994,2.118140273879452,0,9.692348133132551,0
2026-01-01 17:46:00,38.02969621356799,176.4298107080345,0.2557124122775128,1.456286835234235,29.757062582178516,33.14009488631916,17.886336771079243,1,io,2.052683256815767,-2.0232689536703843,0.43709696043499235,-1.454664796745513,1.1943855423362004,-1.2468028430130305,1.8181852782115555,0,10.227087631227443,0
2026-01-01 17:47:00,36.76676814308325,182.32187167643397,0.1674692164890655,2.35234762664016,34.480289580304174,32.467085504223085,18.74488212789957,1,io,1.7794629644118294,-1.3036110442626414,-0.5071891556525011,0.6642141439665724,1.9968629383087535,-1.8528136153289114,1.8711163952725354,0,9.975270257203745,0
2026-01-01 17:48:00,37.60637533499924,165.06635780204758,0.2135937974417487,2.296044615112192,31.931824884669272,35.87252717617913,18.830366840694687,1,io,1.8179207630650474,-2.9450417462157827,-0.01969531391155528,0.5105724836864648,1.46642929313866,0.5666436203136935,1.79882517935767,0,9.125128399688872,0
2026-01-01 17:49:00,37.40744783183016,172.99909505654568,0.0,2.203752671537565,34.03883550903134,35.934742685968075,18.486298755452097,1,io,1.709161889318537,-2.0143347914438685,-2.2989267943910687,0.27062317162409727,1.7717022759282348,0.681446475340603,1.6688286428690213,0,10.415024040915432,0
2026-01-01 17:50:00,38.79748613239278,176.95059193705953,0.162225502656534,2.176325441886019,35.04799270399386,35.387730849005784,20.90069321910496,1,io,1.8212983289927467,-1.5486288009828568,-0.5508081227130007,0.192878087311495,1.8655427538518004,0.283731584236297,1.9545755379494498,0,8.217463216037647,0
2026-01-01 17:51:00,39.62725980677557,175.58209418611654,0.2839705445288399,2.262069548607987,32.69205775110671,35.127101782683845,20.642414817750677,1,io,1.8568254021780548,-1.6153816179143963,0.7392864801313159,0.37678611164911086,1.4020906471808625,0.07627972940030212,1.8236090753328376,0,7.89025906378688,0
2026-01-01 17:52:00,37.15371426792007,170.94414219444957,0.2265023144606815,2.152845306840961,36.64830134183706,35.382877369631856,20.146263178606297,1,io,1.45793965528583,-1.964621384729307,0.13715673606819523,0.11092176196802106,1.9971449427786978,0.29785434145544876,1.6731207839181428,0,7.638759606203642,0
2026-01-01 17:53:00,39.69652765336754,167.7044210787699,0.2221922017114993,2.1327057832112306,36.43832269954341,36.48678422531337,20.954531371172816,1,io,1.7332584328636402,-2.14288034885518,0.10049930940045591,0.0700482728573393,1.8696847091293578,1.1281237331073082,1.7174882390394153,0,8.761983045252698,0
2026-01-01 17:54:00,43.41768964182043,168.4971254830008,0.2087219304969871,1.7542950297303754,33.965274431814336,37.54213644883395,20.708452627759357,1,io,2.1172073721843523,-1.9630328653449165,-0.04338838361462557,-0.8638157994938049,1.4013240012841632,1.8974380595726832,1.612281527159321,0,9.898488008653867,0
2026-01-01 17:55:00,40.83577783808383,170.7236348600541,0.2296427183449724,2.4471316908330305,30.75201314515205,33.30506850321755,21.24189414577066,1,io,1.7042200240575118,-1.6881778175609135,0.2035670176488307,0.827161497701588,0.8385946125434622,-1.2786481991665655,1.6215116837210077,0,8.16188085239988,0
2026-01-01 17:56:00,37.61625142188935,175.279568663584,0.2821513620421327,1.988051287586294,31.869407390366614,35.42419633375748,22.500231465942008,1,io,1.2399690836047539,-1.247012760284874,0.7757567286446553,-0.3027649074009967,0.9925901217261298,0.30586438686630707,1.7229598288409111,0,6.586917817368627,0
2026-01-01 17:57:00,44.59170325135675,167.33178579238034,0.1079243625128671,2.485468373344766,37.24329293774637,34.19353374228976,21.74025656682277,1,io,2.026693527039592,-1.8445365975573247,-1.08689436127828,0.8890960627749079,1.8121241418571712,-0.6463875476248806,1.5535370716786292,0,9.859269309810786,0
2026-01-01 17:58:00,41.7139636236203,164.5328647086073,0.2176787624503681,2.048292148783828,33.41262810636839,35.866142993191765,23.00145646247163,1,io,1.598597177609482,-1.979401436695336,0.1358046617144959,-0.1708214777797501,1.1407301656362396,0.6775468020926565,1.6590420109172932,0,7.361943732445254,0
2026-01-01 17:59:00,42.94329163025407,169.36456852140063,0.2114793073788601,2.0925652962063963,35.50690012905545,36.30380824944473,22.905639234346825,1,io,1.674915130797671,-1.518574392093261,0.0690606778764981,-0.06408611013130762,1.4282651876081691,1.019824640989074,1.5814518373578603,0,7.356177976853841,0
2026-01-01 18:00:00,44.09427902169588,177.5467811843281,0.2285352966110132,1.282401201314574,38.50221066574598,34.632061968912254,23.42632704856021,1,io,1.7413560624309388,-0.8237466637282393,0.27759222020102664,-1.9416002744172898,1.8226430064896322,-0.3576131516437552,1.5879018666588443,0,8.552453245569726,0
2026-01-01 18:01:00,42.70190535594615,164.36123603446146,0.3341110391259818,1.9940248922697172,38.67398509472136,35.23251402905035,23.011111514778168,1,io,1.5162280715096481,-1.8222742196513768,1.4172304951397976,-0.29137583804909345,1.7677444183368627,0.1651656807936998,1.4760750945900345,0,8.456093818070514,0
2026-01-01 18:02:00,41.91772004892282,159.65226033549078,0.1309646704204199,2.479922922179626,38.91168864700795,35.43018326892095,24.58705616411897,1,io,1.382809957066011,-2.0818886555662877,-0.8724382004350963,0.8807504759981051,1.7365002333424804,0.34707201250973346,1.6205644954049532,0,8.922024030322667,0
2026-01-01 18:03:00,42.925303473910176,166.0780824020008,0.1194194843784972,1.7331192705228422,39.63251035241092,33.8965338247265,26.03012175884719,1,io,1.4467233556660206,-1.517967421734761,-0.9722729344308793,-0.9041328425172955,1.775078643853972,-0.9532721907688939,1.734854310292184,0,9.304301699264006,0
2026-01-01 18:04:00,45.32967795367169,167.44416690912735,0.3518026026881111,2.45213037265346,34.70175496091337,32.49648584586165,24.61690514025429,1,io,1.6580968667430729,-1.3688313930060148,1.569225968905628,0.8023497669171704,1.0060644040933133,-2.0421507233105576,1.4964517167190423,0,9.9431708396948,0
2026-01-01 18:05:00,45.220382525068885,163.86473122151077,0.1272743265117145,1.7692218377838105,34.0898084367946,33.63170716016694,25.683288496319733,1,io,1.5821454752853215,-1.578952521225554,-0.8708965975742322,-0.8024653242063379,0.8855605447745726,-1.0774809781341796,1.5740084210641239,0,8.371509862264322,0
2026-01-01 18:06:00,19.531416001413223,203.82868684064175,0.2071012522769892,2.4915833207575164,19.266101042939088,34.18495716420419,2.907584795552041,0,none,-1.3735523069758893,1.446726555973331,0.0023607356850288102,0.8951009476059214,-1.3801997752252566,-0.6215895437889513,-1.3329423321510012,0,7.05247219740538,0
2026-01-01 18:07:00,24.30961386629857,201.71883112798037,0.1367975683065506,1.8531335489105687,17.15243821165689,36.14861775083094,3.087584368269383,0,none,-0.8376731768061814,1.2772396425769188,-0.7538881173241577,-0.5976214215787349,-1.6458559435036157,0.9832019152952937,-1.3089692318239052,0,7.4044494489088075,0
2026-01-01 18:08:00,20.59385119204032,201.3675386506065,0.1477259318749794,2.104656660186439,21.09847635073189,32.41798745818998,2.7660748853366006,0,none,-1.2615561437702456,1.2299863859592075,-0.635156638747964,-0.027336462605734812,-1.0360191303658886,-1.9865881884314847,-1.3509332303476684,0,7.527576180228194,0
2026-01-01 18:09:00,22.004213964209598,207.66181164271455,0.288103227021678,1.5006717356207353,23.88992006223105,32.914425236784474,3.507798339239087,0,none,-1.1187941119540863,1.6481941253802663,0.8739436691366058,-1.4467530824321702,-0.6442539792965345,-1.5320405074089847,-1.258939677404257,0,8.522919153012904,0
2026-01-01 18:10:00,24.28852260729323,207.9406505188401,0.187981817714637,1.1530318174336285,22.881638599823678,38.09841233768624,3.104960873681969,0,none,-0.8651356831600535,1.6348817128459172,-0.2184433017744184,-2.20095077881022,-0.8192312389960964,2.372689079547245,-1.3074923915205414,0,9.418824186654492,0
2026-01-01 18:11:00,20.38925155696193,206.6309852046953,0.2634114444831112,2.0270293287251078,23.16556230738245,36.44533879762752,3.657147213467396,0,none,-1.3182383701330782,1.5051563243883126,0.5834991873609396,-0.08833339217411641,-0.7776443262868308,1.1054545091086387,-1.2373851619746452,0,6.615711271426561,0
2026-01-01 18:12:00,19.33740979849928,204.30702989857215,0.1593205992215052,1.4901334865554583,23.501397259739544,36.93202703816317,3.1567022486256637,0,none,-1.445679619353267,1.3166511508765855,-0.534233410854059,-1.415030671243322,-0.7364668481745066,1.4175287532851193,-1.3024668230004246,0,8.168057276787284,0
2026-01-01 18:13:00,19.626032287379577,200.15854729085632,0.3586607638238117,2.334436310264808,17.32189734726739,37.17863975293477,1.706400665222345,0,none,-1.414765389548563,1.0189111193535005,1.5549085306630377,0.7621139461144811,-1.664644962908937,1.5625401925978089,-1.4768234518862573,0,9.454707593072586,0
2026-01-01 18:14:00,20.37901580603761,201.59830462224397,0.2093354483028287,1.9055118821106527,18.54981839493949,34.92192697899603,2.660215425331838,0,none,-1.314851398452883,1.1384915605801535,-0.04243434074081564,-0.3262436409453007,-1.4481653632185882,-0.08859311232674295,-1.3562334078430773,0,5.715012824107561,0
2026-01-01 18:15:00,23.6840354266622,201.357985950646,0.2515224297490182,2.3830778873096703,19.18219467575097,35.0910099775191,2.69460307850865,0,none,-0.9348510024171935,1.128116611408287,0.4121884399787904,0.8823958223882349,-1.354924489818006,0.048802672104566146,-1.3541337705368324,0,6.115412808651911,0
2026-01-01 18:16:00,22.254551388513708,198.46773077146187,0.148631934319273,2.348669554668802,24.95515378741379,35.287868862625054,2.616366988028606,0,none,-1.0999999618815264,0.936586604954901,-0.6637285728240782,0.777593059411404,-0.5069632413385535,0.18426080963628147,-1.361261124635122,0,5.530393374681866,0
2026-01-01 18:17:00,19.751254198040385,202.6889707430203,0.1643755263973399,2.6017980165010397,15.051737680644772,37.209297900181376,2.0855168341911217,0,none,-1.3888471237960571,1.2317557785434556,-0.4824651166524226,1.4061207652532859,-1.9580935381554334,1.5604593512359173,-1.4211413002882831,0,9.448882973924855,0
2026-01-01 18:18:00,19.04621568616117,197.35179348375829,0.3646795220255943,1.6811663037583842,21.58432755205196,34.9945090606769,3.194795880172855,0,none,-1.4763857035682026,0.838525360561826,1.5950236633616992,-0.9358741314234673,-0.9970963809748656,-0.05260309099483324,-1.2862075079128887,0,7.181715838797783,0
2026-01-01 18:19:00,21.65563648379179,203.928885992209,0.2315140345057665,2.479659135428176,18.03012172016244,31.503282404541668,2.237005520886245,0,none,-1.1773000296823886,1.3028169957471885,0.2288295251430617,1.1565005141019404,-1.4922228162745619,-2.4339880729156675,-1.4010225533092469,0,9.192680507174055,0
2026-01-01 18:20:00,23.755008435524275,200.7134813751651,0.1910598516396996,1.8424335291683236,20.90367734491574,36.99269327088127,3.0702969610326853,0,none,-0.9501061444631557,1.108010646679232,-0.21314496868400556,-0.5372482321853046,-1.0713395156246934,1.328680779778478,-1.2997392252099353,0,6.508269512624805,0
2026-01-01 18:21:00,19.034968679321057,200.88236499891545,0.298287889386287,2.245227482649681,20.29307467626061,35.2062865590439,3.8882110432882353,0,none,-1.5096550372691064,1.1251546564612507,0.9205046095736222,0.529147049245142,-1.1661096754430311,0.12701191090289352,-1.1944812312148558,0,6.572064170109901,0
2026-01-01 18:22:00,23.34546440464065,199.5201773932928,0.1880714609565855,2.177346622152907,17.628955338757223,35.02433097066498,3.0000802056553675,0,none,-1.0053201029415193,1.0449375501865552,-0.23140125313200943,0.33965675160864206,-1.5788962042836814,-0.018857078024920374,-1.3070832169705724,0,5.526152157147901,0
2026-01-01 18:23:00,20.84426367487084,194.31143110262292,0.270915227074614,1.2212061095084028,20.29748011727662,35.3941869118409,3.7693857558570993,0,none,-1.2933798264185632,0.661786094320129,0.6458824820938643,-2.122280747243753,-1.2137136936977753,0.2549547266929017,-1.2169046419329677,0,7.408902212399955,0
2026-01-01 18:24:00,20.248783631303805,199.1477217959336,0.1531181768162831,2.323371856440578,21.33780505435617,34.25862129008532,3.2728161030584686,0,none,-1.3314537696594686,1.000372430569738,-0.5937732039736332,0.7067312165609246,-1.026728159767366,-0.5449051411970738,-1.2487380395554888,0,6.452701961283693,0
2026-01-01 18:25:00,19.74117178758272,193.33486021165947,0.2132718675843442,2.255336340374094,17.149852468456466,35.81795728885586,2.7141795349766737,0,none,-1.3465775185702562,0.5761041728167107,0.11303076916868211,0.5444785828183095,-1.594984314944165,0.5478472112863372,-1.2866976284913818,0,6.009720198095842,0
2026-01-01 18:26:00,18.91175281041042,203.1211997706072,0.2412695568726426,1.8525304383920664,18.854289614163108,35.126858696551245,1.846265525455216,0,none,-1.4101874393517555,1.2622705544726276,0.42210736392015386,-0.47769924279920206,-1.3139348689619843,0.040945776881215645,-1.356792267902854,0,6.283937514289794,0
2026-01-01 18:27:00,19.33093007484221,200.21597738460417,0.1632687826818092,2.789475052166184,15.451599723832883,36.17419756247178,3.966061624598239,0,none,-1.326044669914574,1.0297179102374525,-0.4698832120668259,1.865058260535661,-1.7493890481722882,0.7625516997396549,-1.0710944220814185,0,8.273739222747874,0
2026-01-01 18:28:00,22.69762381805892,202.8167084447077,0.1504431712665592,1.822898772627112,21.416271415403585,34.26906754141596,4.410767482211157,0,none,-0.9285299737073004,1.1871536847956765,-0.603315120847195,-0.5621754465196684,-0.8791830618175398,-0.5720508468092012,-0.9945579369657789,0,5.7269660714623605,0
2026-01-01 18:29:00,17.491048869469815,205.00905819538195,0.3425713942875087,2.210932777195934,22.75544148421797,36.1752863923595,2.882790791541412,0,none,-1.4723702526363578,1.2949303904891414,1.5600525245232262,0.4066532022582342,-0.6858917674905437,0.7619306742731992,-1.1464416040764607,0,7.3282704157471645,0
2026-01-01 18:30:00,19.409880023782133,209.37852310659804,0.3091298193639619,1.5953686274516323,17.191731514441425,34.96374988897696,4.188538130650128,0,none,-1.2334937283531895,1.5362269904986947,1.2887808077554572,-1.1117731701441629,-1.4204787579936131,-0.10729496893274065,-0.9675173697534202,0,7.665565793431278,0
2026-01-01 18:31:00,20.18559346243663,193.8237254187028,0.0908435246697005,1.9140987994262717,20.988785704267677,35.11116461430535,3.2713333878861777,0,none,-1.1196399778599828,0.4659940251795204,-1.3541494000650383,-0.29785306389419897,-0.8728465985404165,-0.009470532627350887,-1.043754371612861,0,5.163707969779368,0
2026-01-01 18:32:00,18.01990249288448,200.64599680790127,0.3743242709910437,2.036371839522928,17.14302714428105,33.51885675771807,3.227620312013129,0,none,-1.3094342635838683,0.9079730563293771,2.0238640692055254,0.03653911938148342,-1.361193891735145,-1.1132520767194003,-1.0202224164542477,0,7.772478893409046,0
2026-01-01 18:33:00,19.32390860426569,200.04374384836527,0.2014496098325855,1.6909106773795557,21.78003995022457,33.141824374051566,3.775410956398897,0,none,-1.136138508591812,0.8479033219121624,-0.09299173840594656,-0.8333045757338599,-0.7102743620570997,-1.3699525897165556,-0.9318307528667057,0,5.9223958492841415,0
2026-01-01 18:34:00,17.492669545189994,202.69689939637183,0.1840948488421487,1.858249795431535,21.7570962218948,35.19605243591519,3.13318474298367,0,none,-1.2846405129144995,0.9928205015205607,-0.3373324045243757,-0.37900697128360644,-0.6924287219264068,0.10102819806990512,-0.9777190483194621,0,4.764976358558816,0
2026-01-01 18:35:00,21.51772813365253,206.9940347286301,0.1076728444324717,1.5885158101083423,19.93148756861468,33.16249620812435,3.398232324570286,0,none,-0.84638718747579,1.23919779972892,-1.2763857249474617,-1.09720473441717,-0.9151229847346559,-1.3310308502508674,-0.9208285985484314,0,7.626157880103296,0
2026-01-01 18:36:00,21.558791458815342,199.2458149748691,0.2565744914668856,1.133947249046119,21.433038676922877,38.13651619844825,2.290323768204017,0,none,-0.8230729235462194,0.718388408329554,0.6318142510722783,-2.1757641537793324,-0.709698359165076,2.0981410217664704,-1.014929044089773,0,8.171808161748704,0
2026-01-01 18:37:00,17.575759943928155,208.11877310400016,0.2902126812140699,2.1892077553293414,22.22753917515432,34.58508182092647,3.1667375761364123,0,none,-1.189901967039399,1.2569659025951616,1.0404838124504734,0.5090241920633709,-0.581698973658319,-0.3195632530768501,-0.8908050421164392,0,5.788443143000013,0
2026-01-01 18:38:00,23.07132492716761,204.8438192674896,0.2013870295797574,2.225128173564168,17.84734330780421,35.11757040654065,3.372305866129228,0,none,-0.6130824837688434,1.0187759239206076,-0.08753080913680931,0.6045874954813684,-1.1299756914809227,0.04544561151758051,-0.8438889057695005,0,4.343286921075633,0
2026-01-01 18:39:00,18.31001787834335,190.13870623273624,0.2582533135330204,2.7317159760926817,15.966843256400974,35.11064384569425,2.1915133818484165,0,none,-1.0593739976241054,0.07193582121116208,0.6301865501810607,1.8652027871491121,-1.330819460648777,0.03430282565409643,-0.9447797011196525,0,5.936601143587967,0
2026-01-01 18:40:00,16.5377152004914,191.8752188384377,0.0799402293585154,1.975684329962376,20.750409719994472,36.90610236900937,3.158471535725011,0,none,-1.1965793828403906,0.17729409779161656,-1.5764223561865047,-0.06898252798271515,-0.6800973944807568,1.2576443973518652,-0.8122753382635842,0,5.769295494897433,0
2026-01-01 18:41:00,16.798504954782917,197.6100172087362,0.2222647988268161,1.7282669736857212,16.708779401385062,36.087943102864585,3.3500143982345114,0,none,-1.1318498621686497,0.5278447757600305,0.16535691884174503,-0.7191536543570652,-1.171769770561241,0.698809227425352,-0.7656162218619071,0,5.180400430975991,0
2026-01-01 18:42:00,21.192552612026947,200.7033681515339,0.1677339547315298,1.9814282783304844,19.27539129127152,35.520999810513324,2.35876670692787,0,none,-0.675197801685351,0.7006718831156714,-0.5661409395349868,-0.09593638732140844,-0.8103700808824841,0.2983328992245782,-0.8462668655135841,0,3.992916857278064,0
2026-01-01 18:43:00,15.653782271585492,203.25942978779483,0.1815003674634168,1.7565944683899637,19.412392674906,37.66518275635491,2.957975971728905,0,none,-1.1804835915550793,0.8367867806289611,-0.37824140519461447,-0.6844420422130042,-0.7650555755106114,1.690534462398235,-0.7541527962583675,0,6.289696653758873,0
2026-01-01 18:44:00,42.548638823483785,168.8264801806801,1.1516582792384806,5.607996793629139,31.64247240589682,34.53481903572142,4.399948728378046,1,congestion,1.4314842877286955,-1.3514445213310302,6.454160372930513,5.904242917468352,0.831610377771248,-0.3950067913031902,-0.573040443596004,2,16.94098971212903,1
2026-01-01 18:45:00,44.46441732886132,167.16475700214465,1.2366824881624876,5.524228051009651,28.907516466683997,34.44792369891676,3.077149432977442,1,congestion,1.5830127863730072,-1.4148537410351025,5.129839023229747,4.546877969818258,0.48538094653626374,-0.477308485592073,-0.6933078725177507,2,14.330580825102201,1
2026-01-01 18:46:00,47.19185995240372,163.4965050936057,1.2320130053755174,5.580566742616149,25.676830604935084,37.356511650391205,4.776170894396654,1,congestion,1.7923166525523089,-1.604058232372266,4.192466529195712,3.9144396778536894,0.0697094638038766,1.4615593287002948,-0.4833660566551818,2,13.51791594113333,1
2026-01-01 18:47:00,45.84390768862433,148.9487698179983,1.3843427323545603,6.16860471099587,25.651427984578618,33.34507371625235,3.191511710726045,1,congestion,1.623269176856638,-2.3492079389392138,4.0425984818419805,3.8895081391075035,0.08690392533886425,-1.3083414471478012,-0.6354439815178848,2,13.935273090749886,1
2026-01-01 18:48:00,50.05719348325546,156.97591856649206,1.3810745608476802,5.518389459290492,29.32966876901574,36.51995739965742,3.43212706573907,1,congestion,1.938920429548564,-1.8462753013671283,3.5145048844965703,2.9403745246345734,0.5868981431488772,0.8829732043050805,-0.5842446240011422,1,12.294191111501938,0
2026-01-01 18:49:00,48.21062361058461,151.45888802856118,1.533312566072863,5.8155118699948645,30.72182874616342,36.14773286411971,2.666947474249914,1,congestion,1.721523532733177,-2.078684269373558,3.5134534686962535,2.917749898403333,0.787173553651954,0.6226558910315989,-0.6457507523480933,1,12.286991366237967,0
2026-01-01 18:50:00,52.08171191931238,148.71347655697014,1.4747128158627048,6.316137728667627,31.676904349521955,38.12715260944788,2.784704789607453,1,congestion,1.9850588864860628,-2.126331667395833,3.016885688438932,3.0168107038652763,0.9322760421097175,1.894712862330003,-0.6068305486805252,2,13.57890639930635,1
2026-01-01 18:51:00,49.602186129315896,148.81570574657036,1.6398946072356806,6.343863440447407,29.98170496767171,36.24953957039317,1.7192723566106476,1,congestion,1.7262246816460198,-2.028871895436142,3.1046149683427817,2.779938779714391,0.7110450328591198,0.626081319699609,-0.7037617766882474,1,11.68053845438631,0
2026-01-01 18:52:00,53.384985732921066,140.84261268121926,1.4927695822733067,7.0588507470526745,31.05604141828224,35.80991276083538,3.2753776249512856,1,congestion,1.9601639069853094,-2.3200771819935153,2.5413086247263186,2.983229172056632,0.8858016436413565,0.3283772233211932,-0.49612531132251075,0,11.515083064046834,0
2026-01-01 18:53:00,53.427850901785575,145.68886169698246,1.7062457039993952,7.1164056654803245,32.05736590421974,33.947042164710986,3.899948921729655,1,congestion,1.895646049935129,-2.0024901294897335,2.776189041508862,2.766016081509155,1.0503581240756896,-0.8811776663055839,-0.39607176520113674,0,11.76794885802529,0
2026-01-01 18:54:00,55.66511966755449,139.65518406984492,1.6845225837976978,7.407005281839995,35.64133564222593,34.00615463969235,2.6365155413384755,1,congestion,2.005204480949095,-2.1923003206077136,2.5289932070341017,2.7077771382115126,1.544680324134703,-0.8142638843145417,-0.5248266038709875,0,12.318045959122657,0
2026-01-01 18:55:00,60.937765687446245,132.19612940126163,1.710918359183436,7.4561208295830355,36.90105940622473,35.80295254936606,2.2714951883341854,1,congestion,2.2905482441023715,-2.396528680164945,2.4066127794762138,2.5352450472888384,1.676279961408988,0.372977525937835,-0.5449216394072877,0,12.223113877786478,0
2026-01-01 18:56:00,57.83222805729864,135.00593468446797,1.6167603963780814,7.4212282322427665,33.16825612698643,34.72665523847933,3.020782984459013,1,congestion,1.9715081461134798,-2.1529268631590557,2.0992952017052056,2.350390930012872,1.153938644829751,-0.3534524371802658,-0.4223084631995483,0,10.503820686200179,0
2026-01-01 18:57:00,59.19208297762152,129.5812805256304,1.717224280838353,7.947705207402855,34.139661118384225,38.87507255980086,3.154217603110306,1,congestion,1.9978436405600444,-2.264332466385227,2.1543926504426185,2.4442874322703987,1.309151955376849,2.3178287011193577,-0.3771293405909945,0,12.864966186745491,0
2026-01-01 18:58:00,60.61886193420894,129.71781779217582,2.0343724025958165,7.689941435183236,30.561295278432,38.13730497683228,3.151012549097445,1,congestion,2.0122729621112074,-2.155761100245092,2.5241672236975616,2.178762358227355,0.8232639052107211,1.7643555086281921,-0.34876760932252554,0,11.807350667442654,0
2026-01-01 18:59:00,62.27834276325454,135.95517164657522,1.9479358951498589,7.207801351048229,34.012036238748465,34.87908051779393,3.7407468314436696,1,congestion,2.0379010759202334,-1.8342468970552608,2.2324431976018833,1.8538397035584588,1.3170564739602317,-0.29172766342326745,-0.2300184935907214,0,9.797233505110057,0
2026-01-01 19:00:00,58.52659385797432,128.20232628400788,2.1416906214472324,8.443575870012534,41.79395718111648,33.9768641859153,1.6265146037030918,1,congestion,1.7395539847184327,-2.028426438726919,2.377450381401322,2.2804718931884915,2.3654518899070913,-0.8555076594291889,-0.5337541950528257,0,12.180616442424274,0
2026-01-01 19:01:00,65.61004929468366,130.11807293990285,2.22073685980248,8.950865686172055,33.8642937360671,36.45890742269569,3.6709880305586577,1,congestion,2.096213271814187,-1.882587208414822,2.336593443796865,2.343655627435675,1.3019411559226317,0.702273649757047,-0.15797153170568876,0,10.821235888846918,0
2026-01-01 19:02:00,62.72383343181144,124.14894470223678,2.158852774992217,8.877000208761082,41.82794295972513,34.68116912569832,2.342774823713108,1,congestion,1.845155058538896,-2.0158065074792213,2.1189295260452163,2.1754944143203847,2.382247366480737,-0.41164877227678087,-0.37146967497233874,0,11.320751320113574,0
2026-01-01 19:03:00,62.68222843538524,109.70729488370728,2.2113856359356454,8.713398587886553,38.29867147088755,35.23308199444971,3.6758826045434825,1,congestion,1.7787764153398025,-2.3746857525971654,2.0741929199991844,1.9983714392041743,1.9067984164465877,-0.07828875777033117,-0.03415919473034367,0,10.245272896087588,0
2026-01-01 19:04:00,68.13193646249658,125.74316909893248,2.2867738531813,9.54605909345082,34.442608176699785,37.4434088248441,3.4165042465481466,1,congestion,2.0139049099050754,-1.7648665831798689,2.058523795335545,2.1902191945235097,1.3693044728807846,1.291576932240631,-0.014851753868840195,0,10.703247641934254,0
2026-01-01 19:05:00,66.73595697574501,114.91564882252788,2.403840991271992,9.320479517344278,37.49948613338859,35.00956068398777,2.2152168336292366,1,congestion,1.8633786497411184,-2.0227729392335894,2.092494272039729,1.9948227245896115,1.7671310164582998,-0.2946273965873194,-1.2563571231215531,0,11.291584121771221,0
2026-01-01 19:06:00,70.90868804883856,110.5261080931725,2.388524233002149,9.10339596576676,34.382018383988985,34.17530973760595,3.609378473885396,1,congestion,1.9872101514181975,-2.046175292373728,1.9664722599682742,1.823728452708085,1.2888996332393166,-0.8379535879518356,0.7723660179830631,0,10.722805395642501,0
2026-01-01 19:07:00,73.89504855126984,94.45743196488752,2.52172424407123,9.583602955366947,42.54587165344992,36.22342940533022,4.041585779027104,1,congestion,2.0325759954194726,-2.37268786304946,2.020949865970391,1.8987349458887868,2.2649526770894806,0.49525048709660063,1.3593406686826401,0,12.44449250319683,0
2026-01-01 19:08:00,73.00895810308803,109.30764100941975,2.466985034070522,9.796192670624722,39.91751166941462,36.065889537705246,3.17834078719446,1,congestion,1.8892484469176776,-1.8451759356916322,1.861716479173576,1.8772699503146448,1.8268032117776019,0.3652598824218098,0.10680062965921608,0,9.772274535956159,0
2026-01-01 19:09:00,72.23887883736359,95.80087809074072,2.785978521259761,9.181063110277885,41.21240583104157,35.44080894377537,2.696802978982627,1,congestion,1.7658508117147096,-2.109879845201364,2.112903410224868,1.6001033761805294,1.8954869316876939,-0.08652269755062456,-0.5683638829518503,0,10.139110955511638,0
2026-01-01 19:10:00,75.69622262062458,109.16759364346773,2.714741729350409,10.476343070789364,41.07251106873801,36.592756397383866,3.733507431282011,1,congestion,1.8445734019527225,-1.6673112157828112,1.9308943130797525,1.938235765168353,1.791023122020903,0.7448497907127262,0.9056323768549478,0,10.822519985572216,0
2026-01-01 19:11:00,80.80533285733408,96.841521734051,2.6259707747793875,10.343005509959642,47.055761178584255,35.72027514186622,3.31236061020895,1,congestion,1.9840639309284918,-1.9073436740815437,1.7502159527719006,1.8070704487374418,2.3504960298233124,0.1361578000039798,0.31206328404093525,0,10.247411120387605,0
2026-01-01 19:12:00,78.15380627421959,99.4718479182126,2.816146909551082,10.017323318391178,43.02543126010168,35.66475454402557,3.3717545595531564,1,congestion,1.7760760207068929,-1.7563702422424228,1.8645817268900147,1.6334835154877914,1.7975701300454767,0.11267788186537832,0.3918844338661457,0,9.332643951104123,0
2026-01-01 19:13:00,82.79726233018053,94.5468464864488,2.8973711947786,11.063955828040744,46.13039691383592,35.314381304775274,2.018432555243778,1,congestion,1.8938544136090996,-1.798788318997221,1.8572247597779394,1.8702927333492483,2.0370977762672107,-0.11754311405146826,-1.582247330067779,0,11.157048446119965,0
2026-01-01 19:14:00,83.45795860531754,90.99282055958632,2.927895622620331,10.65607521685216,50.3613076373094,36.32140251939165,2.7200056446686043,1,congestion,1.8341294502557122,-1.8036879762434923,1.8028717866237802,1.6712332618316912,2.342812771872775,0.5950515828763896,-0.5619157808592397,0,10.61170261056308,0
2026-01-01 19:15:00,18.32948953591843,198.0804588712611,0.0886308917350214,2.503228388007531,25.968027043906133,35.64605017648163,2.966465760411972,0,none,-1.0134335513186707,0.8754753168084406,-1.0655148093353035,-0.8035787557636402,-0.22991820330974974,0.09932442707444672,-0.20964801487074775,0,4.296893078480999,0
2026-01-01 19:16:00,22.49065208620961,207.32484277864668,0.1975305992678894,1.4963768309474434,19.19930782851005,36.61099404540652,3.904555376266007,0,none,-0.83196084001478,1.0990434035251482,-0.9571914257416339,-1.1002204878987545,-0.9288717791451808,0.7787022886897931,1.1235109155483722,0,6.819501140563663,0
2026-01-01 19:17:00,18.097446386837845,194.10133871080205,0.2710951355987495,2.410730165016477,18.06345067689732,35.03423646174216,2.9974557733638973,0,none,-1.021452993474168,0.7753707936059572,-0.8861855297237995,-0.8222205574224901,-1.0602622032732667,-0.3360315591923442,-0.2208914071379604,0,5.122415043829986,0
2026-01-01 19:18:00,21.86006608267733,196.659413447198,0.3466215630065749,2.61777676955358,20.70151976209057,36.53575815604687,3.319609719711288,0,none,-0.8609657756201824,0.8398561903652549,-0.8092443953794777,-0.7677298099773325,-0.7790732273240089,0.7381272484095229,0.25336992188686513,0,5.048366568962644,0
2026-01-01 19:19:00,21.881061381320688,205.2813918484989,0.2703132377097778,1.56117347461237,26.44324696810133,35.82030570244578,3.1510212187166897,0,none,-0.8603364641511013,1.0543880760764064,-0.8876422611645123,-1.0788156098155044,-0.18971099678599634,0.17932988738635514,-0.019244108966173016,0,4.269467404346049,0
2026-01-01 19:20:00,20.416049187860164,193.35463303751115,0.3681463351801838,2.1048406197458918,12.714067268548874,34.675660735668835,2.9058446334045733,0,none,-0.920027855697732,0.7612425437978715,-0.7937084938112277,-0.9171135760913903,-1.6093652319959544,-0.6955102853907059,-0.3837391600018499,0,6.080707146786732,0
2026-01-01 19:21:00,17.661036062187144,195.3190211315201,0.1520092071717055,1.8981708546071676,20.397848886903613,36.781012272143286,3.2010323959173053,0,none,-1.0381753773443252,0.8145171090954908,-1.0082621065811515,-0.9762563510510631,-0.8052886598582674,0.9444479940502131,0.07811789553526177,0,5.6650654935157725,0
2026-01-01 19:22:00,20.08741200983368,194.0716516594143,0.2359688533317215,2.0506587406666443,15.610690729549091,35.07905101329171,3.736451774732841,0,none,-0.9281254620606424,0.7870180900244294,-0.92476288435646,-0.9290322312033954,-1.2974283310227388,-0.39483833977679106,0.8675926831572568,0,6.128798021601714,0
2026-01-01 19:23:00,20.173470599401654,193.53375784531136,0.270409211304352,1.9225963227400116,23.358395535022574,37.40819746408448,2.467386411882424,0,none,-0.9234803767879054,0.7740046116358278,-0.8898413821864375,-0.974968235150906,-0.49676833542115,1.387635493609387,-1.0142580219879516,0,6.460956456779566,0
2026-01-01 19:24:00,21.79460300359682,201.82054338911965,0.3876697666871862,2.6916786505849526,23.790626451767352,36.22470388522144,2.803475147237471,0,none,-0.8549791461131627,0.9804893381616566,-0.7777579417249828,-0.7449934506807179,-0.45698192976933977,0.45020291328613626,-0.49492776100637487,0,4.760332480742371,0
2026-01-01 19:25:00,20.732738180401554,201.87933498585247,0.1596632023945114,2.697380552792022,20.789802574263675,34.7153064353083,4.012365674998625,0,none,-0.9025240608979666,0.9752904685305099,-1.0078577008254321,-0.7468774438151566,-0.7830105169164917,-0.7093740202179195,1.277778429307689,0,6.402712640511165,0
2026-01-01 19:26:00,21.90405701385301,197.63097163113744,0.1550095900513022,2.055759357360547,27.998570269264107,32.6667418421263,3.786658889361784,0,none,-0.8554176983608934,0.872976101468935,-1.0096747579143757,-0.94387462566233,-0.03852391594340635,-2.17641745713791,0.9176129818286111,0,6.814497538316462,0
2026-01-01 19:27:00,20.27441680968119,196.9184246991697,0.2374342439026625,2.4534235578132955,22.761129707744534,33.84984752291748,4.12985626216535,0,none,-0.927837480338163,0.8575328450210705,-0.928427693859522,-0.8200918912717376,-0.6171327249618918,-1.2509536936477808,1.430073721044179,0,6.832050050144345,0
2026-01-01 19:28:00,17.712423410718074,190.28472399605744,0.2435755376186749,1.966033504658801,22.55016090014748,33.63635786541177,2.555902905398081,0,none,-1.0325584049126337,0.6990658033075897,-0.9252058894866864,-0.9696088087977595,-0.642864406515073,-1.3875772743739119,-0.9367918768959435,0,6.5936724642895985,0
2026-01-01 19:29:00,20.867862197284342,189.55690137238997,0.187111632408385,2.0706067854666848,23.2095016728005,36.01271039300566,2.831030137343838,0,none,-0.8998554862243696,0.6912136363244943,-0.9776662764791917,-0.9364816835861309,-0.5727403289196572,0.34805799175807817,-0.5071707754878325,0,4.933186178779755,0
2026-01-01 19:30:00,23.74400719811845,193.23715284032488,0.1556012383677814,1.7536743026070123,21.13381760538921,36.40755140940398,3.123412070017753,0,none,-0.7797078676616055,0.7971484173832983,-1.004591152312362,-1.0344758419714872,-0.8101316712076406,0.6176260401010167,-0.025644817109737327,0,5.0693258077471475,0
2026-01-01 19:31:00,19.267682269869383,198.41883338767596,0.2035897298040454,1.5963342302717665,24.266930718482485,36.15583580527478,2.496603834955713,0,none,-0.9742407015492212,0.9262427668275458,-0.9597818271033849,-1.078890266423461,-0.47682950705081734,0.4212526544484014,-0.9936142629806314,0,5.830851986383463,0
2026-01-01 19:32:00,18.94995217580682,203.47357158990292,0.2357540308998426,2.336352547679186,21.404489583193225,36.70848818972721,3.0195833916768025,0,none,-0.9894979908516827,1.0529120029201895,-0.9229216705352605,-0.8569302961119304,-0.8040300528562817,0.7962932811066741,-0.163350142921293,0,5.585935437303312,0
2026-01-01 19:33:00,17.169678429665304,202.60673584986387,0.0544112935120941,2.436838721279047,22.767048703656872,35.89128118203203,3.00006572281666,0,none,-1.0640846274906899,1.028557976338056,-1.1012107328545673,-0.8331809687393084,-0.6565383855653754,0.1635438999026865,-0.17531146082747764,0,5.02242805171816,0
2026-01-01 19:34:00,24.73695051115377,187.05169195488065,0.1659781399473311,2.5117636483220767,18.812077110233588,36.8633907659651,3.529818039261675,0,none,-0.7423893116125169,0.6422265200552757,-0.9879234522138948,-0.8161612964387251,-1.0820428108114162,0.8773712597563157,0.6547120948514952,0,5.80282674573964,0
2026-01-01 19:35:00,18.94565887642542,196.91438035462076,0.3795455556732876,2.1147815698795096,23.277695062691752,36.292849166917264,3.0115610157885278,0,none,-0.9929112719304436,0.9035120095623737,-0.7801782098116159,-0.9429803553605862,-0.6007976635326656,0.41902679158081035,-0.1569396172447935,0,4.796345919023289,0
2026-01-01 19:36:00,36.13547153665689,193.68072878371132,0.2858698293121702,3.1968918331458718,57.55985864858663,34.33148957907414,2.68031411398303,1,cpu,-0.25197176917383124,0.824397172797008,-0.8760535206675364,-0.627716449568316,2.8971206837133496,-1.085323602095247,-0.70057642369876,0,7.263159621714048,0
2026-01-01 19:37:00,35.720931224268455,184.6054420563877,0.1505221743383922,3.2392469815204343,62.75980250101374,35.836275431750714,3.204071449785883,1,cpu,-0.286215808527828,0.6058645400528286,-1.0087180825201432,-0.6226965272093232,3.087061942481786,0.09829792267188223,0.13885999458513218,1,5.8477148180489245,0
2026-01-01 19:38:00,36.53100371000379,191.21850192110944,0.3091394198036542,3.233101811036097,62.291327563157296,34.9485404813594,3.525770724123709,1,cpu,-0.26163135714499697,0.788660031450045,-0.8514112683643582,-0.6324853981617773,2.7971769502921457,-0.6111096477906668,0.6494808437790341,0,6.591955496983023,0
2026-01-01 19:39:00,38.32192410441272,177.97316695545732,0.0959155111299674,3.3461143668168987,67.51787971441112,36.04573112254728,2.514097391826282,1,cpu,-0.1983459075946008,0.4482986281190048,-1.0619379281633539,-0.6017113778359204,2.9756626315918164,0.2561925061115132,-0.9894908579231144,0,6.531639837339323,0
2026-01-01 19:40:00,43.27019416704313,181.51570648334183,0.1757975779909871,4.172988639003699,67.94271159812797,35.74643653722303,4.2015082930418135,1,cpu,0.005168513329344119,0.547709518036242,-0.9844527200249424,-0.35693614930525047,2.7641952004733947,0.03171563442372341,1.6717118008344192,0,6.3618895364273165,0
2026-01-01 19:41:00,44.3452757940243,179.23552641912246,0.2214071222563911,4.066073509907929,68.17983748651926,33.84791524954043,3.5214580275367755,1,cpu,0.03376752320333246,0.4986578906667071,-0.9382314330584046,-0.40695289754152825,2.5877430908143273,-1.4481779372590804,0.5920990830414282,0,6.505629855584808,0
2026-01-01 19:42:00,43.35522212414789,184.9435462369181,0.1398332954093518,4.069125626163866,76.36318882958386,35.3432497117504,3.846452270604957,1,cpu,-0.029479619839489803,0.6611626118183498,-1.019886693156771,-0.42063117672309613,2.9130011623002887,-0.25716055669648824,1.068859014258344,0,6.370180834792828,0
2026-01-01 19:43:00,42.86463727209372,184.41545257500945,0.2664639843369289,3.657819460550612,79.26388588985381,33.652787881861606,3.390289106702086,1,cpu,-0.07476040394403567,0.6605534561585341,-0.8943511684235689,-0.5682850398790219,2.8491898628027976,-1.5487641364508344,0.3361549506870011,0,6.932059018345794,0
2026-01-01 19:44:00,48.02036522863332,173.00104446612372,0.1855921306338463,4.675316449138915,71.09507854750674,34.090685062199455,3.248569988222678,1,cpu,0.1656766770367278,0.35132586362913804,-0.9524734731994934,-0.2327687958072814,2.1838783330783236,-1.1873595276521929,0.14719529845749804,0,5.220677968860655,0
2026-01-01 19:45:00,47.87463898596015,179.6839721807457,0.2634672648586352,4.235388539062597,78.58526728226032,35.18744850791608,3.421942239676924,1,cpu,0.15602781666052598,0.5243719126180488,-0.8525286012049292,-0.3681499784062668,2.461327048895972,-0.33211388563732464,0.4205926114391352,0,5.115111854862203,0
2026-01-01 19:46:00,48.10826956680912,180.25526037223605,0.1366955220668898,4.386569218343576,80.03146958406928,34.17951120133771,3.0973606887897955,1,cpu,0.16637375316228747,0.5309507438759467,-0.9535415589185202,-0.31243939151595757,2.3771142593510795,-1.0988423182376508,-0.06768507222645516,0,5.506947097287897,0
2026-01-01 19:47:00,50.29661633323884,175.3134388900038,0.1747899378300787,4.213002178752559,82.90890953435905,36.31359119323701,3.337990366072032,1,cpu,0.26654926724630823,0.38667916743049774,-0.8902467492015284,-0.3579234364770486,2.3705559866805097,0.5843526231228077,0.3462382072707935,0,5.202545437429494,0
2026-01-01 19:48:00,49.142780682676175,171.5976065445723,0.3906696418259082,4.536612775526569,85.56803525864214,38.060102471600665,3.4660454599580377,1,cpu,0.21258276106654717,0.2805452366280834,-0.6592214950107708,-0.2477342848582981,2.347575059594172,1.9401848395950971,0.567449834419606,0,6.2552935111725745,0
2026-01-01 19:49:00,53.515526557544334,164.9033279383048,0.1455451226687033,4.629968832953553,83.86033102355566,35.534174020084805,2.526982057921413,1,cpu,0.41530444578607645,0.09554362557316547,-0.8732121817415174,-0.21110025044557362,2.130693849326522,-0.06610896847250959,-1.0551922663935875,0,4.847155587738952,0
2026-01-01 19:50:00,52.89326596794504,169.61761566512791,0.1119321207804485,4.582357202738734,92.24114938589192,34.62484633320074,3.303855573654736,1,cpu,0.38508979508189795,0.2125045750772259,-0.8793442776820694,-0.21727666852458377,2.3716162884283962,-0.7690082741000428,0.27446133598983263,0,5.109301214884049,0
2026-01-01 19:51:00,54.35725228779927,166.88499025716126,0.2448771268159157,4.673730772689016,94.84220114208948,35.36940925739816,4.034821828035929,1,cpu,0.4500973692610786,0.13138478919903954,-0.7263599687336378,-0.17882854072257448,2.330972257870879,-0.14409433218061754,1.5281168314999296,0,5.489854089467757,0
2026-01-01 19:52:00,53.90103371534971,176.11077201326256,0.1769691627785861,5.821993222443803,92.04964496873268,38.12091915441143,3.994320846131791,1,cpu,0.42803491362599755,0.3634775785461666,-0.7686676915651255,0.20040972798499274,2.083664192275146,2.0217925757523654,1.4093983537581343,0,7.275445033507928,0
2026-01-01 19:53:00,57.79625349610141,164.428917291828,0.2843193677788129,5.6012667583842655,91.44069359834648,38.0743793727487,3.5837622419189272,1,cpu,0.6077484291082337,0.04157859380776573,-0.6422526036384598,0.13734266991124627,1.9518448096942127,1.897064814894799,0.7001638546133818,0,5.9779957756680995,0
2026-01-01 19:54:00,59.82615049295257,164.14426138286376,0.2772205484425299,5.006539972028696,95.88982600299636,32.91007166341206,3.527605780326131,1,cpu,0.6989102885282441,0.023025597979958522,-0.6270397051888197,-0.043634029860795974,2.0221327393260373,-2.0805966050525058,0.5768361803760654,0,6.072175146312427,0
2026-01-01 19:55:00,57.433167388618585,152.76094596738076,0.2476573065058466,6.08312056387498,100.0,34.25907240862912,3.0166306243700967,1,cpu,0.5900140433742638,-0.29494161087941506,-0.6330714917413465,0.3176079993894296,2.0664436984530803,-1.0209926272202599,-0.36985567476588366,0,5.292927145823679,0
2026-01-01 19:56:00,22.217363301139127,200.3508112885509,0.228696863626797,2.463430567588542,26.6321227489712,36.26566424954577,4.335069898609177,0,none,-1.0380131008167406,0.9637315856905798,-0.6295093143083254,-0.8440925073604458,-0.7619196685166751,0.4801268854206912,1.9449517085910386,0,6.662344770704497,0
2026-01-01 19:57:00,22.496103067845883,191.52426475940865,0.2507569071155064,2.701949235127473,20.78010843683984,36.75376587798765,3.418032671994513,0,none,-0.99191546541897,0.6995727232762885,-0.5859340284778555,-0.7394471877247812,-0.9726838916039754,0.9201801531556405,0.3080765787634377,0,5.217810028420949,0
2026-01-01 19:58:00,24.24072301951144,204.47016261622096,0.138113910968542,2.368741089241829,24.73226144081833,34.44741506564425,3.555311076338778,0,none,-0.8809133647348807,1.0165218217908996,-0.6701535185106928,-0.8210082535945725,-0.815458711285241,-0.892366612265108,0.5385800067779285,0,5.635002288959322,0
2026-01-01 19:59:00,23.933106593916527,194.11578024893973,0.2443785464918241,2.72638772865296,25.78473510752438,34.461232389020324,3.5569850227584814,0,none,-0.8658193240538088,0.710578661668559,-0.542179640805951,-0.6792470427347389,-0.767519881922511,-0.8717608165036798,0.5491148804303427,0,4.986220248119592,0
2026-01-01 20:00:00,20.52219035890628,200.98926086529735,0.3284263606948375,2.5040609452230687,27.415962384843876,35.8737578801058,2.2646492767297675,0,none,-0.9917783611213888,0.867568514223095,-0.4349817580107165,-0.7258898124842644,-0.6935672016840713,0.25906924986342456,-1.852437274058887,0,5.825292171445847,0
2026-01-01 20:01:00,24.1656560030476,201.90782323817143,0.2470565304915871,2.421971740666646,23.10908657180257,35.00264266205949,4.090824602051361,0,none,-0.7943314422437859,0.8629366345174415,-0.4919151520552499,-0.7264655588156184,-0.846265089499656,-0.4430213855642106,1.5143556842680834,0,5.679290946964045,0
2026-01-01 20:02:00,22.773954085194465,201.28080244237572,0.2742377123891214,2.002750609557607,21.947715687781816,37.94344353852356,3.323524579067696,0,none,-0.8306230417372709,0.8172659362140549,-0.4394746149960489,-0.8395446914603393,-0.8719706260464458,1.8993353745469133,0.07791644824766868,0,5.776130733248742,0
2026-01-01 20:03:00,21.35784815430337,194.39636159507415,0.3157878258140946,2.402387721121148,22.75015752062273,36.22490332677486,4.737290158202504,0,none,-0.8672164094687176,0.6018512109235117,-0.3709963862919963,-0.6769229658038687,-0.8277093991355766,0.4978907276749822,2.5607632764667883,0,6.4033503757654415,0
2026-01-01 20:04:00,20.27618230459708,197.86026498242973,0.1217325288333003,3.058170811722533,24.60277298741084,33.46616597624319,3.97374388261683,0,none,-0.8882409667181763,0.6735443073242252,-0.551566898407521,-0.42355799123834176,-0.7498240045087027,-1.6639780919132658,1.1703775122264182,0,6.121089772336651,0
2026-01-01 20:05:00,23.62690009394577,196.52175665686937,0.2548804267884476,2.427747884329986,24.239553223909724,37.03130409830423,3.712861762844824,0,none,-0.7028698610673088,0.6098523986466178,-0.37982844192501886,-0.6228406820651314,-0.7518962683986767,1.1564305398584707,0.6866283918502223,0,4.910346583811446,0
2026-01-01 20:06:00,23.513571300911934,191.9310357498832,0.1382821127845132,2.550841426662066,26.39135031756492,36.21542245239563,3.493995103196838,0,none,-0.6822726675419125,0.44964113257632826,-0.4849099042139231,-0.5524960522302841,-0.6655884022657952,0.4859025952938588,0.2937872952745642,0,3.6145980493966667,0
2026-01-01 20:07:00,20.978073839367585,187.52652373867204,0.2634061510583827,2.069202489324092,26.208256471282464,38.13171471693027,3.8670166818552265,0,none,-0.7804178440938735,0.28578560775411604,-0.30989301637478084,-0.7103418393989396,-0.6598331788760681,1.9338096480968914,0.9821872232743764,0,5.662268357869046,0
2026-01-01 20:08:00,22.568295926687583,188.70653802543364,0.1596502654867973,2.3427767911351034,19.745757200838916,36.024322379741,3.3730225099514475,0,none,-0.6760078862100626,0.29357004303678913,-0.4090655623762823,-0.5811405702997317,-0.8794055535362355,0.29852456722197346,0.07407943866923052,0,3.211793621350305,0
2026-01-01 20:09:00,21.139838005059985,191.4107406507764,0.2440479224201182,2.6612720245999,24.647982600857496,34.25905739775402,3.587875044033812,0,none,-0.7244060071141166,0.3548288467939429,-0.2677709150831663,-0.42512613452805664,-0.6874333652972197,-1.0469019937249886,0.4440295242166618,0,3.950496786758152,0
2026-01-01 20:10:00,20.4439153216972,197.62050646056093,0.1406310937621209,2.0160491158269225,24.25634989719472,37.60297981137964,3.110519997984637,0,none,-0.7390606316916879,0.5551506698602399,-0.38577334827696863,-0.6870724972583196,-0.688701532344027,1.4902020646410683,-0.419202776295808,0,4.96516352036812,0
2026-01-01 20:11:00,20.1861953767942,191.22180249636708,0.2600746233248591,2.6808093029818187,22.04586879470861,37.57045681516088,2.6435527883674403,0,none,-0.7373358537866305,0.2804725305582718,-0.16114367627777115,-0.35678401154033706,-0.7501723256641243,1.417048205661468,-1.2460774036357398,0,4.949034007124342,0
2026-01-01 20:12:00,23.28466371196188,196.27976936884525,0.3381106336497561,2.8030438029190288,22.29106932311836,33.19112120338278,2.2174678965555428,0,none,-0.5373231009317098,0.4789247471554176,0.049452325628947566,-0.26164144550555263,-0.7255458565880994,-1.764510843542637,-1.924709744779149,0,5.7421080641315125,0
2026-01-01 20:13:00,22.6914350850057,196.4354178463294,0.2632033607131432,1.8393862914785184,23.788932596789284,33.15935479884844,3.493181340248905,0,none,-0.5593540949289221,0.492077575014184,-0.018548380032338545,-0.8538355199303055,-0.6560329711100777,-1.716926261167812,0.29983326545351613,0,4.596608067637156,0
2026-01-01 20:14:00,22.846630612061308,192.48634667124716,0.2847480097183742,2.400065754845451,21.8110806637286,37.71649221305537,3.2208801578034985,0,none,-0.5406325117989347,0.2469153860099542,0.7535332177413507,-0.5157773291349571,-0.7072439044608156,1.460601570203081,-0.22186032331825056,0,4.446564242667344,0
2026-01-01 20:15:00,22.5948813286613,196.89767901373608,0.2001994174846259,1.8350393954297084,16.59243919808796,37.07939861683654,3.753529411131432,0,none,-0.5670222689928068,0.6156989801056978,-0.3599702462493702,-0.9968413405253777,-0.8841297280565563,0.9928973315655115,0.7493827161323062,0,5.165942611627626,0
2026-01-01 20:16:00,22.28370780683332,194.2443572066171,0.0826349746648656,2.2162619413350915,23.90008948623618,35.52904579943344,3.713453314385972,0,none,-0.5900607585563752,0.4205817909533938,-1.8247463464922768,-0.6809253919763765,-0.6286779227712507,-0.06271985924130684,0.6839807923858473,0,4.891692862376828,0
2026-01-01 20:17:00,24.02751950433184,192.6590197716625,0.3612262274521476,2.186469659387914,23.41078962516646,40.17987156782786,3.304662640619162,0,none,-0.4688746794748571,0.2886127275863276,1.6719104133499356,-0.7025379236208977,-0.650820136249562,2.8696799775954367,-0.09408308609663332,0,6.7465189439736495,0
2026-01-01 20:18:00,18.97439122998541,194.51144776319737,0.3544399816303257,1.983876583485447,29.77323171542667,34.06852212225874,2.8412034861881947,0,none,-0.8446611459957127,0.44932898202405774,1.5815948317554835,-0.8671323659442765,-0.4306731428676762,-1.016861451509248,-0.9457544313485959,0,6.136006351445051,0
2026-01-01 20:19:00,23.85767201968614,194.7323495834721,0.2618945574382628,2.290759413417864,19.848853459624937,32.95383915104512,3.428221652509604,0,none,-0.4799223015682163,0.48990544250012874,0.4319228750057845,-0.61465221192314,-0.7797907903222931,-1.6562196455081477,0.14428618129219847,0,4.596699448119908,0
2026-01-01 20:20:00,20.018331251395352,186.93981696038875,0.1016483860648648,2.089977112046047,28.580353233216076,37.80848019094388,3.2995702844924346,0,none,-0.7687748781180477,-0.17179302884014858,-1.5194106273056742,-0.7923076198086709,-0.48112095575859476,1.3147417848698215,-0.10964774096869917,0,5.157796635669657,0
2026-01-01 20:21:00,21.91001169765412,199.8241219820254,0.2109870952148526,2.5443198722479137,26.795139262634265,35.47434242200417,3.597978557275718,0,none,-0.6341812786303702,0.9272802440131209,-0.16129462738930328,-0.40176700170492136,-0.5505552442106486,-0.10654949973352223,0.43979357191531393,0,3.221421467597201,0
2026-01-01 20:22:00,22.570654509107914,184.2468913164708,0.2404976457218014,2.398052885081692,22.515699678588604,39.71743871374163,3.4625322536034826,0,none,-0.5885566292998077,-0.39435930524200047,0.21034214062256928,-0.5394158934719535,-0.7114465439523336,2.3460391358717034,0.194151513291011,0,4.984311161751379,0
2026-01-01 20:23:00,22.415032788267947,196.0905034384425,0.3862131557500593,2.3013170322034124,26.797887402621903,37.66313803597652,4.050019635125762,0,none,-0.6044028079886706,0.6165598865968303,1.963019232418507,-0.6346271319929564,-0.5593642334013678,1.133529844246464,1.268643156839814,0,6.78014629348461,0
2026-01-01 20:24:00,23.29579407841029,198.1905405050823,0.1281164754554982,2.02666651441256,18.634442717717107,34.14188734846711,3.416932622939852,0,none,-0.539942981019209,0.8055622429742485,-1.16848390453155,-0.8667110337862193,-0.8498691331602906,-0.9036370166995499,0.039645482954339506,0,5.173851795125407,0
2026-01-01 20:25:00,20.676983200140768,201.32992065485624,0.1116092207497931,3.259116109987591,22.449486589446465,37.02653872428861,3.388414827224805,0,none,-0.7392332961824346,1.0773937227902861,-1.3504912423571518,0.22741707649428877,-0.7135671699901912,0.7519049209536899,0.004701334421226607,0,4.864708763189269,0
2026-01-01 20:26:00,25.78551811915852,197.5306326583824,0.1672671957089719,2.606200284914072,20.304217835507018,34.30186758822194,3.351082870350566,0,none,-0.3561015131678576,0.7504636185276449,-0.6648863240528412,-0.3668057548557227,-0.7841002902726786,-0.865526287553512,-0.05440239366012729,0,3.8422861820903846,0
2026-01-01 20:27:00,24.65301494930504,200.5865118458544,0.2729895287776355,2.696120993672224,22.004962343690774,35.40269198128301,3.109747982473781,0,none,-0.4496774482524362,1.0037955537383534,0.6377560463688599,-0.2900080960739229,-0.7221015937399535,-0.22977013243744682,-0.5039670865895942,0,3.8370759572005673,0
2026-01-01 20:28:00,23.56396052400401,197.77578622198703,0.2282332955886414,2.513800122133627,21.923710250077875,34.421283614386674,3.770037933367851,0,none,-0.5437159598892846,0.7485843488445046,0.08729506612995715,-0.46517300763176167,-0.7244555755553891,-0.8336717450385466,0.78974614091881,0,4.192641844008254,0
2026-01-01 20:29:00,23.983482690916507,188.61237488962132,0.1289212534296193,2.233394635867189,21.347308001244706,36.71280024246355,4.352819832271825,0,none,-0.5167290291806863,-0.03193736905547129,-1.1194406075571002,-0.7230950047209731,-0.7435020041089453,0.5449315492554458,1.8848675944951157,0,5.564503158373737,0
2026-01-01 20:30:00,21.815274918321787,206.3798950744024,0.1676096678162616,2.3882819991675857,21.64139381594893,37.1979258869011,3.2657120268112294,0,none,-0.6806760799027997,1.4405816693341966,-0.6486449452131953,-0.5972257807166433,-0.7333889131713263,0.8259324542406971,-0.28768142096826005,0,5.214131263547119,0
2026-01-01 20:31:00,19.161520400490044,197.40733404580143,0.3151139236211104,2.148199209814868,25.01722789088812,36.31532418381308,4.094080020438461,0,none,-0.8850964248507025,0.6900970092887122,1.1283800516283238,-0.8331628566455033,-0.6124668851807699,0.2938442221752747,1.3324547855784021,0,5.7755022353476875,0
2026-01-01 20:32:00,19.611718900297607,183.58140922640703,0.3506392882545797,2.120417698681341,25.11281279040349,33.32604629624473,4.2105224227437645,0,none,-0.8518765430766913,-0.4478349495974802,1.5068417185670753,-0.8533275316421317,-0.6121890887577995,-1.444744987810953,1.5072073292677026,0,7.224022148719834,0
2026-01-01 20:33:00,23.63327425507834,191.10007692285717,0.2675436402804286,2.1492607272845485,22.48484086503481,37.73988865586874,3.8132468089723743,0,none,-0.5535726037408811,0.2090403251585757,0.49098780721890195,-0.8197780652612588,-0.7067271109530332,1.1338150465167858,0.6884765531663899,0,4.602397512015827,0
2026-01-01 20:34:00,17.543623898156596,199.1825471034004,0.3414551084857739,2.326104851580608,24.815303378715235,35.685449680986295,3.76940269625884,0,none,-1.0103165366397886,0.8798961941137836,1.3516479807758948,-0.653352282772132,-0.6279749329401648,-0.05601415200635863,0.5908845861402842,0,5.170086665388407,0
2026-01-01 20:35:00,25.83576427296097,190.01499019913297,0.1887691405659526,2.8167164249053283,25.913149853941647,37.069304049288576,4.217095039789468,0,none,-0.38160545768701054,0.10810412976133821,-0.48532527670127873,-0.215245013396502,-0.5904686545292044,0.7451359481927953,1.430289422299399,0,3.956173902567528,0
2026-01-01 20:36:00,23.639278164552472,193.77223101195307,0.1504702480372545,1.757141616347215,19.996487452761947,34.497610965340414,4.060327703690908,0,none,-0.5353800266544523,0.42973426590074654,-0.9344170753130233,-1.157428604019196,-0.779958588001366,-0.7599434380804609,1.0883143220671132,0,5.685176320036358,0
2026-01-01 20:37:00,20.95576968783492,185.3683300512332,0.1511505449150414,2.0017535216824425,22.31600698104785,35.820889540857095,3.759202907865668,0,none,-0.7220918715935185,-0.29116164580052195,-0.9261591202093702,-0.9092317282392581,-0.6726377530959454,0.014329696911307305,0.467507502040635,0,4.003119317890556,0
2026-01-01 20:38:00,21.7724770231598,194.8013838720703,0.3156469709578186,1.8779087541198156,27.860260523384493,37.02705588129502,3.68830605206006,0,none,-0.6389830365910116,0.5108920059774753,1.1272084972624026,-0.9927936163637787,-0.45301553758745383,0.6982140731584746,0.3196130388948379,0,4.740719805835434,0
2026-01-01 20:39:00,19.725213188768123,201.9569979119464,0.1050681418718564,1.8715744812090933,23.611877112148772,36.31230915631873,3.585867602374544,0,none,-0.771785367075097,1.085559403733536,-1.5078153442729967,-0.9693541283439497,-0.5837655667643301,0.27821630201411496,0.08152058229006191,0,5.278016694494086,0
2026-01-01 20:40:00,22.68994363442487,203.30607911833465,0.2170933982210565,2.2596559628205437,23.48483795748667,35.848835158055266,3.293634136238524,0,none,-0.5206350394984898,1.160310060741564,-0.11419948850900109,-0.5989576486204568,-0.5650490543512579,0.006797043760530944,-0.501578861672638,0,3.4675271971539385,0
2026-01-01 20:41:00,23.711125132376512,206.08420405892812,0.3266631528642678,2.857733196639319,25.69074067712532,35.690900889400126,3.733406991465652,0,none,-0.41897104787745076,1.3450545605570552,1.2239917998228809,-0.04391314702978429,-0.4618612115304134,-0.10448828738775369,0.4175811537357023,0,4.0158612079410405,0
2026-01-01 20:42:00,25.38137296730721,193.007163256528,0.3031278368836721,2.605904791042849,19.785216697566582,34.811618091599215,3.1425179599881865,0,none,-0.26730687374457873,0.23794313920050789,0.9014592539920728,-0.2524218605869825,-0.6545248151058155,-0.6167987940929566,-0.8002380564703917,0,3.7306927931933056,0
2026-01-01 20:43:00,20.4923843018068,196.2174739615378,0.2523422800853118,3.135163013780773,26.714670026524672,35.935714658363025,3.6214591845040474,0,none,-0.629670378320959,0.4907830254569517,0.27292776319612105,0.24074204542538144,-0.3691876926868698,0.023082683562379955,0.19819132259048305,0,2.2245849112391465,0
2026-01-01 20:44:00,25.178630585063875,187.0173660735996,0.335481903549113,2.189088635344292,26.765552033967577,36.04409146730464,3.409132521982803,0,none,-0.23017273289909343,-0.3061599210729777,1.2628687478123117,-0.6027520315230316,-0.34387740950180046,0.06908944808180525,-0.25438397064297313,0,3.0693042615339934,0
2026-01-01 20:45:00,23.54017229793825,193.4645881484644,0.2047024035808378,2.03040307066176,19.857880750400703,36.95964038332354,3.799505466941389,0,none,-0.3380601603662479,0.2265121150497511,-0.33553055171743346,-0.7247963277125347,-0.5869409577445244,0.6031205093408692,0.5537268755118606,0,3.368687497443221,0
2026-01-01 20:46:00,22.96510457798051,197.3433313321495,0.3698631882726305,2.1337974185040265,25.46275577783703,36.21109242282132,3.880050280499543,0,none,-0.3598445237269644,0.5381905237828247,1.63198343984883,-0.6012452313891722,-0.3374257319716463,0.13275316996862457,0.6978615449969322,0,4.299304165684995,0
2026-01-01 20:47:00,23.2342711734924,191.2553449704133,0.2508532451726536,2.5041354320012217,22.507316423067422,37.51270180791278,2.771198134786725,0,none,-0.3086365707986277,-0.011122565311207712,0.16824488182599256,-0.22036790951018212,-0.431646123165107,0.9068399429510962,-1.5881430884849783,0,3.635001082047191,0
2026-01-01 20:48:00,23.935590938910195,192.19780545838717,0.3423403524208525,2.9340535222901947,25.575046255209564,33.97801438271566,3.9911760400830856,0,none,-0.2169206047923094,0.04263540434459064,1.3182524217748013,0.23373011758582732,-0.27144578030421745,-1.19062348779486,0.9084142726871354,0,4.182022089283741,0
2026-01-01 20:49:00,26.88874962295134,185.85114726180493,0.3817131752529492,3.169136175729375,22.98258178157969,36.69011471075454,3.587134837599752,0,none,0.09925140516718937,-0.5904356380605205,1.7317926677027218,0.5109863903292506,-0.35756744204538676,0.4388679249925186,0.04475644734491805,0,3.773657915642506,0
2026-01-01 20:50:00,26.225636295358484,194.9553735569452,0.2994969396100432,2.6658917278327534,24.41569002252002,37.18159002563705,3.804928107544151,0,none,0.08314300977248287,0.2428416922089783,0.6993103832426222,0.021578671375322232,-0.25739070942965503,0.7111887540520575,0.49210874858875264,0,2.507561968669871,0
2026-01-01 20:51:00,24.953108375127854,195.16816298598897,0.2116667331149677,2.4693259827545493,25.620174697914475,35.552587269181174,3.65889027099544,0,none,0.002736529887818482,0.2302711441764086,-0.3873138214643504,-0.15712574635412263,-0.15448666277357456,-0.27705068913984676,0.19515300963605509,0,1.4041376034321766,0
2026-01-01 20:52:00,21.88889574576889,184.65998931624864,0.2684895547256155,2.3823517644217684,23.377466678121696,32.911408945592605,3.351976067109778,0,none,-0.3099292246125757,-0.9028086272723729,0.3021012891086516,-0.21621900926295176,-0.2423447282464173,-1.798397166856104,-0.4450972294345312,0,4.216897274793604,0
2026-01-01 20:53:00,22.946888245386187,197.1941718912006,0.1971787047452874,1.965949675241552,21.89025151072619,33.49272206497547,3.978448463018444,0,none,-0.12765246397853489,0.4121949156387316,-0.5709417115265878,-0.7756583615336387,-0.308252110153288,-1.4017455132598722,0.8909534269506744,0,4.4873985030413275,0
2026-01-01 20:54:00,25.208089063368835,192.3463006098349,0.2284734176845721,2.7867092014949564,23.860177074157622,38.16164333821957,3.766382797684173,0,none,0.40321406334351756,-0.2323921541669215,-0.1700077575065026,0.5609104350542539,-0.1033687135139455,1.3414356843849196,0.4257303554043294,0,3.23705916337439,0
2026-01-01 20:55:00,24.20991055078713,188.7299208715699,0.284419628114019,3.1463560473855616,29.28077376228949,34.884633391281774,3.768874806487,0,none,0.7857448480535939,-1.0980557646897753,0.5210803156884162,2.0253776120043243,2.064181998850837,-0.6418029669864562,0.4085465433626579,0,7.544790049636062,0
2026-01-01 20:56:00,21.94897964267509,198.84857712855265,0.2729166400484568,1.8522418768409472,20.93179078502657,37.26297840491314,3.994564517864426,0,none,-0.3756267432051072,0.7626771607976963,0.36796203681971634,-1.4564615444602573,-1.00929434344816,0.7841499418625371,0.9255984394428329,0,5.681770210036307,0
2026-01-01 20:57:00,27.185628235882916,192.75620848720516,0.3182039717256126,2.764381201046945,23.75685064282615,35.28144353528195,4.497827699568969,0,none,2.1827179167579285,-0.36209358277705933,0.9121814009441302,0.985572111576037,0.025307850758041643,-0.39503020335926153,1.9327258303755805,0,6.795628896548038,0
2026-01-01 20:58:00,28.30898081370707,202.4195928265983,0.2510841242011399,2.410951818427035,26.803489908992507,39.099283879814216,3.0917224071163267,0,none,2.5578432068032275,1.439372345397695,0.0586537958467961,0.03783513676551524,1.1473116637539091,1.8185087645653877,-1.0442161892101476,0,8.103741102342678,0
2026-01-01 20:59:00,24.685917916894457,187.9333246437213,0.2936615003718858,2.3901315316608334,26.53319704058436,37.19704973378343,4.477839535638512,0,none,0.8585682309961893,-1.2222250337819782,0.5818859522302778,-0.0029072418858334557,1.0375300403114305,0.6725740267751247,1.803443293326298,0,6.179133819307132,0
2026-01-01 21:00:00,22.973328892060792,190.26094175142288,0.177574117440472,2.342928431560903,26.59182866772778,36.50784025183295,3.7530347550090255,0,none,0.044490060912828075,-0.7669813728393664,-0.8441147107565004,-0.12293910829699876,1.0711422127049437,0.2585634030166798,0.28114085382172926,0,3.389371722349046,0
2026-01-01 21:01:00,23.72554484577903,190.81362227376616,0.2940919863572415,2.075058572361369,27.64043403413452,34.152373947726815,3.4313474544628253,0,none,0.4015953365551255,-0.638971928577465,0.6087458158926891,-0.8247706099735063,1.4102847138795982,-1.1172291880804401,-0.4063005990969435,0,5.407898192055768,0
2026-01-01 21:02:00,21.74362370958683,179.20559187795803,0.2288372777764269,3.221232147351156,24.415281361539478,38.646190022582864,4.543569481166062,0,none,-0.5207227029251451,-2.6192838031426997,-0.19958039418542345,2.1251861230172135,0.21210655822555932,1.4992165614828479,1.9565978378324562,0,9.132693980811345,0
2026-01-01 21:03:00,21.450091128989065,197.0547774016786,0.2336661270209667,2.263125134678159,30.178040801916083,34.75473291273042,3.5662419152821023,0,none,-0.6594272931022445,0.5631610604967192,-0.12268997354198924,-0.3570293667143611,2.1953488754920922,-0.7458779734996461,-0.11094774669585312,0,4.7544822895429055,0
2026-01-01 21:04:00,24.502095764815184,190.076753668624,0.2159222466717522,2.4011268758264697,30.099168778341603,39.73710593129244,4.416168044288699,0,none,0.7454239187232281,-0.6586051262712379,-0.37375869843097453,0.03020936907474029,2.0567209517102882,2.0407497633926295,1.7592295492080707,0,7.664697376811169,0
2026-01-01 21:05:00,23.409741542801477,188.33967046893443,0.1375996754572552,2.073902644499765,27.474708761054487,38.46095057664962,3.076012098130213,0,none,0.23062148608392827,-0.9390091836286681,-1.3360766643083675,-0.8204955354602087,1.132633726485245,1.2857016388229705,-1.174339528242046,0,6.918877763031434,0
2026-01-01 21:06:00,25.74526251847453,192.49733630062704,0.2657942855225596,3.197079375792454,23.73265265738447,39.49768086567024,4.6997066026515695,0,none,1.2996887851845198,-0.20295192667456222,0.2659247112608435,2.04912142624452,-0.1122389003309756,1.7860541111522512,2.2373709876602126,0,7.953350848507885,0
2026-01-01 21:07:00,29.718591262260222,191.77115886291853,0.292286617124543,2.667287011787633,25.777260439509117,36.23321471866026,4.285866210740267,0,none,2.878038419354105,-0.3476233919184502,0.5989931371735141,0.6721556717400091,0.5826039225624742,0.021109690298085567,1.3372289343997974,0,6.437753167446435,0
2026-01-01 21:08:00,24.94717285034554,189.4982807114287,0.3190976971024736,2.7489501534979275,21.39617018599636,38.16697358288198,3.933384225520254,0,none,0.7805719898353433,-0.7587525029367986,0.9119988540720756,0.8584873908169534,-0.9211736836138907,1.0570076077280317,0.5889705195216978,0,5.876962548524791,0
2026-01-01 21:09:00,24.063417681680843,185.277698221188,0.305669155615598,2.501700434002067,25.866022654794023,35.653048496543896,3.477800117185642,0,none,0.37871968367357944,-1.4720977044973529,0.7226263043264108,0.23715433953744217,0.6016015394937205,-0.3309793050295699,-0.34843511687277945,0,4.091613993430855,0
2026-01-01 21:10:00,24.43830103276984,192.41480940023624,0.1927962818275856,2.09094453660086,23.173956681742407,36.59797482808085,4.051474986965229,0,none,0.5182110314896645,-0.19848426739347613,-0.7442776866942149,-0.8162196620329026,-0.3117269511815831,0.19968135285202088,0.8077069104239215,0,3.5963078620677837,0
2026-01-01 21:11:00,25.03294633940535,190.7409245688759,0.4183209282952868,2.568129770475694,26.48093550727422,37.17957132084801,3.4948451131337945,0,none,0.7525506557103834,-0.4932152680924651,2.0673084111341598,0.4105259385049347,0.7909855292792606,0.5263261829954087,-0.39168981362423594,0,5.432601799340848,0
2026-01-01 21:12:00,27.115242611766465,192.37785915727443,0.3279290299624215,2.389318837401432,30.57049308277564,37.2191701385638,4.1758740168247765,0,none,1.6128862931976078,-0.19229845498331807,0.942517592199837,-0.030766279252094936,2.065430044707722,0.5228142880897712,1.094274974829175,0,6.460987927259526,0
2026-01-01 21:13:00,24.622870379494227,189.63936253816044,0.2088495255120949,2.833382953536151,26.470348711061057,35.695822261801226,2.236137812802144,0,none,0.5147380567643224,-0.656895185051782,-0.5353667941873919,1.0847140092863787,0.6976066924377806,-0.3754594804817842,-3.1132661455074557,1,6.978046363716896,0
2026-01-01 21:14:00,26.006326000547496,179.09800476825473,0.3746654502639507,2.285584311036102,20.696577720873847,37.1521408872293,4.153890563349642,0,none,1.081910873305278,-2.3619825069705063,1.4894558314473767,-0.33968866522567737,-1.1829039510901598,0.4805548960218579,0.965947256167693,0,7.90244398022855,0
2026-01-01 21:15:00,22.30456697375984,188.32535803900527,0.3316934754024123,2.252257204629672,26.572375485359814,38.37834706428602,4.539021795392389,0,none,-0.5069032148326187,-0.7828310368896853,0.9319242196539659,-0.45297235376725536,0.7157021327011974,1.1729539536063618,1.7188170456675167,0,6.2821039571186015,0
2026-01-01 21:16:00,22.53373616832211,184.6845626584859,0.2293229068031538,1.8618452856351508,26.33022343315376,35.19764955076553,3.7480372900571375,0,none,-0.4106130315594898,-1.3469240119054826,-0.36239212960702727,-1.4509116161547178,0.6166761325824175,-0.6639918610217158,0.06417723654262598,0,4.915686019373476,0
2026-01-01 21:17:00,24.069683378322363,178.45324155959244,0.1825683654177602,3.1072895371851823,28.595275885179667,38.281063727712414,4.108487418437025,0,none,0.2492989721688421,-2.2359071033761664,-0.9254258880693097,1.7240999584843966,1.3441124523354038,1.1731902793427789,0.7904352133294514,0,8.442469867106349,0
2026-01-01 21:18:00,26.325806048424468,185.6307509875803,0.1691797250892428,2.426888572184872,27.63108540132796,38.14586014453596,4.481402582319754,0,none,1.1913327373494722,-1.067267812210354,-1.0618951782588484,-0.03294597895045483,1.0482887234927254,1.0582741466756336,1.529085774565366,0,6.989090351502854,0
2026-01-01 21:19:00,22.72412588018571,193.59614867214012,0.3989994037714034,3.2809600358608466,27.65245886424496,38.16973238750456,4.745362845232436,0,none,-0.38115093216278445,0.18451130295021684,1.8097658990231,2.0545073728058862,1.025402893337328,1.0497484087990852,1.9789101345157398,0,8.483996943594141,0
2026-01-01 21:20:00,27.148128076876446,181.22838762528272,0.288878124091014,2.7987829899452588,29.73937918545727,35.5020400240858,4.219898590071312,0,none,1.5091757600258078,-1.7075275224955286,0.40800547117739777,0.825129198127413,1.7283680039548288,-0.5757908334139846,0.8718863140774463,0,7.6258831032724075,0
2026-01-01 21:21:00,22.80533741436628,182.982316943034,0.3745829002997151,2.736181663612357,25.030956646352237,37.23020307923566,3.310207155809689,0,none,-0.4064689902646334,-1.3871333866425946,1.4539312847811157,0.6587453580975507,0.11380578898878704,0.4771458805548747,-0.9797125585690376,0,5.4769432478985935,0
2026-01-01 21:22:00,25.047701704559227,190.59739324261963,0.2947144361116696,2.948109598442593,24.68302060899327,36.23081748190391,4.249857982003866,0,none,0.5638975884730224,-0.24052210289864295,0.4292474155557404,1.1497289899298542,-0.019423472075729347,-0.11052106845852175,0.9070243781901944,0,3.4203650155817056,0
2026-01-01 21:23:00,24.65157068699049,176.16137210535288,0.4023805846744785,1.809042436322542,20.91397439189749,40.57019395856165,3.1346719470974795,0,none,0.3735649530637867,-2.3178000416989826,1.7792319467542272,-1.596193188028558,-1.2853994463869811,2.514691577332436,-1.3119979163902777,0,11.178879069655247,0
2026-01-01 21:24:00,27.911523370355635,191.25258906642983,0.1802756790872155,3.42637398889697,28.69590920610812,37.37345646889304,3.7788438857938833,0,none,1.733246018873601,-0.06708316504444396,-1.044589813977571,2.169740613829885,1.3706336236965715,0.5381745699595343,-0.03149300029588864,0,6.954960805677495,0
2026-01-01 21:25:00,22.939195077097057,190.90712206886988,0.3337944607081864,3.450534132129424,27.28858495065546,38.60864451137696,4.383490485062305,0,none,-0.42845916873348516,-0.09439223722071864,0.8940635656488627,2.1858167197633915,0.8458371848296379,1.2703717594054214,1.1478166021779144,0,6.8667572377794315,0
2026-01-01 21:26:00,23.147932437016717,179.0198575550852,0.1815340968434008,2.942828389078174,24.15489316389224,35.75212838920242,4.90053384399037,0,none,-0.3196514881475192,-1.8129462092048723,-1.1115275156125435,0.9989282545776235,-0.2877659381454143,-0.4983160873962902,2.0678797575116445,0,7.097015250595907,0
2026-01-01 21:27:00,24.36916458794608,191.05772258677703,0.2369071020874024,2.604676409961692,26.175511965732383,38.64099462125519,4.364220486687698,0,none,0.21850856099553798,-0.0005283582990225087,-0.3736974614093904,0.23248578592105107,0.4189935632996054,1.2485282375299371,0.9934283869597511,0,3.4861703544142957,0
2026-01-01 21:28:00,26.406306824954,185.66110264362032,0.4211512344998397,2.807245547531492,26.024247953776467,37.047018617363726,4.159887258990059,0,none,1.0813693037491063,-0.788491554898359,1.945837096200588,0.6805300017960596,0.34259769870808116,0.24573278245628577,0.5783403894188077,0,5.662898827227288,0
2026-01-01 21:29:00,26.369328435185707,180.84210978021025,0.1682054960892969,2.9780967481641616,24.206309111173304,38.59989315208675,4.127032941561548,0,none,1.0382316337135287,-1.4729818146857019,-1.3043235145602543,1.0342106107557338,-0.3476753601459406,1.1807724605657015,0.5243334366778479,0,6.902528831104708,0
2026-01-01 21:30:00,22.61039361250082,200.7716342609119,0.3626933554183327,3.200833231231524,28.550900991912844,36.921960214391575,4.417756519995996,0,none,-0.5889940190951926,1.552687844904886,1.169709031773991,1.47897493598568,1.2313765984054321,0.14920740246758166,1.0607854897398858,0,7.23173532237265,0
2026-01-01 21:31:00,23.512093455916094,182.72871226802084,0.3318569413978863,2.389835080471118,23.227715762137723,39.74517366030917,3.773945662988144,0,none,-0.23928541864279385,-1.1708920886455643,0.7646494525869514,-0.3292797184871985,-0.7421047344995296,1.803719168578063,-0.19824597188083024,0,5.24817655332093,0
2026-01-01 21:32:00,22.60479896791877,181.17891003195845,0.2014337308577235,2.4034553182225897,25.778868070587865,39.45057259671082,2.566167242562712,0,none,-0.6908057790757811,-1.3910525511366445,-0.8909173364639059,-0.31150997167574246,0.20204274082632864,1.5897648301640828,-2.407739270670656,0,7.483832480013142,0
2026-01-01 21:33:00,28.57060893555868,189.65480057223616,0.3002195420327495,2.4798855870218124,27.190319543346483,37.27259382973181,3.825745909882345,0,none,1.9692812238013342,-0.1020263883428318,0.38104156622290153,-0.1534111631181628,0.7007822715208056,0.2690385715941046,-0.04029394708900392,0,3.6158751316891444,0
2026-01-01 21:34:00,26.064097208783195,193.38972345284992,0.2531159723471944,3.409885967505496,24.63058410173849,37.79865336876064,4.591696437851372,0,none,0.844420179568024,0.48566431267281224,-0.21069016509728905,1.8526043863623434,-0.25382402672889787,0.5692753324206549,1.3522795898393196,0,5.568757992689341,0
2026-01-01 21:35:00,26.542555695420432,184.60731007957472,0.3425891877334669,2.413335590371702,31.50827982318323,38.50246807062566,4.4098977160728685,0,none,1.0646396298204157,-0.845557709596334,0.9233343836465383,-0.32065278618520543,2.184131117446021,0.9766421689932141,1.0048786986319365,0,7.319836494319665,0
2026-01-01 21:36:00,21.03640964760545,188.54303169371232,0.2656380484675653,2.575464100687216,24.748835647467885,39.18813910952417,4.12262557415241,0,none,-1.5338545294357675,-0.2313504576647043,-0.10857508016573732,0.006015608429931941,-0.27139926604717507,1.3481672425422209,0.4736820505223227,0,3.973044234807859,0
2026-01-01 21:37:00,25.800108616030855,194.55735762640467,0.2553155129694113,3.183900968031882,26.21500687685505,38.61009189501359,4.596632445003776,0,none,0.6879098401933672,0.666646190062469,-0.2757492539356062,1.335313753559529,0.24943243893161673,0.9650242527612096,1.3010262914429713,0,5.48110202088677,0
2026-01-01 21:38:00,24.924952122083333,189.2941366735745,0.3138541728111612,3.1567719762023767,23.80520296687264,37.69795836461973,5.130935517616882,0,none,0.24554508269169173,-0.1263228435273798,0.5240769180262674,1.23772787151472,-0.6283240988922574,0.40572927770732864,2.138852643130511,0,5.306578735490156,0
2026-01-01 21:39:00,27.35938291236063,192.02085977817936,0.2454282098668292,3.1950689505985013,25.90968821319936,36.94664708643192,3.913789357348752,0,none,1.4094513994189095,0.3279543376397278,-0.4637434104993164,1.288568649960128,0.14726262235462836,-0.054735384101911734,0.009058845529884452,0,3.700774649504506,0
2026-01-01 21:40:00,22.2844628586672,179.2255952644338,0.359559629534889,3.2206836350072816,28.909798168229237,36.42733447163146,3.8663532775496887,0,none,-1.1270118045339703,-1.6603148818949918,1.1310382632377936,1.299904079223864,1.2329364423971783,-0.3760917745614939,-0.0913729452719828,0,6.918670191121274,0
2026-01-01 21:41:00,28.35607502504484,185.4747189959589,0.2936003569385546,2.966653070465448,27.805163732028905,34.26047156157248,4.187427410253656,0,none,1.8158715421964455,-0.637987409363627,0.19958804336994782,0.7134144053696404,0.8026643876119752,-1.6472768711672539,0.46126930376157493,0,6.278071962840464,0
2026-01-01 21:42:00,39.59338258945216,170.07307195235524,0.8569354760909067,4.869708376027125,33.66114556172391,39.60792894198397,5.5530271291110775,1,congestion,5.220186273174252,-2.964881104442342,5.558937633550604,4.160128311455716,2.8056474336947095,1.4875328671325982,2.664695545056039,3,24.86200916850626,1
2026-01-01 21:43:00,39.99055440017581,159.44080257324111,0.7802458595643307,5.419509643988939,31.96847657212939,38.87060352477136,5.013808765368912,1,congestion,4.381892306896064,-3.9400460788909193,4.0167721851448395,4.277420594062171,2.0832396260322574,1.0157594291827439,1.6827690405846885,4,21.397899260793682,1
2026-01-01 21:44:00,36.8970109122699,161.48709791557025,0.9010828572520097,4.820959660310135,26.61043625004011,41.15511456038696,4.503511831396295,1,congestion,3.11145470317559,-3.256509028289382,4.149555578747024,3.010092754025854,0.22549100587109172,2.2228763588185503,0.8165263766378268,4,16.79250580556532,1
2026-01-01 21:45:00,43.71792527124398,160.99902202437707,1.0425179940593663,4.609596706557945,32.52476939173549,39.867253115649554,4.322964312837163,1,congestion,4.104809774325921,-3.0000596373119506,4.216154663719896,2.5143897921207228,2.1972853820778426,1.4386923392956603,0.5044532858703029,3,17.975844874722295,1
2026-01-01 21:46:00,40.86418985410246,173.19094783459394,0.9207403729296346,4.283937396147708,30.29716183288547,39.3323663724322,4.0409318257970925,1,congestion,3.1030133077627857,-1.5457229065321003,3.1451217677281247,1.9557155931894339,1.376650026258264,1.1033383167980344,0.03648915769438984,2,12.266051075963134,1
2026-01-01 21:47:00,41.48458434525637,160.98172299598525,0.9113193550218124,4.840965763039479,38.152831026384746,38.18404622433306,4.507972102388176,1,congestion,2.933180758659017,-2.691754321463007,2.8242342310806006,2.5185060348131576,3.5539620297650294,0.4612464586705686,0.7817693107223006,1,15.76465314517368,0
2026-01-01 21:48:00,41.43746668467109,159.8222260839197,0.8961960741509425,5.193802334757864,28.66257986450316,36.16570155767101,4.385402107055999,1,congestion,2.6880624830180695,-2.6005613664545364,2.5478415582587934,2.731138312135046,0.6388059125955646,-0.6913677703310473,0.560948180586971,0,12.458725583380028,0
2026-01-01 21:49:00,41.30931326227348,163.03698530885697,0.9012890808895856,4.618177544299746,32.64443180371127,41.4422099291661,4.343659973659472,1,congestion,2.4786583936114677,-2.1495494823583416,2.4024276156318565,1.942910859905802,1.7709805671070211,2.165319858587601,0.4705298439001962,0,13.380376621102288,0
2026-01-01 21:50:00,42.71964394297527,152.61967201896823,1.019705750673941,5.964262304466494,31.057715876265256,39.44857018570665,4.687009605085717,1,congestion,2.5226253442394855,-2.875219184365386,2.690353691634483,3.1446769957412464,1.2511080850399656,1.0496599700465536,1.0216570730546612,1,14.555300344121779,0
2026-01-01 21:51:00,43.234293814402605,151.37388913939512,0.926054052288207,5.560772390593924,36.857073727103895,38.62311334650696,5.247098644830908,1,congestion,2.4260089174286072,-2.745858632084646,2.1675401142354227,2.5181936101029114,2.724558699278501,0.5808172196349447,1.8714217789248693,0,15.034398971689903,0
2026-01-01 21:52:00,45.58167643935006,154.11872209823343,0.9724024362986248,5.023064531182369,31.11816699778692,39.741645998199616,4.144318807316298,1,congestion,2.580557203694221,-2.351199129274289,2.210478591420847,1.880284604930315,1.0969903511333812,1.1790563876454443,0.03842450921962175,0,11.33699077731812,0
2026-01-01 21:53:00,44.99653644949037,164.04444781410655,1.1032430629708998,5.204010681060964,32.8307866897606,39.598885732996806,5.671209833928648,1,congestion,2.3347044888861794,-1.4980298858528571,2.516799532058082,1.958339066758321,1.5177837395529137,1.083399213808708,2.405539900915336,0,13.314595827832395,0
2026-01-01 21:54:00,42.989237148418,157.5118765008521,1.0982267025775858,5.296288054122851,30.187781963098654,37.916250813268576,5.881316619133287,1,congestion,1.9504336705883862,-1.9163161356634468,2.33677085457011,1.942380631169079,0.761022977637658,0.08973434197802499,2.5368574107070883,0,11.533516022313794,0
2026-01-01 21:55:00,45.30889025769193,156.55380264564224,1.137689839103111,5.580411201081546,35.3854068329008,39.60512599825661,4.369961384682584,1,congestion,2.1325604978531834,-1.891780893625987,2.31438707424368,2.0851971762116412,2.0935464209579484,1.0601213613679208,0.26274487982024336,0,11.840338304080605,0
2026-01-01 21:56:00,47.36037176034904,155.1888303517858,1.388473732874446,5.606834147910268,38.69738836594308,39.15010899251251,4.61459655878269,1,congestion,2.253870958110333,-1.9048734444777802,2.864227411980053,2.007043694160956,2.774834864701525,0.7643172183454646,0.6125347059120481,0,13.181702297688158,0
2026-01-01 21:57:00,44.65792417553276,151.30054938853243,1.1757516991132468,5.644303944809307,38.73648080241369,40.803459205801154,5.154375477909564,1,congestion,1.8272274441159213,-2.072645080712109,2.0864644972729844,1.935932687966248,2.583999492936438,1.693181742064137,1.382474365410497,0,13.581925310478335,0
2026-01-01 21:58:00,46.25699544623849,148.49480720347515,1.1240658453663028,5.69750536569971,39.18325901011117,34.178959526685624,5.31868191493232,1,congestion,1.9207021243192959,-2.164034950643044,1.8409695047436763,1.8846842353134459,2.4982659581754967,-2.1320959090292666,1.5736486566036296,0,14.014401338827856,0
2026-01-01 21:59:00,49.172484463455206,154.4476856152292,1.2312410427602696,5.74729383807774,37.31858621036667,38.41038968035755,3.435918200347966,1,congestion,2.1324151785407093,-1.6726711548393345,2.034080825558836,1.8352870529689933,1.9634063661279935,0.2908781281808829,-1.1683397339248367,0,11.097078440141585,0
2026-01-01 22:00:00,48.31611271627772,151.275457750802,1.2053841545740904,5.868624133030371,34.50181226893038,38.0379236829042,4.65003557573074,1,congestion,1.9343428371204185,-1.8019965930623496,1.868911983558927,1.8423673756259882,1.2918377967071768,0.06212235075275317,0.5841109070997157,0,9.385689843927329,0
2026-01-01 22:01:00,46.939212701659045,148.4635845767006,1.195626603684449,5.927265631291269,32.56592260457763,39.43326474618419,4.7205553181257045,1,congestion,1.70526737951037,-1.893051428747954,1.7584658799527455,1.8057097881186581,0.8447806722011918,0.8495990772935808,0.6615942571298167,0,9.518468482954319,0
2026-01-01 22:02:00,49.63408805270093,145.49652915630713,1.2725212953969027,6.24932160596768,30.72893005827504,36.14164420930688,4.064782218748336,1,congestion,1.8998919737062676,-1.979269051578056,1.8685984442279826,1.9492195468802722,0.4242257455456426,-1.0921517213539707,-0.2944520448644671,0,9.507808528156659,0
2026-01-01 22:03:00,50.8620697328741,145.6773801149757,1.179210461624386,6.413768182225496,42.16097406120165,39.08966614799379,3.961386775686133,1,congestion,1.9314295113484354,-1.880731104172882,1.5614927353542103,1.9693664015207517,2.7003549749494877,0.6375822421869706,-0.4602365300370152,0,11.141193499569754,0
2026-01-01 22:04:00,50.842292166677225,151.060314355422,1.2433177773843944,6.871612281902644,33.4687137329196,39.66935858414615,4.175905421949017,1,congestion,1.8381415635155076,-1.488814055647088,1.652725247008916,2.1714833146974413,0.9003963615642582,0.9941877186605096,-0.1352210263177264,0,9.180969287411447,0
2026-01-01 22:05:00,50.32898147352175,145.37565469815237,1.2058398678902296,7.038204264603547,36.866656754718456,36.469563538093055,4.296688845397288,1,congestion,1.7096127454616987,-1.7526458314699114,1.5007436226323043,2.1652130590512946,1.5302666494887844,-0.9407868873053014,0.014617315431110646,0,9.613886110840404,0
2026-01-01 22:06:00,54.20737868606581,140.47479670284002,1.3831661590000115,6.110900426144376,39.71615965801372,38.93040099353631,4.393337233202935,1,congestion,1.9817848684276833,-1.945675305302931,1.849542575182486,1.4744064970630515,1.9954151377922784,0.5656202436939632,0.17082626825504965,0,9.983270895717444,0
2026-01-01 22:07:00,48.22489813029525,150.6483743449554,1.424589190380132,6.438491115016127,41.87133797404766,36.01526253779676,4.873003276307755,1,congestion,1.3621903733553338,-1.3066713043880027,1.8569458033508135,1.6234813492167635,2.2660972333568266,-1.2114912995457001,0.8858963142740718,0,10.512773677487512,0
2026-01-01 22:08:00,52.13735000809542,133.18804142530826,1.4311791377258862,6.753690221477994,35.8205996059022,37.17704597800667,3.990613939989112,1,congestion,1.6557446405320457,-2.1842272590109966,1.7865400181043558,1.749095250234678,1.1027644057982504,-0.4919028146567127,-0.46090924198294325,0,9.431183630319982,0
2026-01-01 22:09:00,53.24353459072496,146.40389659902013,1.521541096075839,6.944050705743242,36.50312429683714,38.08539508579346,4.363506044890824,1,congestion,1.6829911844173704,-1.3924763587577818,1.89790403397681,1.7882526411868869,1.1896664807809143,0.036939265568473705,0.08654343044586713,0,8.074773395134104,0
2026-01-01 22:10:00,50.66303211084987,133.51629706889338,1.3566172144839068,7.064524125108942,41.93748079616524,40.80771138658167,5.449949308593112,1,congestion,1.3964766176582752,-2.0000595939137713,1.4704029296704357,1.7867411079570292,2.097970638439817,1.6511692513674112,1.6893913382479788,0,12.09221147725472,0
2026-01-01 22:11:00,51.44082830117837,145.79969080345674,1.5274091579549234,7.438243721089949,38.91674133373546,39.54661089883723,4.437183132915678,1,congestion,1.411856738247809,-1.292669534285635,1.7667766890490124,1.9223433220551949,1.4852828419362722,0.8561351487904482,0.13872418897592576,0,8.873788463340299,0
2026-01-01 22:12:00,52.04703241727137,143.98808025174864,1.6928999302225334,6.600200120393906,38.483811228848246,37.37897819651528,5.2890650702531286,1,congestion,1.4107785689449228,-1.3423396932994691,2.0159728687257408,1.3634605114288831,1.3611939458016644,-0.46087870459408853,1.3911527806299964,0,9.345777073424765,0
2026-01-01 22:13:00,54.22725042359519,133.75718899561963,1.3657236601771836,7.273870431918243,41.29093055167742,39.15754428300495,4.535006063636733,1,congestion,1.5392647260257954,-1.8056237023959503,1.2795623014616797,1.695403727896809,1.7744262587005364,0.5935556854956598,0.21832707203011972,0,8.90616347400655,0
2026-01-01 22:14:00,54.24306948535792,138.5199803095732,1.4878743951051994,7.397460454445825,34.73893328096625,34.86383797291997,5.113825743834317,1,congestion,1.481680987923522,-1.4949756774683065,1.4775991969639954,1.6987078561852573,0.6132136186598931,-1.9705261270125418,1.1407780250834867,0,9.877481489297002,0
2026-01-01 22:15:00,55.99454054118483,140.97986401730518,1.5776777008311524,7.67150971239016,38.74394407817169,39.25987914004229,4.562259438194663,1,congestion,1.5703932020864746,-1.3204842043878797,1.5968107272055898,1.7836213184288565,1.2788435221171741,0.6483948164313379,0.2340038812842893,0,8.432551671941603,0
2026-01-01 22:16:00,57.90545078632559,127.54963682575448,1.6020423455470068,7.535343799516168,35.23516359343181,36.534153258947335,5.320354756495912,1,congestion,1.6646795322385108,-1.912043899425179,1.58345457494414,1.6468781540896962,0.6361273571200244,-1.0089071210179472,1.4258278771366595,0,9.877918515972157,0
2026-01-01 22:17:00,54.73168466557992,124.61983291204204,1.5799712743065566,7.355559821907581,41.5055280033186,39.23589137204647,5.413200890715942,1,congestion,1.350463972206885,-1.9532147913514175,1.4844752996265185,1.4837928804406593,1.6707140525811515,0.621003472301213,1.5149316523746699,0,10.078596120882516,0
2026-01-01 22:18:00,56.643314547839445,138.82766574355355,1.7538430516370591,7.001178205055643,35.11185571580614,41.95053543615091,5.142583792657874,1,congestion,1.4539553646913066,-1.2206881495266109,1.7617224269976033,1.2401244968347058,0.5431304393510848,2.13721007135397,1.0534384525482015,0,9.410269401303482,0
2026-01-01 22:19:00,57.75193816415451,126.75050487225806,1.668738781269696,7.8389232222152225,43.519868801176585,38.28455866715223,4.270111008288211,1,congestion,1.4919682689545566,-1.735212465184594,1.5299819977818239,1.6485812015408,1.9034286320442169,0.0050875058015528935,-0.3187668454910152,0,8.633026916798562,0
2026-01-01 22:20:00,53.4802124443908,128.59674366753515,1.7266104668329705,7.7793587153376915,42.86773911842492,40.45785068439082,5.858687747111324,1,congestion,1.1024109661084402,-1.5802762137203776,1.5811769033368206,1.5543812135372097,1.7139829175616046,1.2322842640964702,2.0811613407220295,0,10.845673819082954,0
2026-01-01 22:21:00,57.467257766722014,134.89556469158555,1.74361056503415,6.856705867982242,42.09606124170929,39.06365628258288,4.062844403412493,1,congestion,1.3841502880142857,-1.2391288752033047,1.5518246539474705,1.0056383150130306,1.528542469757046,0.39698157761305436,-0.7024394536117059,0,7.808705633159897,0
2026-01-01 22:22:00,54.980064988732565,122.32941237015152,1.685937826781868,7.986134559726448,36.962318616294894,38.49471396714267,4.402736895403302,1,congestion,1.141790748437243,-1.7566421921498345,1.3911221965625702,1.5776469852046464,0.663029945798793,0.04059015209433159,-0.17353992694312967,0,6.7443621471905475,0
2026-01-01 22:23:00,57.25601364639621,127.42595623957442,1.5169683709799393,8.317425790802146,44.639921219122215,38.059680151121,4.595742272745329,1,congestion,1.2871868541113978,-1.4616570149103394,1.0319356390932781,1.709862409103099,1.8753965953244571,-0.19676847918132137,0.09521733687965007,0,7.658024328603544,0
2026-01-01 22:24:00,57.43870191676173,131.17373454659963,1.7046483959785004,8.302802449723988,42.72318527464837,39.28587442316035,5.620088692171807,1,congestion,1.258441133580039,-1.2505121235777115,1.350066116204566,1.6325911921079397,1.4963234856178542,0.5263873581784676,1.7018017942573123,0,9.21612320352389,0
2026-01-01 22:25:00,61.97282741872283,120.16872749902365,1.7576257599339846,7.771987666832944,41.89528071911771,38.98603291621349,4.695274756318608,1,congestion,1.5794009109207532,-1.693325366340775,1.4028932984423759,1.2936648176374148,1.3132224192304771,0.3406820026033555,0.1971395353077609,0,7.820328350482913,0
2026-01-01 22:26:00,59.08735249747497,125.71636197314454,1.894414377081552,7.857530138644111,36.789618966920216,39.13247323726749,5.140453706132594,1,congestion,1.3027248390480042,-1.3873428188669052,1.6121487890703874,1.2973684376263264,0.45701179478829723,0.4038416068541682,0.9069862045598409,0,7.36742449081393,0
2026-01-01 22:27:00,59.49709969509596,124.76646046291492,1.799008584728405,8.537162881632261,39.26263409818751,38.0884665796227,4.557193395759967,1,congestion,1.2977744197020553,-1.3873679800394878,1.385402671979783,1.614784429489663,0.8387960438538681,-0.23590903362124008,-0.037909952027401946,0,6.797944530713499,0
2026-01-01 22:28:00,62.76777356166376,122.5263720843615,1.980447133543417,8.48708230200675,46.51120757276773,38.38470344811984,4.084769724242395,1,congestion,1.5196020080999653,-1.4398171004510167,1.6691932733844574,1.5350882437452271,1.9610022333117627,-0.06703580176261156,-0.796560819864829,0,8.98829948061987,0
2026-01-01 22:29:00,27.39519139987616,178.88406608183993,0.3486207309854761,3.703368889437889,29.070925144735405,40.86409712810122,5.471763742744752,0,none,-1.44890673437697,1.1324166403847866,-1.4779338672971378,-1.1041337926977275,-0.9398363015396556,1.4265755057371128,1.3838014382723227,0,8.913604280305712,0
2026-01-01 22:30:00,25.001767531089325,182.201424014411,0.3515097107244016,2.683323671421907,27.03675823981917,41.48648626065681,4.736465347988945,0,none,-1.6631864556532412,1.3312445503380643,-1.4711948024940569,-1.6514330919421067,-1.270285301043914,1.729003916330792,0.20575001899052947,0,9.322098136792706,0
2026-01-01 22:31:00,29.954692634007245,180.06630508453156,0.3853484444606555,3.509533223917935,30.513643082782338,39.53551615696293,5.393499200034173,0,none,-1.2718149539944477,1.236725093843208,-1.4110901360902852,-1.2274839262827766,-0.7305837997776609,0.5606790100617044,1.211481743452571,0,7.649858663502654,0
2026-01-01 22:32:00,29.774063662772,185.2145031665928,0.4670081755089278,3.064660618975608,29.35157775984199,38.165618428507,5.084253613556375,0,none,-1.3196987244964355,1.4688079526928182,-1.2783531322777992,-1.497504452059757,-0.9524147979719377,-0.25031600564022977,0.7192040903325017,0,7.486299155471479,0
2026-01-01 22:33:00,27.214356574930488,177.12382890688238,0.2959695249103894,3.317492461653873,32.53920771560467,39.00531202176512,5.4856043554337806,0,none,-1.5362617431144838,1.1158177505796956,-1.6139434492076452,-1.3805587856211732,-0.4199207434816451,0.23905920501316752,1.3818736127021243,0,7.687435289719935,0
2026-01-01 22:34:00,24.623972819759107,188.05154823681755,0.519652530250761,3.352351132748021,39.59761427397086,40.20337677682221,5.612311633899715,0,none,-1.7529706707857742,1.6506312679731694,-1.1986509373467864,-1.359083386193793,0.7982105769664508,0.9345683348537573,1.54359298488391,0,9.237708159003642,0
2026-01-01 22:35:00,26.560125261382023,179.67837433345105,0.2996689351705375,3.191836446825393,30.552132972081782,40.02682464223031,4.891994288424736,0,none,-1.5854182398280285,1.2614765436022566,-1.6312809202226832,-1.47687046421211,-0.8287064500850837,0.8085014865373781,0.2830010914396386,0,7.875255195927178,0
2026-01-01 22:36:00,26.14750181749885,188.79563431566933,0.2221212779271466,2.964838162899564,30.83868634163105,40.76767105736337,4.274718248772689,0,none,-1.6515540832473226,1.6986272391561408,-1.779289635811495,-1.6225486426232048,-0.8158805222067984,1.221069446760255,-0.7954025139787996,0,9.584372083784016,0
2026-01-01 22:37:00,31.203631033642296,188.59441360420968,0.3603941071676941,2.9233043176310938,26.46261202116244,41.52859079561056,5.593740461583873,0,none,-1.2298802424868513,1.70902082412587,-1.5175470065904644,-1.63759765098389,-1.6266284321587812,1.6052785929796312,1.446966868003848,0,10.772919617329336,0
2026-01-01 22:38:00,26.64853338499988,177.79646824827628,0.4230919841766761,3.663772335429425,32.43476759312485,39.69916653206533,5.128011288586816,0,none,-1.6445021025592739,1.2120619517719424,-1.4040895666621898,-1.2216055456019905,-0.5701717472435147,0.5292459718116719,0.650279635412586,0,7.231956521063169,0
2026-01-01 22:39:00,29.657322661908783,184.8220566834146,0.3124882748198525,3.0998445629585376,32.324074522244075,39.2772700677738,4.998322498919455,0,none,-1.386531098043077,1.5797166923971893,-1.634190126276068,-1.5475506450218004,-0.6280875149625129,0.2652241177359522,0.40405557292227534,0,7.445355767358875,0
2026-01-01 22:40:00,30.648922904967076,182.3949787696112,0.3864606617338674,3.543545119745024,36.0681443035489,40.96383279484608,4.26733764554802,0,none,-1.3389831379414479,1.4512417395887922,-1.4884109422584688,-1.2978717942334514,0.08716192935605929,1.210751043892371,-0.8920034938226281,0,7.766424081093218,0
2026-01-01 22:41:00,28.838148706217712,181.58241086417476,0.3328973468772558,3.193838132701356,34.49658313058067,41.14584023641148,4.100632601423753,0,none,-1.5074849725145323,1.4212661325249265,-1.601104895410681,-1.5101324097376954,-0.2545659538012296,1.3181505127983486,-1.1803019548860507,0,8.793006831673464,0
2026-01-01 22:42:00,28.931645723846536,184.28405568128568,0.3852053073020759,3.727402859308999,30.65723386867594,39.63630609677524,5.564349769008092,0,none,-1.4585582825349304,1.5221628708620827,-1.4561005032418621,-1.1741611367008828,-1.0204159406212912,0.38478177408450487,1.3948527043127223,0,8.411033212358277,0
2026-01-01 22:43:00,30.884629926247047,180.88380134998292,0.430512299299115,3.2301566310348955,28.088020366840915,38.478309443555325,5.011308959399202,0,none,-1.2534658932264775,1.3187946659698058,-1.3386783213133875,-1.4174622279330056,-1.5051433645173578,-0.3265691804714136,0.42204379458919566,0,7.582157448020643,0
2026-01-01 22:44:00,29.97553847126657,174.05216321202494,0.3566869580788416,3.3487922343894496,29.10139788344627,40.20064045100217,4.369521041608113,0,none,-1.310374046362345,0.9717799740269707,-1.4414208219580684,-1.3183741537213052,-1.3286953076342434,0.7546447041462644,-0.7014368477399069,0,7.826725855589104,0
2026-01-01 22:45:00,25.38362221383792,176.61794616968953,0.445442219355977,3.5738422165389125,33.93257837270586,43.59197068616471,4.710065769514332,0,none,-1.6489617721134744,1.072728152335656,-1.234520034540983,-1.17127870079859,-0.3571076097950096,2.660547815628527,-0.11566388105037233,0,8.260807966262611,0
2026-01-01 22:46:00,30.54928493781182,180.0675573255137,0.3674050678765366,3.2815210665664067,33.75934865850154,40.95797257785486,5.256491735123664,0,none,-1.1755255807219347,1.224091543403212,-1.3453817763466875,-1.31244660584339,-0.40757882408972584,1.0895476954093632,0.819871224139723,0,7.374443249954036,0
2026-01-01 22:47:00,24.142741036830763,185.5706854315654,0.4323916542151149,3.4588772632417597,30.12295445365493,39.50838385186883,4.6909929403437225,0,none,-1.65727652591037,1.439770865697197,-1.1945824199796975,-1.1887755578440837,-1.1143748024310183,0.23597192190562916,-0.19250877384357304,0,7.023260867611569,0
2026-01-01 22:48:00,27.23009371419768,174.88156867504983,0.3971978550598247,3.576335993622965,31.71428128060161,40.607625251918535,5.152671595350713,0,none,-1.3589219570742974,0.9249913494067337,-1.2293099352926709,-1.0985497315932624,-0.8114308964595022,0.8484262399346927,0.6089808990490354,0,6.8806110088101935,0
2026-01-01 22:49:00,30.21873912070633,183.59906159944123,0.2312378868524459,3.513315539656744,29.38082652720538,38.3156376098507,4.102494822730167,0,none,-1.0879658580775686,1.293996983448589,-1.4851215780636429,-1.1134268301866737,-1.2655255939826915,-0.486135135180457,-1.250069957266306,0,7.982241936205929,0
2026-01-01 22:50:00,24.979447517758608,186.23662465591275,0.2290720652551902,3.4357265252444544,30.024867971826357,39.73867173517354,4.45888932890275,0,none,-1.4615102068209451,1.366220728870514,-1.4389833447928524,-1.1205880962461785,-1.1271634398600574,0.3659913214791499,-0.6098537007504087,0,7.490310838820107,0
2026-01-01 22:51:00,30.78579243194981,172.2658414160977,0.3429545184367733,3.592431108728868,37.69372665057228,41.10413594421183,4.619217498085412,0,none,-0.9744950718033788,0.7217186096591757,-1.2057098496170868,-1.010659012799186,0.42091112337000586,1.1488415538180685,-0.3093412907818418,0,5.7916765118487445,0
2026-01-01 22:52:00,33.12368500754648,173.05586333730668,0.1890126217121227,2.9921787006559404,30.99877737510788,40.61483642966283,4.714082313366611,0,none,-0.7697259335617104,0.739423320946689,-1.4260048749210361,-1.291370911370828,-0.9313199261976841,0.8450619543046787,-0.15956411465477227,0,6.162471035957399,0
2026-01-01 22:53:00,28.39282960823979,183.6635079523447,0.3575630396779873,2.9226125145284514,36.60984453052739,40.13085220720496,5.069996224404703,0,none,-1.1081903797739956,1.1826034700244656,-1.1041875270285344,-1.2891389521540586,0.1899289238193311,0.5525695566019535,0.5072480194864264,0,5.933866828888765,0
2026-01-01 22:54:00,25.22214995579704,179.73536532818105,0.3297705833078553,3.1811189024356805,30.95375439074533,37.74705115276637,4.395729688765047,0,none,-1.3119032038544913,0.9855119740535774,-1.1176039162523588,-1.1259755369175584,-0.960640531619431,-0.8506625654032648,-0.7033600742813728,0,7.055657802382054,0
2026-01-01 22:55:00,32.173232160264426,168.02173253064433,0.4422688143962136,3.4063022196823067,32.20071971056609,38.71694160685488,5.895219989987249,0,none,-0.7590342955184498,0.4662916112847036,-0.9033714618459184,-0.9850586368287357,-0.6937866943689005,-0.2706105322457108,2.0162134949117094,0,6.094366727004129,0
2026-01-01 22:56:00,27.026065392436184,187.15730027036636,0.4345521279358834,4.0900826933625005,34.38575590229657,41.63450133613373,5.686582516937111,0,none,-1.1152053431034044,1.2573627068981315,-0.8871564765414418,-0.6262248142205592,-0.23807755462563027,1.3991294640456653,1.5687818211016207,0,7.091938180536453,0
2026-01-01 22:57:00,26.45553007131667,180.3274183824944,0.2724581111021574,3.7207373134996016,27.672352238539133,38.8759610086269,4.823577374955592,0,none,-1.1234310456994134,0.9373100728372439,-1.1204400872013112,-0.7912459091437816,-1.5355308369518132,-0.1805824018278925,0.03174420122669986,0,5.720284554888155,0
2026-01-01 22:58:00,26.74535890855335,169.04380007378737,0.2862906828497839,3.220705296173643,38.634931422701975,39.176842912910494,5.191391938589288,0,none,-1.0679791978104969,0.4423132246426568,-1.064860051499309,-1.0114300163755583,0.6524440662251543,-0.058163159015189834,0.6992567762208296,0,4.996446491789195,0
2026-01-01 22:59:00,27.96013691382104,173.44870524123684,0.2650700333882786,3.91601752028873,32.90793435415978,41.76649791384688,5.19726882955474,0,none,-0.9472514934186568,0.6144753719892749,-1.0647538368219556,-0.6503138278366848,-0.4757012373716495,1.5142215708507472,0.6914852532359896,0,5.958202591524958,0
2026-01-01 23:00:00,27.730299209493435,177.8252904461245,0.3139450367488711,4.101232385466553,31.641096599099733,39.09072341883764,5.626803145869535,0,none,-0.9342838143066895,0.7780443759017305,-0.955745897835615,-0.5435266148532655,-0.7158637793480839,-0.15696002818247295,1.4507924863523127,0,5.5352169967801705,0
2026-01-01 23:01:00,32.94966098035439,176.44703626017113,0.2814862190892066,3.447263663282452,31.01844536235325,41.27017640113471,5.771148922258364,0,none,-0.533826532499326,0.6984447540931918,-0.9771200812063465,-0.8408585125791833,-0.8314658411704386,1.1688279861939612,1.6483401884085909,0,6.698883896151039,0
2026-01-01 23:02:00,27.29066888956141,180.3486468700572,0.4195966738206962,2.931184099919232,36.213517562811695,41.35669931309187,5.82829635801821,0,none,-0.9186869011193426,0.8360043272124238,-0.7326415799028326,-1.0587717966712775,0.17988452806370725,1.1956652770672733,1.6880914757332208,0,6.609745885770078,0
2026-01-01 23:03:00,25.838410038855866,176.4318076480463,0.357951874732293,3.8675734904829056,38.66753428077617,39.92368198429329,4.793546472991405,0,none,-0.9914742737587124,0.6496329719182924,-0.8062130547696928,-0.5831590755040115,0.6887744948253437,0.28347435206587507,-0.21665823241369478,0,4.2193864552556235,0
2026-01-01 23:04:00,26.07735357935161,176.39966490957397,0.4127980333439232,3.043614807305465,34.11769794056299,39.00849607790096,4.758950976442728,0,none,-0.9423404601878603,0.6293230531723054,-0.6962706659248679,-0.9518460807942836,-0.23118962017026767,-0.2862176845006891,-0.3036196509839698,0,4.040807215734244,0
2026-01-01 23:05:00,28.39173497159953,174.49488557456928,0.3870765595211794,3.2631499486700686,33.21198495681163,43.35412085065749,6.242099270730275,0,none,-0.7480453637056267,0.5298748662134644,-0.7142492027379247,-0.8168177320495921,-0.4014888167306277,2.3367873051194756,2.3427319760873484,0,7.889995262644059,0
2026-01-01 23:06:00,32.681261113380266,174.86241029649915,0.4497926594760359,3.2604633164772263,32.33620730302111,39.85543668243484,5.654658055813923,0,none,-0.4133746552338089,0.5236660920858944,-0.5922010490419505,-0.7928892330486318,-0.5558484098780683,0.1625462069060838,1.2322004692564863,0,4.272726115450924,0
2026-01-01 23:07:00,26.614671344263503,178.0114173707223,0.4632460361445549,4.163620269728321,32.65274139258742,42.15829354907758,5.035583545094329,0,none,-0.8320340809012645,0.6364240235606986,-0.5482531302661168,-0.3368822331238794,-0.46740009890686884,1.5608779518605838,0.10763325735777114,0,4.489504775977184,0
2026-01-01 23:08:00,29.03992982763228,173.1630268651072,0.3039588501632013,3.34334483831734,35.8116353592373,40.20422827744999,5.917921175364999,0,none,-0.6293663097211126,0.40904249779390994,-0.7756740867828895,-0.7115195353030268,0.18221496187951203,0.29685164701986955,1.6523594739039478,0,4.657028512404269,0
2026-01-01 23:09:00,30.949043949679638,180.5664452203696,0.261449345618952,2.787006522733497,36.09681121813056,41.70738812086698,5.1919275459154965,0,none,-0.46535985719611384,0.7008276108476945,-0.8153604505988213,-0.9515203878632182,0.24234762090241788,1.2274985144339596,0.3120750139874065,0,4.714989455829633,0
2026-01-01 23:10:00,28.936014237148832,176.6324632822172,0.3378287290510967,4.138938921651261,29.788764869028437,40.54143211601095,5.57088573067923,0,none,-0.5919975762013835,0.5087138810426052,-0.6672545395836538,-0.26775713697632253,-1.023054600000538,0.478330074794755,1.0010215186028866,0,4.538129327202145,0
2026-01-01 23:11:00,29.07444550757504,165.83602179987992,0.5030527324479462,2.9581236818673773,29.039134146375844,40.439980311825806,5.4959664552555765,0,none,-0.5579542142230917,0.027845029836543148,-0.3763477785958909,-0.8245049053168805,-1.1391329724400883,0.40262013986791917,0.8349141824835942,0,4.163319222764008,0
2026-01-01 23:12:00,28.88038220171389,178.68036432431668,0.3868287918081502,3.563588191701595,39.83116295247813,42.10440499693491,5.4899382820374605,0,none,-0.5486379761409911,0.563692497358111,-0.5419080488282876,-0.49921046454808016,1.0815048089439736,1.4324061157023724,0.8144469174828268,0,5.4818068290046424,0
2026-01-01 23:13:00,30.41386475334932,179.56937957537917,0.3639062942163051,3.424042681318375,31.397891313350748,40.44572880871183,6.090009944868261,0,none,-0.40742040484208997,0.5773474944029194,-0.5566657703128817,-0.544727510129933,-0.6278170052700206,0.3432327151666613,1.8249034201580037,0,4.8821143202825095,0
2026-01-01 23:14:00,28.27720493766485,188.07024715819992,0.4703475052105149,3.423832178849276,32.98390991143236,42.05426792807855,5.436207781828356,0,none,-0.5481087702738157,0.9229426489316479,-0.35352522338625275,-0.519784112212678,-0.2908584711172511,1.4252965930551622,0.6422211756043356,0,4.702736994581143,0
2026-01-01 23:15:00,32.70770789127704,178.0814034925008,0.2659842634637558,3.33187630040509,33.72227477843363,41.82497167567819,4.81745966004999,0,none,-0.1723764472800953,0.45481682940478674,-0.6775184489013872,-0.5421355151909861,-0.12043621812374318,1.220346528681946,-0.47203755760957533,0,3.65966754519252,0
2026-01-01 23:16:00,26.31895579316491,173.3188051147894,0.5037830062929078,3.463779270644272,38.240377133353554,39.91577286561545,6.150507034150829,0,none,-0.6628752989388643,0.2120665691724805,-0.23687117896373994,-0.44631760937507453,0.812627790869978,-0.16271421595273833,1.8414850504421354,0,4.374957713715011,0
2026-01-01 23:17:00,31.82914984145649,168.28467825154283,0.2790229619677274,3.680327432024456,30.73492746933492,40.160960937901216,5.488567908549512,0,none,-0.17905546591024013,-0.05713967158841669,-0.6122732213977015,-0.30219023147734786,-0.7270535882781854,0.0071685149421629075,0.6841553420326343,0,2.569036035626689,0
2026-01-01 23:18:00,32.13059504870473,173.35995625737834,0.3972489505540497,4.244575505194729,32.903214535996085,42.621778912313,5.343942008199904,0,none,-0.12271704046956768,0.16244567124277354,-0.369103647291359,0.038944382155930386,-0.25984350483071716,1.8011115916747544,0.4258391037261513,0,3.1800049413912532,0
2026-01-01 23:19:00,30.13645282479177,178.0487994291078,0.391145475480595,4.464219274382609,34.16298722596358,41.54955680108478,5.846448961662954,0,none,-0.2679225833870961,0.36451315849758903,-0.3528458775500037,0.20382687300198157,0.04144199852399494,0.9839901434510288,1.25932515212416,0,3.473865786535854,0
2026-01-01 23:20:00,29.49629257557913,180.02274719485828,0.2998119907926334,3.2541999397996686,32.32738210640631,41.95011771848585,5.516261606628757,0,none,-0.2987766955040499,0.43875691000313666,-0.5072886871273974,-0.48711187718792026,-0.33358123629193304,1.24476984656341,0.6997367425787833,0,4.010021995256631,0
2026-01-01 23:21:00,32.645955561429474,170.18860698797891,0.3999279631420071,3.698206594633013,27.212536775075083,40.13417268789607,5.917103164591805,0,none,0.03876075435688215,-0.11862096650080717,-0.27033416809062233,-0.18583447992262286,-1.4558171019893644,-0.09198407007842982,1.371896400504548,0,3.5332479414432765,0
2026-01-01 23:22:00,28.309651294075827,168.30737207219937,0.322874080038039,3.608291165935363,35.25685523048052,41.45097347654438,5.409672167091843,0,none,-0.36216450941132045,-0.28293889410043555,-0.4103580991146579,-0.20828685409795794,0.4000856040974113,0.8445611742220411,0.4399137463854718,0,2.948308881429296,0
2026-01-01 23:23:00,29.830575478175486,177.50863356907587,0.4084197831986388,3.392734574887197,35.43047579993112,41.843905207362965,5.087900986179414,0,none,-0.1678032159533132,0.2238661848510725,-0.1807676877416897,-0.3226849158536,0.5038833366252905,1.103638303984551,-0.16037357351568893,0,2.663017218525206,0
2026-01-01 23:24:00,28.596330322991378,167.2288804842666,0.48750282765585,3.2348914156074224,31.601049783081923,44.63437325523954,4.903637893597502,0,none,-0.2707552453352682,-0.4910792891702834,0.06291190375538207,-0.4149778694217365,-0.40470407453019336,2.9085930403825166,-0.4777710319611116,0,5.030792454556492,0
2026-01-01 23:25:00,30.94079766442547,167.8452162725639,0.3314643554484036,3.68396684983008,37.68110175614639,44.14610276176843,5.339245694272338,0,none,0.07976065238090845,-0.571411905216891,-0.3137233025585895,-0.00026075041760258296,1.2066620009623246,2.4023089353347364,0.30501384987772856,0,4.879141396748781,0
2026-01-01 23:26:00,28.640527650041847,176.4152860992369,0.5405784613885647,3.986064046107863,36.87905751920088,42.34307455193069,5.69818963369372,0,none,-0.1913632140654195,0.019831778180982113,0.43009546407105287,0.3702735549079761,0.994024335825887,1.1584870634254154,0.9441146850602379,0,4.108190095536971,0
2026-01-01 23:27:00,29.228751555498345,175.3632264282237,0.4191371284858696,3.8408222821790248,35.69095029552823,40.60048805657159,4.649063209651528,0,none,-0.023002808417478513,-0.18187148510321108,0.1127645665491311,0.3987728643155793,0.7093099709676158,-0.02861428837858434,-0.9863642603078951,0,2.4407002440394954,0
2026-01-01 23:28:00,31.91835269563396,174.589748360901,0.4764878039872702,3.46030810233777,31.913899751714347,38.81432731512454,5.023199971200171,0,none,1.3141881653159777,-0.5742557927119766,1.3390587904266864,0.006961691308224648,-0.27434859965044195,-1.259393620305107,-0.3385344838823179,0,5.106741143600733,0
2026-01-01 23:29:00,30.58502554179499,174.8737992497991,0.4580711070707687,3.8982228042982583,37.44114647516547,39.93662518713066,5.502210766827228,0,none,0.723483186325445,-0.5123567010749265,1.0767002808871133,1.1515068269705646,1.3655815036447758,-0.47781064537847445,0.5736351916870343,0,5.881074335968333,0
2026-01-01 23:30:00,31.180067139054582,161.86641891561752,0.3941481085494981,3.0289379673524826,32.74578131515834,42.41774122024388,5.73518238023735,0,none,0.9477216657106654,-2.5605865376417656,0.27947500639313055,-1.1822833348302235,-0.09401297014414953,1.199484450753731,0.9843469028505567,0,7.2479108683242215,0
2026-01-01 23:31:00,33.961880933793765,172.21371958226413,0.4824847507878212,2.961380455399534,35.75834009563347,42.20920521304791,5.500037742910879,0,none,2.045115747712218,-0.8399386518555991,1.328487327848601,-1.319945402841696,0.8211082602479691,1.0235076336067435,0.5327302525616995,0,7.910833276674525,0
2026-01-01 23:32:00,26.85985575896853,171.44454350220838,0.5007882323169972,3.366080775706761,34.461063353339,39.082313573314224,5.56790624176112,0,none,-0.887271459831123,-0.9342452699957321,1.5297416316780512,-0.2590140343327414,0.3928879441008582,-1.11593830820038,0.6444159927000864,0,5.763514640838972,0
2026-01-01 23:33:00,29.729251767765167,174.9574276822385,0.3673803185632942,3.776306930035575,35.368516117605424,42.797427310093305,5.1175902264838165,0,none,0.28442365249109414,-0.3511278383066215,-0.0906457717871695,0.8178627865182017,0.6627040036333056,1.3818320934639192,-0.19733253040778073,0,3.785928676608092,0
2026-01-01 23:34:00,30.97008010822311,167.73449110643315,0.5051362470564533,4.227170043619609,36.861112260898125,42.06481199293543,5.411799186260607,0,none,0.7752063095617439,-1.4937340107690695,1.590448390091102,1.9211479854193945,1.1748259632432414,0.856312531054942,0.368607089150734,0,8.180282279290228,0
2026-01-01 23:35:00,33.80182774399324,172.39413556187174,0.4807764676454128,3.830671706050768,36.002585324264835,42.462258569776296,6.891581145276175,0,none,1.8899642365402005,-0.7008517444784431,1.2488362220597875,0.8661761838425167,0.8683846235797785,1.0899472201252203,2.897976427352217,0,9.562136657978165,0
2026-01-01 23:36:00,28.891832535999583,171.79370977947136,0.4526466529711175,2.951881008736004,39.34101607471948,42.88325849631046,5.338450971137889,0,none,-0.1800586603049499,-0.7767539678414762,0.8833283705078301,-1.402895760251896,1.8529156073850421,1.3291336886252205,0.12544588108819174,0,6.550531936004607,0
2026-01-01 23:37:00,30.861176927322493,160.89956498612804,0.5527999169155613,4.435348149006755,34.042733486819515,42.8339056761187,6.294049643320194,0,none,0.6571607819923819,-2.506884359926121,2.013520156855149,2.2958949187755,0.15233475076840422,1.2661514866595391,1.7915282639841068,0,10.683474718961202,0
2026-01-01 23:38:00,32.23128702607251,160.7254403849776,0.3712619566739434,4.230972563215241,37.3946523599085,42.21432540541167,6.32661336333271,0,none,1.1970466557218955,-2.367261942278025,-0.15062839560770142,1.7159931226023797,1.2125257733403108,0.8322279000765226,1.7655042529798435,0,9.241188042606678,0
2026-01-01 23:39:00,29.057464215816346,176.08281528259417,0.4602007267048107,3.6428196270915714,34.04797542509233,41.03013527225868,5.060476451212496,0,none,-0.14273077477257595,0.100456416252653,0.8863681876359337,0.2565708378318804,0.11626957916963321,0.03812516336700038,-0.41606045649806034,0,1.9565814155277368,0
2026-01-01 23:40:00,30.37615700589738,174.952318783512,0.3647376766287085,3.447840677643017,35.9229823756047,41.00826771627998,7.448305413708235,0,none,0.41796786458785945,-0.0633500825743709,-0.2538269208713404,-0.22098577892712876,0.727473587031043,0.023168038157453524,3.33489061439523,1,5.041662886544426,0
2026-01-01 23:41:00,31.332794817552077,175.73941204405665,0.4103731318456741,3.612995336835588,34.25254367290903,41.98835752128981,6.702942131999128,0,none,0.801702174214335,0.08231840325268168,0.2783845538542964,0.17053769183100462,0.18509728526108093,0.6598645476896216,2.072524919492419,0,4.250429575595439,0
2026-01-01 23:42:00,30.32802648393841,174.3891270764935,0.5657912575035892,3.4011264395051497,38.7443940622378,41.98101963947586,5.847313112636207,0,none,0.36791201359664705,-0.11591881466643528,2.033457953555696,-0.3424485076345993,1.5821441819273305,0.6314329710582206,0.7031359559821919,0,5.776450398421121,0
2026-01-01 23:43:00,32.596573358165884,170.78236621681845,0.3427225330054759,3.838121129012325,39.352296103799695,42.34089110707509,5.671053919450977,0,none,1.296648984846802,-0.6985191127487818,-0.5328467465661998,0.7190369746332166,1.7236581923102863,0.8426931074348296,0.40751406478654345,0,6.220917183326659,0
2026-01-01 23:44:00,33.281381828417075,175.31542736889725,0.4567585267676604,3.8290655725200735,33.14914998576743,41.52267540057135,6.83689103584272,0,none,1.5277958175201065,0.06537484081543253,0.7648707131482841,0.675384892492023,-0.30463391062486067,0.2769791788662322,2.1532724209941514,0,5.7683117744610914,0
2026-01-01 23:45:00,30.750920010649317,169.65005795249368,0.5006495542901265,3.788477386842904,37.85131863574772,42.38349402839196,5.20215787358674,0,none,0.46929712609992225,-0.8691510878254285,1.247656215576256,0.5641881287424942,1.2071340206043297,0.8880668855578938,-0.41135199124089944,0,5.6568454556472245,0
2026-01-01 23:46:00,32.95370702708158,171.58866094184185,0.5353354327834781,3.877927191880237,33.685702654489305,43.38919782085532,6.014237003846946,0,none,1.3529871694762008,-0.5213327868402124,1.5776910037439462,0.7603843004710903,-0.1471331263402172,1.5209367864631158,0.843002758287044,0,6.723467931621827,0
2026-01-01 23:47:00,32.59098200949228,168.1332210433616,0.4984340572816059,3.8080618581977657,39.25914082308491,42.19939551072412,4.85398394109656,0,none,1.1858128291112402,-1.0778519132821638,1.1418245479986737,0.5719139244718872,1.6032869550471667,0.6929279089746117,-0.9832997972101326,0,7.2569178760958755,0
2026-01-01 23:48:00,31.74613319578336,161.58429918548657,0.3863884487977093,4.0272070633362445,33.143530685801124,44.96217328299879,7.051173523902549,0,none,0.7976270429882906,-2.0865277112206373,-0.09598011940358443,1.0831870327362296,-0.3795621760148267,2.3935455266780816,2.3154810006988096,0,9.15191060974046,0
2026-01-01 23:49:00,30.338177484922294,163.83188458336724,0.4506425570176187,4.306481980418284,37.50430785877957,43.239155425046846,6.43508371797347,0,none,0.1936376709535805,-1.654680642778676,0.5897075023323972,1.6904589019329,1.0041052963217822,1.2520263595685641,1.3633553254271207,0,7.74797169931502,0
2026-01-01 23:50:00,35.102293078075206,171.18493806525663,0.6252594929922457,4.152223766463327,44.435632752815785,42.53205665510945,5.280664146178952,0,none,2.157047372579154,-0.4108955265532951,2.4452234703451876,1.2776903926159906,2.9998474047193677,0.7605260547312854,-0.44467527219700875,0,10.495905493741288,0
2026-01-01 23:51:00,29.729063860762565,176.43311442661135,0.4470288352039174,3.915793545253642,37.97662582616143,43.12273848962742,5.429878996180367,0,none,-0.13175834042332205,0.4770826628439426,0.4454837413390895,0.7058293906265346,1.0088166908222345,1.116138104792258,-0.23533247395735987,0,4.120441404804741,0
2026-01-01 23:52:00,32.478088576627016,168.8342110156267,0.3095915366956961,4.714306663803253,34.27174323146574,43.005448627019526,5.184399171463515,0,none,1.0543064140085263,-0.8083806415838817,-1.1562461455362973,2.4232684604830914,-0.1483525595851607,1.0070291545497332,-0.6504734303486522,0,7.248056806095343,0
2026-01-01 23:53:00,33.71645715447613,171.80445643072628,0.4195994099069809,3.2597447454082014,38.09450420124998,39.56789785580794,5.494172081270332,0,none,1.5238754507616032,-0.2755209201840355,0.1107324389898519,-0.8946814165003077,1.0255869097492416,-1.2085472694927704,-0.15904618680649715,0,5.197990592484308,0
2026-01-01 23:54:00,27.04305867617771,167.5989756051145,0.5160403181348707,3.627307591435144,39.82312492487432,42.67402223940372,5.640499157494673,0,none,-1.342767920619931,-0.9776168312237288,1.193123599484591,-0.0671020550490052,1.502212599252012,0.7752183735117855,0.0480226904539369,0,5.906064069594991,0
2026-01-01 23:55:00,30.813469025032425,162.06416816044924,0.3837388482882235,4.298046477015548,37.23744922774946,40.70857220952709,5.928127424612487,0,none,0.30069151397726746,-1.8833694985924025,-0.33057922027865666,1.4346482073312952,0.6853670396725783,-0.5905643659855933,0.5337406078690806,0,5.758960453706874,0
2026-01-01 23:56:00,28.42365894907961,169.13894872215357,0.3892972904647652,4.110293892085308,38.6888667804087,40.99680110229589,5.827132207784999,0,none,-0.7581608347750103,-0.6535635820399387,-0.25733627929092223,1.0035002595048272,1.0978146488416716,-0.3824600619107471,0.358543022378166,0,4.511378688741283,0
2026-01-01 23:57:00,31.843367496566483,170.97212210181405,0.4822248064415616,4.001216712916913,42.11017404356626,41.57337844220098,7.181815055415131,0,none,0.7209541234064054,-0.3009879382974984,0.7940833338805211,0.7399839836304669,2.079108662707119,-0.013995955872925962,2.4798767304799347,0,7.1289907282748715,0
2026-01-01 23:58:00,33.559430139859224,168.98983141654253,0.4263328224340223,4.123131086220592,32.70742374783817,44.17499084754849,6.392104054704953,0,none,1.44439808907634,-0.6621670082306592,0.10875757495384587,0.9841202365019858,-0.7717751849103331,1.7844221983149071,1.1574093372832213,0,6.913049629271293,0
2026-01-01 23:59:00,30.965833604316344,167.67907644121345,0.4109000399420708,4.438005949243975,38.24947204315283,41.90117233662181,6.548351053948822,0,none,0.25723331638544733,-0.8778739465137564,-0.10968281516721055,1.6455795240389883,0.9013404479755491,0.15899511816713569,1.3579945784462786,0,5.308699746694366,0
