timestamp,latency_ms,throughput_mbps,packet_loss_pct,jitter_ms,cpu_pct,mem_pct,io_ms,is_event,event_type
2026-01-01 00:00:00,27.6292979590749,178.30254568357887,0.1524909134184178,1.5026366448312936,35.674069733887244,44.76022298571158,6.603989603040776,0,none
2026-01-01 00:01:00,33.928564907734355,163.22773979448596,0.5201601043151274,2.8868251670739893,36.79588480386871,36.34199808112498,6.524460279597058,0,none
2026-01-01 00:02:00,30.91600642218569,177.47474405076306,0.26951101305139313,4.0561811186008745,30.68352339406931,44.20168399659492,3.5320110862163405,0,none
2026-01-01 00:03:00,24.269069165358975,172.68637768622074,0.5983988432725669,3.978779553277591,38.53678203291657,44.7432600441489,6.63144413558592,0,none
2026-01-01 00:04:00,14.797471170698849,175.79826084759193,0.38293884208106266,3.5268543020563055,36.033121076986376,39.56196771710965,0.0,0,none
2026-01-01 00:05:00,35.252195190347344,151.6881452734073,0.4804227025544102,2.1463276698423677,32.37607519458133,45.475210520370624,4.3075291535658735,0,none
2026-01-01 00:06:00,36.589594209679404,159.04371733923693,0.24916020890572363,3.0202604724629674,39.55580793829839,43.60035721364014,2.492125830422602,0,none
2026-01-01 00:07:00,20.79717204334149,167.5170547486013,0.3305219835992337,3.0386392466835415,36.99735699126233,39.76705528090672,1.0603782182112118,0,none
2026-01-01 00:08:00,39.77199020640741,168.14767481183424,0.17601162716141416,4.281468651717404,33.197209893794465,37.81163598318197,3.5321779204633987,0,none
2026-01-01 00:09:00,27.41138607895027,174.5603527509606,0.36337423164485616,4.633707186220967,29.310685389161144,41.99136233691713,7.4841387648169935,0,none
2026-01-01 00:10:00,45.83292568564961,159.37661317479362,0.46271614512937337,2.0942341012155588,41.27277320634165,43.30902239714808,0.0,0,none
2026-01-01 00:11:00,33.71066010625197,168.21927416479974,0.3060278922443045,3.9157136783374287,30.856736577759747,39.5068108325828,5.560284746943827,0,none
2026-01-01 00:12:00,28.138909763383325,172.98310654786766,0.6157402958662206,0.0,40.04588881022257,44.142225501241676,3.160587857592313,0,none
2026-01-01 00:13:00,37.635086903896095,175.61933884956014,0.398327713433642,2.1438429084508193,44.14234529236804,36.89873230316091,7.62413478056039,0,none
2026-01-01 00:14:00,30.929875744790685,174.3615567672808,0.28632169737135393,6.085713262805163,39.879542134388934,46.296416613353635,1.7128223277613301,0,none
2026-01-01 00:15:00,31.09244660279788,152.04151494926018,0.16818287806470583,3.808966887151867,37.71901070172839,41.10168014419272,5.790720669012556,0,none
2026-01-01 00:16:00,30.82872159509359,180.27665649445387,0.302330985874336,5.0850921351453735,32.60367275123193,41.05098939104974,6.631053205831516,0,none
2026-01-01 00:17:00,29.495587176090815,163.91778005499768,0.5580702213880385,4.163329607513119,38.7917221012015,40.81750248597362,1.9610999787340502,0,none
2026-01-01 00:18:00,34.28609075560561,175.82462420612003,0.21246405843948307,5.275221061373256,39.36140468663315,44.72486581065575,7.1001852767704,0,none
2026-01-01 00:19:00,35.39903261445897,161.68124741749213,0.33997738561906843,5.026092009486453,39.675523556417325,42.66470471314056,7.116273015357587,0,none
2026-01-01 00:20:00,32.71829843817973,155.4550511499099,0.5398569283327587,2.689744178300848,34.91190266543839,47.54945987707144,6.113123662617392,0,none
2026-01-01 00:21:00,41.51931211615268,177.17531330283958,0.5088823076259134,4.696939776411431,35.01247700461679,42.183454742546154,5.642062041341009,0,none
2026-01-01 00:22:00,22.559217080830543,166.2221813039036,0.4061619307088137,3.1409952205278078,40.14574521753906,42.16222606001764,9.321060611805848,0,none
2026-01-01 00:23:00,27.97055897480295,162.285731679796,0.28263270010144237,4.664655928371019,35.87115904708261,42.864421509547185,3.840396080253795,0,none
2026-01-01 00:24:00,35.754528858710046,154.04592641092384,0.46611093478100624,4.607779429252302,35.78104962132096,43.62099338915944,4.0006868337161,0,none
2026-01-01 00:25:00,23.802247053146907,162.16438776562381,0.30713908609798063,2.535771129189384,37.98659065210458,44.39843978521082,8.41917131592481,0,none
2026-01-01 00:26:00,40.30197812959548,171.08386873316778,0.36642235876032303,2.5649822029643046,43.66351514435597,43.03316367026089,8.959665945824625,0,none
2026-01-01 00:27:00,35.24544803543468,159.00144058113727,0.4282977993792323,5.256977595218784,43.50461225581311,38.84245938229446,4.895421364293782,0,none
2026-01-01 00:28:00,29.93732720539078,168.76923694116542,0.23255814874129685,3.69445931146403,42.05727291726482,45.737639822822864,2.8672018277161815,0,none
2026-01-01 00:29:00,34.28268426771981,155.7290756876053,0.5569489571284177,6.097416901443336,45.24774778222433,48.10089243283335,7.141333335110598,0,none
2026-01-01 00:30:00,27.61189964384107,165.38564877996544,0.6159494197589026,4.3087809050575,43.4948831542937,40.69500595486867,1.98214537905125,0,none
2026-01-01 00:31:00,22.29451701569034,181.48794589077508,0.21273358763888622,4.5319111288738805,36.94516178491979,42.05260137218969,6.686495953903429,0,none
2026-01-01 00:32:00,36.383149472624694,162.6224865941843,0.3031009888113744,2.7677217633647144,46.11773726552017,43.69725322077207,0.0,0,none
2026-01-01 00:33:00,36.952251699128965,169.13664407264977,0.25540095133379576,4.652927149822349,41.01455872266279,42.66957583116079,4.4270012069705285,0,none
2026-01-01 00:34:00,32.034266244733914,157.39115427068123,0.4801629350109591,5.565476372265264,34.63078605324365,45.238988778633896,0.40785348006829025,0,none
2026-01-01 00:35:00,31.269802225812555,155.26896809987946,0.4573389754464592,6.361829028097699,36.650313888803474,43.17353751635267,4.610083077073902,0,none
2026-01-01 00:36:00,18.692563533955116,164.89212782820948,0.3214197434829496,6.239083376009917,39.592164995296784,46.38109691820586,1.8459339052818278,0,none
2026-01-01 00:37:00,26.502837260818172,166.11982290130044,0.6193055545955215,4.0636789648737155,38.76178637623898,40.84165018901296,3.80364816045501,0,none
2026-01-01 00:38:00,28.770045213564586,155.43813660952344,0.6902400408837194,3.2091514948705204,38.034513602184106,45.89659152402122,7.14667104640096,0,none
2026-01-01 00:39:00,33.01913234270844,145.13683559791676,0.2620372574735954,5.319883968542369,35.88604223953314,42.361903226456896,4.998083786624811,0,none
2026-01-01 00:40:00,39.980813576606465,154.7844389396725,0.4667160278311496,2.732089707720564,32.865192276328216,44.964207670346504,6.458379440059482,0,none
2026-01-01 00:41:00,28.60653179837825,173.78244741309857,0.6729203195460363,4.86079207991471,47.292522037964886,46.361237231953154,5.349780752774357,0,none
2026-01-01 00:42:00,27.097031236914468,159.4898690602901,0.4576488648068129,1.853917060003825,41.99087950233442,38.932145689926244,5.862542433831394,0,none
2026-01-01 00:43:00,37.56520799343003,163.71689872844897,0.2429734012661841,3.8850625005361783,34.997963528307054,43.36468974477133,5.715806934564028,0,none
2026-01-01 00:44:00,31.12469417406853,169.5282767035321,0.3626520685936529,4.230603165661562,42.848045789187736,48.367182121394166,5.915011890463551,0,none
2026-01-01 00:45:00,23.72695208526077,159.34224324911537,0.3966558093410051,3.021711139805695,46.93539746755912,40.6302683529317,9.401774206987948,0,none
2026-01-01 00:46:00,39.30298305583123,165.49123231425153,0.2974010811104667,3.3570975699342647,45.55733759693645,41.504045531154866,3.9385643583585592,0,none
2026-01-01 00:47:00,26.900513259572246,156.88409165997587,0.6135968326676264,0.6852532684198156,34.332985924008746,46.385126924349336,8.587051638587269,0,none
2026-01-01 00:48:00,28.730070876520966,156.39546447917573,0.5906317781796497,3.9372043735175524,34.032412273189095,44.80556777141315,6.629723283230322,0,none
2026-01-01 00:49:00,25.951101505579803,162.98646280265828,0.49936522483624246,3.227686524025521,36.09120070419902,39.37083329607157,4.006967765977207,0,none
2026-01-01 00:50:00,34.358120908707576,157.94584972213553,0.534013837819757,5.09851012012354,39.94571520218081,43.23654453350745,4.706021860428408,0,none
2026-01-01 00:51:00,38.700805989781806,152.29169644604968,0.6086623510148564,3.608432650084004,41.806506555746374,42.34302777405757,3.3000747487706206,0,none
2026-01-01 00:52:00,30.058859832696612,167.1403620291206,0.5512000037748758,1.510890032680087,40.467762187741165,41.17605256043766,1.934308700712415,0,none
2026-01-01 00:53:00,34.743210324891955,162.56645961250916,0.514950955818534,5.107147606437604,46.28437462291318,44.04620240833419,5.349945188338825,0,none
2026-01-01 00:54:00,29.589389387081493,150.86407009093293,0.548107156767791,3.8291340371431533,31.85670012573707,45.98276237059809,9.969710094849319,0,none
2026-01-01 00:55:00,46.49072052712867,165.23918339828998,0.3321305512406879,4.007817331771963,36.619505572027464,43.01603221553078,5.668168426349656,0,none
2026-01-01 00:56:00,41.540736881821886,161.52859128538287,0.4131030723317202,4.196973859701151,43.68408534832578,41.89436871356663,5.6054206101293325,0,none
2026-01-01 00:57:00,29.00415784898548,159.12274032200938,0.5298972269682894,6.548863563045561,48.24557928761461,45.050074481858694,6.563677069516752,0,none
2026-01-01 00:58:00,35.79979638969668,171.9477646068195,0.6647256062063589,4.433807463587479,36.444311449503935,43.370791627907295,4.599774214164746,0,none
2026-01-01 00:59:00,38.32147313806149,171.03686995630707,0.33992567876196533,4.7610076044825105,37.47670582017438,45.182623411897396,8.898337278329805,0,none
2026-01-01 01:00:00,35.29295038414528,162.91215081329577,0.48266464866752185,2.823633381139352,33.76831997492937,45.07256280973006,4.633406719302755,0,none
2026-01-01 01:01:00,28.2389479998361,150.59851053094803,0.563182713376658,3.634540162724025,34.79184866133616,42.85526662299378,7.0626343254183315,0,none
2026-01-01 01:02:00,31.86627784197605,165.6884265227874,0.5921969535164257,4.437302245778276,40.41219413527474,43.669788842009915,9.352135127976265,0,none
2026-01-01 01:03:00,37.253865388662604,167.61948297548284,0.6127613057275612,7.003178830488083,40.44170467475805,43.61662553241641,1.743076802592447,0,none
2026-01-01 01:04:00,35.609964761170225,163.00354096295914,0.701868507644418,5.3406031701114625,42.94861772354613,43.34542001367784,5.9819710814376155,0,none
2026-01-01 01:05:00,27.85692684030477,148.2675292208646,0.5305227285208994,4.12567082397767,44.20449351807828,42.645041925486254,5.348400984565837,0,none
2026-01-01 01:06:00,35.73176235573647,163.23125911023175,0.2519259871964885,4.509329257781594,43.211784227340075,42.21070210623024,3.9026298911214625,0,none
2026-01-01 01:07:00,27.014565430766535,157.97716775870157,0.39421882264975905,2.0677230225250085,40.932871625425925,45.189279352573685,1.3974245029925365,0,none
2026-01-01 01:08:00,20.360705928198385,160.94639498785247,0.3617801089141089,4.908528822626024,37.97843848331784,42.303655966534706,8.361029606801655,0,none
2026-01-01 01:09:00,34.24994809507619,153.59871149054132,0.4657512005396288,3.580130845655421,40.8755903358497,44.11237153995113,1.4825877893435822,0,none
2026-01-01 01:10:00,38.96603002461005,180.38202107565985,0.6347730489428642,3.657561920861126,45.95686654681254,46.9693217127259,6.133143084984624,0,none
2026-01-01 01:11:00,35.9621880606371,163.81350788995096,0.4111459237136358,2.761033768993198,43.60743190534943,47.28672165923207,9.998299832645582,0,none
2026-01-01 01:12:00,42.176816789609425,149.8783531775095,0.46608234748566313,5.30589740399381,46.15102764410113,44.46816723446226,3.613127755610273,0,none
2026-01-01 01:13:00,43.91164568662934,167.01853496621132,0.49768422109488647,7.1815438550731,45.818916114216734,50.74767290647129,5.372547023082253,0,none
2026-01-01 01:14:00,35.58749193501631,151.96259415389693,0.42111928560141,4.005632358586967,40.03014999501353,40.58073422385285,5.9681315301699485,0,none
2026-01-01 01:15:00,29.65796956092631,161.0408527407484,0.4311981176526375,4.720280574663924,37.43920730710312,38.939990589698205,4.45356920035044,0,none
2026-01-01 01:16:00,33.286179607180166,153.95450716983493,0.35728369614915884,5.968061257397799,37.55526591679803,43.8303083153811,6.44390286680305,0,none
2026-01-01 01:17:00,24.926894346903353,173.41532819341342,0.24280732196044152,3.4094783529540145,44.472402409117294,45.687148628476706,3.1758009666221407,0,none
2026-01-01 01:18:00,33.45544714565477,154.975857503269,0.9776936051314223,1.7710972170414836,44.162635690803405,42.204275131993604,4.660525552676322,0,none
2026-01-01 01:19:00,33.17887705999781,158.07791446377544,0.5260383457490337,6.9838173921265465,47.74605956415837,43.44256911935161,7.435859138923716,0,none
2026-01-01 01:20:00,34.83299383118111,170.53893448878927,0.2755017037976041,6.006394401810695,45.394323229233805,44.7867338548087,5.792198424032482,0,none
2026-01-01 01:21:00,40.39418570040162,156.77481864921808,0.6598195550493615,6.192189231736547,41.70609535386947,40.75880824398122,4.6560414472394065,0,none
2026-01-01 01:22:00,21.118744727993334,164.01027459680824,0.36883530978777473,3.2214185411136356,48.63758100241073,44.606666112303145,7.048244932102834,0,none
2026-01-01 01:23:00,38.43733096925944,145.2598122027026,0.3025591360080988,4.338735560182803,42.86532186333926,47.88337632079376,6.661121413556851,0,none
2026-01-01 01:24:00,30.73595710645728,145.62646645723433,0.5460921023751162,5.537268936371919,43.424928144054306,48.206480609882746,5.165363858091311,0,none
2026-01-01 01:25:00,38.78980961322138,154.65346373945493,0.6592948885274607,4.320145241038999,36.6739609333679,45.019233195339105,8.286583556673065,0,none
2026-01-01 01:26:00,35.123185421270264,153.02300793422535,0.5153089179960123,2.087935124298926,42.568319935589344,50.18357622578664,2.0370173165050387,0,none
2026-01-01 01:27:00,27.919362253085584,146.30178206981654,0.35581134602637277,3.1576680423633556,44.8826769775371,44.00430701283193,5.397188084770825,0,none
2026-01-01 01:28:00,39.428192758172884,156.76493962867463,0.6655490145199819,2.718056698758078,49.07439564492764,44.65099714121017,5.205387323084121,0,none
2026-01-01 01:29:00,29.795675254233032,152.96717348928576,0.3197064121036236,4.717472365204368,42.70602124100818,44.48796451153885,4.300128801171713,0,none
2026-01-01 01:30:00,37.42121502421683,164.73020150071076,0.6959879312618047,4.996563330081324,41.59404749327344,44.116287054297224,3.067292707253169,0,none
2026-01-01 01:31:00,30.782628133640305,148.00076685860947,0.40524158319763304,4.943644925705892,48.493513649560136,46.4470764585883,6.717423832777339,0,none
2026-01-01 01:32:00,31.519216470087326,145.5953420336815,0.4384662479364093,4.04645342719051,40.65392257582514,48.148478056952996,6.891390247629479,0,none
2026-01-01 01:33:00,35.10947626343839,150.58799136472055,0.5783097050826523,5.717883170094318,42.314150443408224,43.57679207165367,7.288812896117474,0,none
2026-01-01 01:34:00,45.91281729766823,152.3803552336785,0.5808630058534756,5.852871476357029,40.96370965395776,44.89853873068621,4.8080974126304294,0,none
2026-01-01 01:35:00,38.699252500017515,161.52849460706094,0.34076689296850715,5.229703464532364,41.46442597902754,39.729111370148395,4.625956687041711,0,none
2026-01-01 01:36:00,34.46672000933537,159.77838233401712,0.7523648529209216,5.901874179869248,48.42188298390584,38.24826218461249,9.35809065397604,0,none
2026-01-01 01:37:00,44.61104277145682,149.86677952015862,0.3195279580403599,4.9860763689517285,40.073038397670544,42.59117146512553,5.188351422714397,0,none
2026-01-01 01:38:00,34.867316106187936,168.6450763942863,0.5142400908519689,4.475985616584168,47.296078841239535,50.03687084718612,6.724075538021766,0,none
2026-01-01 01:39:00,32.94825148401338,155.67832155169918,0.5965400206566442,5.09930253049413,41.84218991273479,47.445968852541085,6.808049861513476,0,none
2026-01-01 01:40:00,28.973902453861548,163.2039403719501,0.6834072966134381,2.927626653923154,44.55243678238392,42.15320037172388,5.601559285017338,0,none
2026-01-01 01:41:00,35.83450963270729,152.01150566244058,0.6313825268334196,5.688281485817363,48.474722587651556,46.26919037629806,5.208133623485253,0,none
2026-01-01 01:42:00,35.58100050310307,162.42646492806645,0.691566296222872,4.058724829380176,44.88402118294572,41.310782525933654,4.174626046794806,0,none
2026-01-01 01:43:00,30.837021770748578,157.17920247938488,0.6603569301655073,4.74731203867996,40.86725121109015,45.54633279098371,7.568519687652259,0,none
2026-01-01 01:44:00,23.49551243179036,149.3374410591211,0.5139859259224548,2.3416548891986784,45.14522094004497,41.54361188051941,7.633214270161835,0,none
2026-01-01 01:45:00,34.18919473918651,155.50061621736853,0.4384069445491352,4.137469030453621,39.047689598604705,44.92716058592843,6.2269145920170725,0,none
2026-01-01 01:46:00,35.76702018505057,169.7304244187186,0.7771695038154963,6.177970374940379,50.15801486922612,43.86371235446763,6.1030895849770355,0,none
2026-01-01 01:47:00,32.75620266454618,162.40555676571861,0.32501741306937904,3.1179933433336102,39.19688503012859,47.040855273767015,5.030948704854077,0,none
2026-01-01 01:48:00,29.454983659756497,148.72868600250274,0.6203911591953118,4.417564894539703,44.62245209293014,41.96860358049412,5.967399171435525,0,none
2026-01-01 01:49:00,28.78645980564118,154.3797926848311,0.528844767061764,4.492139294419058,40.74171816209759,42.755928299622646,6.073305835080126,0,none
2026-01-01 01:50:00,32.365184032881686,161.09542774257918,0.5822839260791695,2.8930465868482664,49.22887642037087,38.30168968646823,4.5182993309915105,0,none
2026-01-01 01:51:00,43.497808635918986,161.74878388294988,0.48920591034162414,4.16820148058348,38.921616490839696,43.93287527460971,4.299233142047345,0,none
2026-01-01 01:52:00,36.28452115558928,145.13412427368183,0.7192874919389514,3.952000559070517,48.978110008517675,46.69173971670569,5.854827596243775,0,none
2026-01-01 01:53:00,25.62077225173652,165.20146644303233,0.15675189826557223,6.148034170312289,50.82179851915026,47.63002958358199,4.9249810670771135,0,none
2026-01-01 01:54:00,39.32429317872983,150.04545188625917,0.5098958432084549,4.218404842773927,45.428538184375135,44.65308479372745,8.214985022642054,0,none
2026-01-01 01:55:00,32.82498932354963,160.19427574807608,0.4528074922323798,3.926665932660458,41.83207874375075,49.67408289174861,5.554465350913016,0,none
2026-01-01 01:56:00,49.594325621471135,160.18590542097573,0.5135080683975626,5.395715539112502,41.26005229600186,43.07985578325773,3.592468292888492,0,none
2026-01-01 01:57:00,33.727828330038854,140.67776568306607,0.7928126034630314,7.029966486032828,44.34741695990504,40.192506667109626,7.543757673036078,0,none
2026-01-01 01:58:00,35.29758912295847,152.75095951410324,0.49627879438333034,3.8907968651514313,40.575681449588224,46.08335265222619,7.352279285950373,0,none
2026-01-01 01:59:00,36.86771628719136,147.6598121360772,0.4471124784390811,4.227116392575234,47.37362602501423,46.437373119254815,9.195185412968923,0,none
2026-01-01 02:00:00,37.47127579078814,157.92161709514195,0.554861271276522,5.732706562427782,40.59557008517433,46.59467209274313,5.272517364045418,0,none
2026-01-01 02:01:00,36.108332869414774,142.62235762472486,0.28825576511705225,2.938106945657386,39.0153924262017,48.842023788984974,5.835509116859822,0,none
2026-01-01 02:02:00,36.153535203051106,164.11972270930124,0.3120227130465695,5.900977755161579,37.55847692822768,44.03852548707186,2.71337816616386,0,none
2026-01-01 02:03:00,34.57364005074633,151.43540682396196,0.5569881905764087,4.6154282370053235,42.04120676699292,49.4521305606396,1.8571838015971558,0,none
2026-01-01 02:04:00,32.618436949495745,161.5438074230422,0.5761582063900992,5.781695278888831,45.824100942626515,43.55287319643621,8.766719263722763,0,none
2026-01-01 02:05:00,33.741200507736686,157.62420627078913,0.41928614415600907,5.568607053007186,39.7248919781306,46.87346291168664,6.493244615476599,0,none
2026-01-01 02:06:00,28.92473090738092,153.82846017693447,0.4654707213961149,2.4247110750859133,48.65052673501567,46.367029635762556,4.704752917670278,0,none
2026-01-01 02:07:00,32.90863497837822,134.73729753447182,0.45061222164641457,5.747656547946684,50.051441871390146,48.87719963593904,5.271393479064774,0,none
2026-01-01 02:08:00,32.14278747790374,155.4256764966885,0.3956965227858257,4.425298887182994,52.47499180549062,43.711196636177014,3.9757101996690354,0,none
2026-01-01 02:09:00,33.56776254555266,163.87048822375687,0.5052804967317609,4.969296174391448,44.1561124489597,46.97384719831806,6.102518427740719,0,none
2026-01-01 02:10:00,33.54478065844827,154.5843662761615,0.2991935169606013,7.322380177718186,44.52249260204539,46.45507395602181,5.549195477250082,0,none
2026-01-01 02:11:00,35.410425536478485,168.10821216163345,0.501160944158666,4.854989685157799,43.05739234604621,47.2446929429929,6.59960395333816,0,none
2026-01-01 02:12:00,39.0223935931099,154.33174473765277,0.7005078957345087,3.7328377471260668,49.04318049179128,49.446449935472735,8.899407666420519,0,none
2026-01-01 02:13:00,34.496889973156925,156.48325907270018,0.44931607436020365,5.330066343500652,34.83377761861913,45.57770836373269,5.7686028102535385,0,none
2026-01-01 02:14:00,36.943994100039454,157.20891681708812,0.5547685550851658,5.612872524944864,47.00530006980418,43.064078919363276,7.237202819089249,0,none
2026-01-01 02:15:00,38.06622744687556,155.76730613737465,0.49196736518592676,4.716966814333393,43.487698680615786,42.87902142748351,8.707520125047804,0,none
2026-01-01 02:16:00,34.602960332933364,153.21394937015515,0.47141931400411874,6.822110863335846,44.10276937532333,49.517767704306415,4.683795573139458,0,none
2026-01-01 02:17:00,35.66520813454468,143.54123236969556,0.3531857945941961,5.52416486472548,42.970648865110405,47.71254820701501,5.137049703879871,0,none
2026-01-01 02:18:00,38.71230134778675,152.99011542686478,0.7315724396545602,3.300802762054534,49.22705391421557,46.61215339625422,9.403014237585024,0,none
2026-01-01 02:19:00,26.431442006230146,149.32372039281952,0.6953688495871173,5.61944290509014,43.83901877305445,46.39663241405812,10.050062008032308,0,none
2026-01-01 02:20:00,40.61325087197092,144.4739454540756,0.37519927164289674,2.9348379779026534,54.68985994137627,39.575103706985246,8.335526237741679,0,none
2026-01-01 02:21:00,33.88006109821828,151.14910868282539,0.7211751830170443,5.7737458302158995,44.96970422312413,46.05932686069863,8.485580295152218,0,none
2026-01-01 02:22:00,14.617372999023846,134.85672195494226,0.5988175672801006,5.016714984264393,43.13277161687272,47.14522053717113,8.70290775771132,0,none
2026-01-01 02:23:00,40.00617031870041,147.80170512715532,0.5777040500038991,5.5197693000875425,49.281707225857204,48.01981491876271,5.437817535741769,0,none
2026-01-01 02:24:00,29.63920728647829,154.60434983513926,0.4024477566144438,4.217173475566202,37.86523729165048,45.25112215772879,5.933751711307781,0,none
2026-01-01 02:25:00,42.24128700283806,157.32268766920654,0.6650128753594401,3.3096609690047876,57.903088614381836,46.92951524680676,8.554205832163536,0,none
2026-01-01 02:26:00,31.02691725175385,137.5710187683916,0.7759186889694041,3.9832472750126575,52.92590237399208,45.831091666322244,1.9339691430593344,0,none
2026-01-01 02:27:00,35.71529566866311,149.79786145119408,0.619735953146231,5.349843414757812,39.552552691264786,42.49107884111418,5.441333662004725,0,none
2026-01-01 02:28:00,41.0196353348398,142.63333926586537,0.4674118953457642,4.269022156938428,42.87173324869971,45.26276560089968,5.814505617504635,0,none
2026-01-01 02:29:00,32.288685360460164,146.14867659599702,0.510383276748362,3.458926547222813,52.36852809968256,49.535350420144766,8.043765577595737,0,none
2026-01-01 02:30:00,31.136998916380314,149.7681844706233,0.4249602346310418,4.678146551787188,46.83993086716168,42.22803172851721,5.0354238490171,0,none
2026-01-01 02:31:00,36.46795304193431,146.45082697777917,0.45323502224566936,3.028135426799208,49.63732331808413,45.69441417952837,6.11600443414342,0,none
2026-01-01 02:32:00,45.41685758127994,139.48103060874593,0.6192066700324815,4.830248378996017,51.690117902112114,48.055836902875726,4.095562485215025,0,none
2026-01-01 02:33:00,43.836594405745764,144.92823161744923,0.6722543286213005,5.22683008884294,40.804961695283374,43.73007817174194,10.481740336921085,0,none
2026-01-01 02:34:00,45.684921699202505,152.8531588667916,0.5861735460910908,5.259230529389971,49.00219535934803,44.43812858860588,7.860829685475762,0,none
2026-01-01 02:35:00,39.632291669183424,167.48719151251655,0.6111771990802678,4.892501433308521,41.4452434237064,39.48057796990673,6.092971981215957,0,none
2026-01-01 02:36:00,40.296209575439505,159.17482008322412,0.731283902670403,5.5401792198816455,44.847076105349984,48.92582879249352,6.411996912550457,0,none
2026-01-01 02:37:00,43.83067499279105,146.0819616995441,0.6072175773371348,6.639881224091346,46.24943266085812,45.9639224585599,7.050986992491632,0,none
2026-01-01 02:38:00,40.86229816836786,159.11690685168765,0.3973931632237111,4.514501219432105,51.703773736578384,48.977091190112986,6.30874464316749,0,none
2026-01-01 02:39:00,32.66319408927202,146.94859499848923,0.48908840488928707,4.864837941483402,44.47602456350048,47.526007387664706,5.313408959882851,0,none
2026-01-01 02:40:00,42.23062744271702,140.83649070539747,0.6828499530955661,4.581339862646624,45.00084971831384,44.39209009653656,6.9093837497584705,0,none
2026-01-01 02:41:00,34.61603849584809,145.55044707046392,0.5865597954026884,3.8591440352975095,43.9666085254648,47.977057210359575,8.20676662724618,0,none
2026-01-01 02:42:00,32.69878483456826,134.3580779753143,0.6827388201204208,4.701616605396387,50.478415675179164,46.22461878686929,8.011635861983404,0,none
2026-01-01 02:43:00,38.491779038317716,147.05472855209663,0.38108786225157565,3.8979153338241948,46.39353490249047,46.03500548815838,8.307123625711712,0,none
2026-01-01 02:44:00,37.22238396873951,157.69935270290566,0.4430364066689982,4.2805993614548,46.57630318838891,41.87984830274451,8.590208254568214,0,none
2026-01-01 02:45:00,42.97781561151453,143.14454137694023,0.4131957260144651,4.3279599000859905,50.106257243291815,40.38617247094361,10.255510025609746,0,none
2026-01-01 02:46:00,39.453851413510755,153.90411212705104,0.6863660542487765,4.577057921759347,46.79925724310256,50.988405205947664,7.161528819980778,0,none
2026-01-01 02:47:00,35.258280029555436,162.09295677528334,0.6592553844888943,5.126794968274889,49.9862769317355,48.01629136799123,7.61203037202525,0,none
2026-01-01 02:48:00,37.50357694011978,150.27662651664835,0.4187518060290498,3.677275526819952,47.209058665820784,51.06739213091716,7.064646233000907,0,none
2026-01-01 02:49:00,34.49365534390131,136.7057984829067,0.6457827621071855,4.841512758816546,43.279988133630766,46.8575644596253,7.18064898832832,0,none
2026-01-01 02:50:00,36.002923773941966,143.18307665186333,0.6809410853801638,6.036333315023062,54.135605438763086,49.15345545476333,4.88382627671068,0,none
2026-01-01 02:51:00,45.58162954699657,145.20754365331177,0.6157011535339685,4.8227574576892325,41.51991624606523,43.49319795318387,4.7246085273735865,0,none
2026-01-01 02:52:00,40.50635955946555,156.5895812140441,0.4763104920673078,4.390422044127986,48.41522457282627,50.22701920041785,7.518472214190648,0,none
2026-01-01 02:53:00,35.824526643221596,130.42987990267514,0.4429242988356869,5.852122221388644,43.40616116274089,49.316402225331764,11.11394004597933,0,none
2026-01-01 02:54:00,36.18343443326782,146.27888099069162,0.6465446779157511,3.5999605633601415,47.5487273189604,45.44861935297964,11.106724003351024,0,none
2026-01-01 02:55:00,34.58473818428423,146.65364702882482,0.3411484314067355,5.660106266243109,54.5695224211932,46.76196818309764,9.917258772796892,0,none
2026-01-01 02:56:00,37.057284902210974,143.64136497358763,0.7091393997633455,4.677184093281145,51.33628772176594,45.259333631022805,10.432717799909023,0,none
2026-01-01 02:57:00,29.304028171257304,150.2967708520233,0.649829733823083,2.935725427043471,50.00921895502421,50.167917690162064,11.968228787896525,0,none
2026-01-01 02:58:00,41.9327322986741,143.49532582149678,0.6012226521181668,5.952736125685924,54.16701624017499,40.5114221018782,5.9174691712012635,0,none
2026-01-01 02:59:00,36.68111967367809,154.8660638624645,0.32589668009357975,3.299984235265396,45.91207846834419,44.999862596809656,6.827779931272085,0,none
2026-01-01 03:00:00,42.4937933979974,151.17335279697747,0.7395965435973195,3.3750566060870106,43.77775195779396,49.37125627633735,5.870957106056587,0,none
2026-01-01 03:01:00,44.145317149548326,158.02446951687585,0.5178184828765464,6.442496175860156,47.79888928039556,48.2835041684111,8.823559061503031,0,none
2026-01-01 03:02:00,40.30614444583757,144.51300429362425,0.5627431234227644,4.48828574391455,54.94855143990164,50.17140618517127,8.957186206910674,0,none
2026-01-01 03:03:00,32.36578127441641,145.81093254088526,0.4611295086502708,5.764470554614477,50.22238319508492,45.4422418471967,6.430621961942576,0,none
2026-01-01 03:04:00,31.156293208313706,138.05487009031143,0.3320681664906361,4.249833425870939,50.15477728965409,45.00173831684964,7.2438148265310245,0,none
2026-01-01 03:05:00,43.466425096177495,149.57295545249733,0.29638593499264787,5.763930070747361,53.27567266936503,42.412706195554755,7.107628237887381,0,none
2026-01-01 03:06:00,43.586028739184414,143.23816905598406,0.4038064980153957,4.937125933742501,47.4752985986,49.51872066284713,6.553275411957903,0,none
2026-01-01 03:07:00,30.33607086096095,150.10618314267631,0.8030982254246236,6.542735494441077,46.18362645865979,47.41772135616593,7.902106895123967,0,none
2026-01-01 03:08:00,32.96934842863182,136.27173648243436,0.6188285763559795,6.192504913094705,51.99414261318595,45.067907917272485,2.885524604514435,0,none
2026-01-01 03:09:00,45.22675020123033,146.39364115374002,0.8948063045478541,4.9871751673237235,43.17572755122592,43.68435753068404,7.778674418523942,0,none
2026-01-01 03:10:00,39.16055310581201,141.0417236089037,0.6538473524408953,3.709546470591647,46.170509309313616,54.29337285051126,7.67614265663865,0,none
2026-01-01 03:11:00,50.93728868831657,150.10715025299035,0.64410163515059,4.668040875362344,49.054981847826255,50.36037510021361,6.637022636430402,0,none
2026-01-01 03:12:00,41.890678554122914,139.20285302896212,1.0749262042894387,7.155846760428255,44.78692578452599,54.288005925356146,5.66036394944953,0,none
2026-01-01 03:13:00,44.39886136640244,150.0619454973264,0.7083902046318815,6.0900020491127025,52.90446505762196,47.03015973086606,4.502879037157394,0,none
2026-01-01 03:14:00,38.356920434204575,161.36641355417729,0.6636876401274139,3.7080813844228784,44.17820448243884,42.73100143062056,4.661340112425636,0,none
2026-01-01 03:15:00,36.2066034073577,138.63910606875726,0.5367264465688948,5.65871313400533,54.96627963647298,48.39030205001392,6.280069470457047,0,none
2026-01-01 03:16:00,30.234302187253455,138.1283150951235,0.5909538066190946,5.8880832667494145,55.029027408825286,45.09418229267218,8.43363893566822,0,none
2026-01-01 03:17:00,22.727977565848832,132.91817630650078,0.7034844318782576,3.8606182018138337,56.675791283293144,50.371190830803556,5.556390848899559,0,none
2026-01-01 03:18:00,45.699237237019375,150.31428849138234,0.2064283976616395,4.858880545849475,55.3205865751259,52.067565636267176,3.2346851930388008,0,none
2026-01-01 03:19:00,43.80502541755512,140.8504912721773,0.7109009139921927,7.242205991946589,52.79612571989523,43.60620929709927,8.921889843199864,0,none
2026-01-01 03:20:00,36.04995364391001,157.86184304825534,0.5231581999313814,5.523388975438764,54.562720289607924,47.63803680632758,8.206148814888579,0,none
2026-01-01 03:21:00,45.42558250257095,143.33113856901224,0.7341877450510154,3.510194773373678,50.66280038057843,45.72176953712656,7.5906176158638985,0,none
2026-01-01 03:22:00,30.342986970142782,142.26043634917224,0.6152334460386414,3.152672967993733,44.53241206141455,51.318501103849414,8.155905763659089,0,none
2026-01-01 03:23:00,48.624532997512695,152.16300355181866,0.5041713375842656,3.9424459732667367,46.20848279190993,45.68404907072681,6.519020003684638,0,none
2026-01-01 03:24:00,42.048348821338706,145.72093574504925,0.5605121257246797,3.043277863677053,49.72378209318022,46.60108190431217,8.4434886045248,0,none
2026-01-01 03:25:00,49.31013628497086,144.53637832261182,0.44797326220102285,8.325584397061672,52.872412978946734,45.461381193543254,9.989802756324718,0,none
2026-01-01 03:26:00,29.13533654075067,140.4907505007673,0.42767066163571904,5.180021998259982,49.7154745965026,52.96495463409474,7.410117365115144,0,none
2026-01-01 03:27:00,47.88330628125658,147.65254373228376,0.5480757977867626,6.985088361512471,48.101032727289,48.145082439575816,8.649913250856184,0,none
2026-01-01 03:28:00,44.921497168881054,135.5552857218741,0.5668404123184473,5.023809121359909,46.99952781296565,46.16983773605273,5.200756673192753,0,none
2026-01-01 03:29:00,41.42044031091432,144.4287906938053,0.8262022898333552,5.395791168514859,45.13524978509227,44.57323576906904,6.229887708619112,0,none
2026-01-01 03:30:00,34.20422443006884,152.77270651197009,0.45945009269624026,5.659457106012834,53.293083706707804,55.10166613748569,5.620119940005557,0,none
2026-01-01 03:31:00,41.57905101119265,150.3030957154427,0.6778504008054796,5.571814239518563,49.56848810575387,47.069959354761515,8.793246273378143,0,none
2026-01-01 03:32:00,41.05979666366308,149.87823860744558,0.4183586584440465,3.7406007717363545,50.60280352321575,49.09500487048848,3.9173685767882978,0,none
2026-01-01 03:33:00,35.861463916058625,143.68329413778216,0.8226169184517258,6.469582670472902,51.29774419827042,45.72305064904364,6.570262150727828,0,none
2026-01-01 03:34:00,31.321898214856684,149.37364700005153,0.4135861629866064,5.7938799426865275,54.70836571376337,51.29640261742899,5.055696513273413,0,none
2026-01-01 03:35:00,33.1688089047607,140.4177853334889,0.8776276919257743,8.026156808199868,50.905702181672424,48.60121611162888,7.40900214632686,0,none
2026-01-01 03:36:00,36.42850810037112,145.87620213655612,0.917622559941939,5.28776879545498,48.64240316518173,44.108533657141514,7.153069937667364,0,none
2026-01-01 03:37:00,46.46632839123673,127.64564175396332,0.7928668165194637,6.0951787841974285,47.8099354393989,51.03014875845167,5.617498827184052,0,none
2026-01-01 03:38:00,46.79879310644184,140.71132198975275,0.5012967445469854,4.319947571512618,44.65334646278888,47.36138560440136,9.884940955192995,0,none
2026-01-01 03:39:00,49.8533944114874,141.87846853709632,0.5670874081304051,6.901337020020857,47.32385166015018,45.381043339439096,7.0574883622521805,0,none
2026-01-01 03:40:00,42.68108874650142,145.30536216758753,0.5621153112134002,6.584440132384476,48.67918149691068,43.34785827318254,4.865753863562542,0,none
2026-01-01 03:41:00,31.097405622321475,128.16060535483322,0.592950393544881,6.997493623965685,56.16946260228426,49.4786807914928,4.510030989532514,0,none
2026-01-01 03:42:00,35.34297250008727,135.91847590801737,0.6243867685438099,3.912696165098846,52.15999096165211,46.33949651385088,10.969971890980933,0,none
2026-01-01 03:43:00,32.90810536008363,151.1838489228288,0.5455919921807866,5.331397269150402,55.5100119962644,55.33143870365733,8.162043561693821,0,none
2026-01-01 03:44:00,38.31692524776689,133.92898020868273,0.8281054207668868,4.856294674712203,57.523216472705215,45.60247091782959,8.014719968442648,0,none
2026-01-01 03:45:00,48.15425441491058,141.71825340997015,0.8099357523492153,4.8855451332022275,53.746419817303334,48.71248907991953,5.027799489940547,0,none
2026-01-01 03:46:00,38.8496883861032,138.90655581894586,0.6384742798818691,5.937708332541853,54.701654123242804,47.23635915506387,10.71642276902983,0,none
2026-01-01 03:47:00,37.36979746482574,150.22618214165564,0.6144679078247185,6.852033370398538,47.12896229054101,47.692267377746205,5.33786762236981,0,none
2026-01-01 03:48:00,43.15781693828007,143.14123113388914,0.7132613161129732,6.025394366841977,51.96941224494282,42.533265249498264,8.172580894232407,0,none
2026-01-01 03:49:00,44.41317244805292,148.82123049169815,0.5998470697319478,6.725165739146701,51.122572611405715,45.85741231798619,8.048784123654068,0,none
2026-01-01 03:50:00,45.84268817515796,137.9592800062813,0.6977491636458455,4.832999797739585,61.33573776119658,52.326792150379866,6.087162200868328,0,none
2026-01-01 03:51:00,34.45995315871248,141.622494220956,0.5315777061116745,5.752879835659328,51.807736365748795,47.125645946822594,8.19535498150382,0,none
2026-01-01 03:52:00,34.83135161576036,148.0993512045918,0.2914716626016597,5.931214732679592,50.09970211149078,47.53859653397762,10.527342859976855,0,none
2026-01-01 03:53:00,37.39503325003847,149.98985607303445,0.38801418254110615,4.839447795688862,49.57725508686993,52.53212605264074,8.19979913482202,0,none
2026-01-01 03:54:00,44.61645749201753,163.67583220484664,0.41753756437521883,6.3323159988778945,51.51311338684908,49.23394593653945,6.3340498692606895,0,none
2026-01-01 03:55:00,41.34618543262742,162.9363716205394,0.8758484045515161,4.728458150386155,55.834717015131126,50.41078829303859,8.891744807663203,0,none
2026-01-01 03:56:00,34.386651205836834,137.6450429678777,0.6605802470567489,6.100224287919161,48.00024847393903,48.99755537687051,9.920720097921325,0,none
2026-01-01 03:57:00,51.623813249777925,153.86948701250034,0.7881458833691178,4.826791775083451,50.66327775950238,50.813101729409716,9.671822354524927,0,none
2026-01-01 03:58:00,37.01054081139557,137.36944859655654,0.6045092339686156,4.040327273095362,56.95226748066689,52.327630022368965,6.660133913176066,0,none
2026-01-01 03:59:00,39.55517573098707,145.99990586045047,0.43298966773600234,6.360543862161042,54.926490008735655,49.668953915557346,6.293061011661419,0,none
2026-01-01 04:00:00,39.745844468616774,140.8344453675686,0.5277568425910947,6.7323745709003,53.49811055416825,48.158851662746,5.580041166403907,0,none
2026-01-01 04:01:00,35.4323975403615,150.16204423616247,0.4140105312542491,3.9647175865948068,49.33451679243292,51.729128406256315,7.758995410637271,0,none
2026-01-01 04:02:00,40.165985844817236,134.87826797362516,0.7335325427931492,5.957473886917651,47.44318624644467,47.07233855652463,8.693209111295342,0,none
2026-01-01 04:03:00,40.74430252698211,137.1025428778987,0.6845936030433618,5.149329259201007,47.75417874782638,47.48253834813628,8.018265180144951,0,none
2026-01-01 04:04:00,42.00467507821711,142.93618191820826,0.3816023871528081,4.180798131846615,46.514358175131385,47.36841094448296,7.15346924343758,0,none
2026-01-01 04:05:00,42.35251782481991,125.6193603299206,0.6375289634520067,8.14105454067565,56.49647923189775,45.022864512153085,9.063748430301132,0,none
2026-01-01 04:06:00,37.288471841983295,134.24871672863046,0.7311877759408308,6.366668588918721,54.732759285316234,44.1123704700718,5.642972448682574,0,none
2026-01-01 04:07:00,34.959319636333476,145.2538802086979,0.5888969959393426,6.543854255080778,55.733734797940045,49.661311018743525,9.870752223716526,0,none
2026-01-01 04:08:00,47.10036355664692,129.76857475424595,0.6158351888770743,4.074285173815597,57.34176669969469,53.3904310972527,7.77973779375236,0,none
2026-01-01 04:09:00,39.25424527582177,136.60690034250078,0.45323314026459116,4.680812137052605,50.97667639280325,46.48373013002947,6.89147139071356,0,none
2026-01-01 04:10:00,47.17406097530457,136.9215425573975,0.49155569007376426,5.243159799740317,54.11396389186361,51.6447625083545,9.174787865514695,0,none
2026-01-01 04:11:00,43.333231802585544,139.4064379393554,0.6053805104028482,3.330424945498395,54.46622873694125,50.090854079165965,10.705405997339545,0,none
2026-01-01 04:12:00,56.734353173148726,154.4343835294433,0.3475132287990912,6.261511696404354,53.44125663209936,44.42441133142212,10.35866225318292,0,none
2026-01-01 04:13:00,40.08678926405837,134.05932982690115,0.7334732391311676,3.4284175563756714,51.83355163371361,49.002197096565396,10.310676078757064,0,none
2026-01-01 04:14:00,30.76162818348073,150.99098205128243,0.36182799234869384,4.4715630480508235,54.761757354258094,52.530689292384395,7.314153143192724,0,none
2026-01-01 04:15:00,38.81860541315401,134.7353376325775,0.5975533423947038,6.044698731267731,49.74296389204685,45.49040034195546,8.518840232022553,0,none
2026-01-01 04:16:00,48.004801271736795,151.04156887778575,0.5234741451600305,5.904184301556449,53.536650550604904,49.40896269511477,3.2953967953654164,0,none
2026-01-01 04:17:00,52.16579317599215,133.35616414552499,0.5809421038765472,4.085515685618633,54.683684971109415,50.51495301501948,10.292619175493504,0,none
2026-01-01 04:18:00,51.28716516076847,129.41518261597008,0.7616353871915168,5.601693514519297,44.328065707137426,43.48755917825101,7.645115528699936,0,none
2026-01-01 04:19:00,44.819229720473366,139.63058175909154,0.6361889767579822,3.311670352859587,51.358996416204185,47.57380261846753,8.590698146582392,0,none
2026-01-01 04:20:00,50.45119183768984,141.08509165480513,0.6100815524439109,5.122509940140642,46.77134290959185,51.728157036728575,7.077261149871961,0,none
2026-01-01 04:21:00,34.97264757581249,149.8500004239907,0.4831356758965504,4.466310481057608,47.38851501704593,48.33096621085077,8.553757665261024,0,none
2026-01-01 04:22:00,37.56716906603847,144.8996831397733,0.6081176562615196,5.8341634147468655,55.32485873042644,50.181406045260346,12.4037155212397,0,none
2026-01-01 04:23:00,35.43090697970105,142.76386603101915,0.5025511319877921,4.652247515210331,47.476463674386935,44.13489648476809,4.748820425768061,0,none
2026-01-01 04:24:00,44.64770179880129,138.2401073260715,0.727366592307079,6.569173312306395,53.46250148813305,47.64639668097009,7.578696798345034,0,none
2026-01-01 04:25:00,48.93657543799551,144.43989891653067,0.6839761170837921,6.650465995904057,50.048971680804605,47.338620620739555,7.272424775237723,0,none
2026-01-01 04:26:00,41.385406992538805,137.91277827167744,0.7552928172584121,4.979325457691578,48.9762423559442,47.987922382951474,9.308201608676974,0,none
2026-01-01 04:27:00,43.69582084322126,139.19709647840045,0.7844420741504965,5.008699456236208,51.03770832814381,46.83764284256328,6.764147860323128,0,none
2026-01-01 04:28:00,38.47549818708958,141.44045910976,0.6953812592693416,4.7733049085996555,55.666526341656244,47.92887357011779,9.085845978064713,0,none
2026-01-01 04:29:00,39.04744120974952,135.57264329820651,0.6237876073391238,6.526489826691744,47.906402303620744,45.27985523306173,5.132298466540894,0,none
2026-01-01 04:30:00,42.03303854298216,142.7058815308762,0.6488024650139147,3.12348525492651,49.26624130456879,46.46661804187889,6.635042990210184,0,none
2026-01-01 04:31:00,50.575075376642474,135.0645829811565,0.465109986826255,3.6550152285727067,56.30269877474874,47.624238400137855,6.519734935585061,0,none
2026-01-01 04:32:00,66.12503590855326,114.18912280341678,1.304993468523866,8.873018172291749,59.78800128669783,49.95593059620882,5.700162633724705,1,congestion
2026-01-01 04:33:00,67.03530160543593,112.72835561987057,1.6300305134649347,10.274916028827896,60.34433125447912,52.89055528910023,10.448182232589966,1,congestion
2026-01-01 04:34:00,71.05605722002393,108.42870044121594,1.469562385506635,7.4075527965185834,65.62381703857838,51.747092238079695,7.875798541022413,1,congestion
2026-01-01 04:35:00,69.13246612568079,101.81472471670676,1.4984575643728704,9.092706350725447,53.30005200112875,49.660877151279216,7.093951305344341,1,congestion
2026-01-01 04:36:00,61.61209137644194,99.68099441639453,1.5539891062495332,10.03984170284435,55.59550442774645,46.745149518236694,4.624618218206024,1,congestion
2026-01-01 04:37:00,77.03512718418443,96.91047096065677,1.8226601902623853,8.256058940463086,60.34877599183699,49.673827503189386,5.605377498006712,1,congestion
2026-01-01 04:38:00,66.43966156054465,80.29512294904495,1.4566358726589659,9.815900925065387,60.581767326405306,53.556370524519394,6.184012906078504,1,congestion
2026-01-01 04:39:00,68.01485845881774,91.86599555718959,1.568673831857072,10.592736868677322,56.894725540587096,48.43437933045853,7.220947272848713,1,congestion
2026-01-01 04:40:00,68.11052231126615,85.18808313994103,1.8417074006634082,10.02812268760638,64.24198617070797,50.15833888826263,8.504928561799463,1,congestion
2026-01-01 04:41:00,72.84704317128991,94.64961159527704,1.7486228554623844,9.57677326837456,55.54438573010559,46.22096755797448,8.517528026123932,1,congestion
2026-01-01 04:42:00,68.58568683868351,89.44726884056506,1.9552853452994339,10.374293369600927,61.83612870885872,48.65872755981344,4.988049730836595,1,congestion
2026-01-01 04:43:00,72.75203506311574,102.83277138264985,1.7851643073142287,9.75961038704373,62.02199897108016,46.96762005332646,6.841775238969605,1,congestion
2026-01-01 04:44:00,81.47222333587483,103.90980652000232,1.8742842687291983,10.204167335863263,64.64438965002122,45.18766210276735,8.549653202327669,1,congestion
2026-01-01 04:45:00,67.12134044078505,87.17373658881854,1.9541045125936485,11.535187319862548,61.61989719435333,42.707716907901684,8.118018901637827,1,congestion
2026-01-01 04:46:00,61.343631159007806,87.49322088412941,2.100135900246308,8.762422343251778,58.96659348492312,50.06041767694917,6.220764016092357,1,congestion
2026-01-01 04:47:00,80.821396995297,88.97207517434413,2.2080467558032533,9.174163518009273,61.507610536513575,46.10322362432979,11.608037924360783,1,congestion
2026-01-01 04:48:00,75.39562391457764,78.86139434774839,2.013362753709811,8.16576177933204,67.83573047484268,49.47607542145931,11.335024843374763,1,congestion
2026-01-01 04:49:00,78.51844691211741,78.67048384641645,2.175520696518228,9.675387543371443,70.1861664177058,47.230738781917665,6.81329192376723,1,congestion
2026-01-01 04:50:00,79.31902482553616,92.6189375439918,2.1576789585411302,10.637340483598827,59.9682178997071,47.06540195850529,9.130192904551295,1,congestion
2026-01-01 04:51:00,73.53624715017888,86.44726617632831,2.0572249916458882,11.373600810293054,65.73719840787354,49.44024317119751,9.623247261680758,1,congestion
2026-01-01 04:52:00,77.46983753282626,80.47526328067094,2.0001560039211124,8.726572900287223,68.94665516055485,50.01031368864909,6.746915315629629,1,congestion
2026-01-01 04:53:00,66.70430907253814,74.28321765471779,2.0836722871992066,10.473100338450838,69.53945825308345,46.33116823283695,5.522738243427407,1,congestion
2026-01-01 04:54:00,77.13868883878771,76.55659357013886,2.2306251942047597,11.459697282442724,59.52609886877353,51.148886669540055,3.5289050544219123,1,congestion
2026-01-01 04:55:00,78.78978375159636,53.45681649659354,2.0025479852722987,12.188469788524088,65.38742852274522,49.33454741710445,11.872520727946327,1,congestion
2026-01-01 04:56:00,71.90239793724584,77.19492901235877,2.1056108281563333,11.673788605816322,67.83284222174298,48.38995847627172,8.048567760923387,1,congestion
2026-01-01 04:57:00,75.410123541731,77.33698732565033,2.1136856696016855,11.847555069905432,68.33404533917705,50.706534113463086,9.105916899618453,1,congestion
2026-01-01 04:58:00,79.46076200677328,77.61355558447222,2.3647131647107784,11.274987934443823,69.24131698270953,45.98618446163954,5.528178005826783,1,congestion
2026-01-01 04:59:00,82.7669540820965,85.3309087095404,2.2289861036140826,13.47161183257883,71.40502260229792,49.442681863461026,11.227375672423358,1,congestion
2026-01-01 05:00:00,80.4508047550051,62.5082793070511,2.2900413906359756,13.093511131374314,68.08225983180759,53.44629013010029,10.592319915244163,1,congestion
2026-01-01 05:01:00,90.47529306716773,72.78207675888602,2.3732059343620593,9.995793086315793,65.85166403506506,46.993813299864705,3.3639894309599256,1,congestion
2026-01-01 05:02:00,87.2347654319189,82.55345445970211,2.3668831135596973,11.247484911153382,73.67770156633615,47.31659592948483,6.906606459833133,1,congestion
2026-01-01 05:03:00,88.31174804281531,68.4787280085542,2.6027223453797093,12.242179321975176,70.52589904468658,52.08325947344899,7.338382994648458,1,congestion
2026-01-01 05:04:00,73.54268905145614,66.9402767001087,2.699047451812185,12.234257999816723,59.404771677265856,53.70847134673284,9.886041529170498,1,congestion
2026-01-01 05:05:00,82.33662901578286,57.44176990474058,2.5069185083866894,13.454570562662898,77.1093133743553,54.25585579420727,6.779631530819025,1,congestion
2026-01-01 05:06:00,86.60412723327642,76.69830248073035,2.417152106349196,12.285541067442274,65.49149578461717,48.18108106167592,6.2998922157256025,1,congestion
2026-01-01 05:07:00,83.77765324689987,64.91562598680444,2.6593556077765292,12.729489631150367,68.14942784930804,48.93511595693628,6.26305963521942,1,congestion
2026-01-01 05:08:00,88.06904268703144,71.3715410030033,2.497113363193325,11.878856909065442,63.99390979081177,54.190841679904594,6.847102022621876,1,congestion
2026-01-01 05:09:00,83.94092342477616,48.652573000702716,2.8479019696446075,11.625571860207833,65.5262824358368,48.623704752957025,9.08053746036721,1,congestion
2026-01-01 05:10:00,82.9935935093641,51.23181055528876,2.87869983361589,13.691643788965397,74.07812760817919,46.24655051790513,9.42092617149809,1,congestion
2026-01-01 05:11:00,88.36174321254691,46.65106907517351,2.752696315678088,12.646249386347478,62.163620898664284,50.39973710542743,5.89741086149383,1,congestion
2026-01-01 05:12:00,89.83418899866633,66.81678329748782,2.7660763323883684,12.63774842506751,64.08694138602199,50.56750453355424,8.004682284158022,1,congestion
2026-01-01 05:13:00,88.20203310996428,50.00885396381641,2.8851053601573424,13.885616601052678,75.5747139994532,52.28739728521664,4.887127507431087,1,congestion
2026-01-01 05:14:00,90.36774465133458,53.221031497748186,3.032944858888274,13.500727902729349,81.91449143256433,47.19188647545911,12.370028821273213,1,congestion
2026-01-01 05:15:00,97.0703923047153,55.255669493967105,2.909003518869099,14.47336719761467,69.33850846297723,47.780558052254776,5.282107046397202,1,congestion
2026-01-01 05:16:00,94.94931897892334,43.99075826487277,2.5559758063445326,13.45480030850756,77.13295450189318,49.556563504910756,9.393125474736467,1,congestion
2026-01-01 05:17:00,97.46735088826917,49.491851476455935,2.8469206222850416,12.038475957826094,72.9812438102646,42.491076499327185,7.322236272761165,1,congestion
2026-01-01 05:18:00,96.84851591753517,46.200760581170215,3.0077089105767234,12.963368170937631,76.06588436581367,45.39332295285753,7.785528657956854,1,congestion
2026-01-01 05:19:00,94.58878631552221,60.03816484277654,2.8279655517407294,13.247926873152538,72.98029195957474,54.72355400117014,8.628208320285987,1,congestion
2026-01-01 05:20:00,92.61923814476843,58.21689172081088,3.0727992622365052,13.709329163109105,72.94681813953434,53.49092812901989,7.89919888756025,1,congestion
2026-01-01 05:21:00,106.23789800556325,42.342927244226246,3.0671678341768343,10.750597864519866,74.25288656232077,53.8631527510394,4.392231880159695,1,congestion
2026-01-01 05:22:00,96.75069991399741,25.302587191153137,3.0698886677917328,15.695259762339063,78.37363108494515,46.6486146981508,7.939692731033609,1,congestion
2026-01-01 05:23:00,101.30736103151105,43.156060357526044,3.113436659311411,12.580816162158488,76.99379299837156,48.81132614462469,10.472797730347924,1,congestion
2026-01-01 05:24:00,93.59465518332863,47.73765029172819,3.346517515216635,13.40190580636776,75.4812109945065,49.254453230220584,11.156171737516221,1,congestion
2026-01-01 05:25:00,89.44398618172724,52.776155983007385,3.197069817741628,13.608774022801024,74.26953261616605,45.83532611479772,6.338209791901815,1,congestion
2026-01-01 05:26:00,91.29782246684658,33.63355127492781,2.8535557179763504,15.592203366276168,73.80179289600026,52.3920327713398,8.201882247572264,1,congestion
2026-01-01 05:27:00,97.42026756885645,48.747448041852806,3.1728735370761303,13.577803565866265,76.60281333409883,46.32552757128406,4.681359955178059,1,congestion
2026-01-01 05:28:00,92.86612717288958,43.06221594337062,3.404772457036235,12.5309948890181,83.3038155152684,49.451981054157834,7.558054603591741,1,congestion
2026-01-01 05:29:00,105.33770357293318,34.47645701551389,2.966295730921694,13.907874899428673,74.59040675465148,48.82092145890624,7.6705664431672265,1,congestion
2026-01-01 05:30:00,39.64976873435021,143.71594810605222,0.8301975153181956,4.384856126363371,53.06726306051572,48.84343917996675,7.085742371984425,0,none
2026-01-01 05:31:00,39.3190482878869,135.51324676069382,0.7751929794260715,5.579732875828584,49.67558688607206,47.659909144379995,7.480170650675704,0,none
2026-01-01 05:32:00,51.86061906368758,141.62182495989515,0.656898794952163,5.963137669862923,50.94006228005922,48.57361438949678,9.999038073538106,0,none
2026-01-01 05:33:00,40.02541382715815,134.50970386553732,0.5997005171855726,5.1612242562835915,59.78790867068083,47.40331083370207,8.962329122126999,0,none
2026-01-01 05:34:00,39.42675540762211,157.7703676554788,0.7672778641205706,6.3013154694062266,54.653617019206585,50.76506118926291,5.013881210734958,0,none
2026-01-01 05:35:00,58.21198249608008,144.9227210311602,0.7493524623893908,5.625678395752826,56.68604577181576,52.878877364970414,7.098904819985162,0,none
2026-01-01 05:36:00,44.723997814726324,146.04301339498437,0.6288476929408289,6.74979240061808,55.991764899237175,45.82585323505765,6.465878544369065,0,none
2026-01-01 05:37:00,42.836557988784065,142.13598310109052,0.758306121872304,7.101740759094531,49.8391017465861,51.46829112815129,6.7797389137987745,0,none
2026-01-01 05:38:00,39.62960197136197,136.70000176041938,0.7504836272734816,2.326186168915413,53.11451074705766,51.309243596227354,11.031820142395013,0,none
2026-01-01 05:39:00,49.75706623501398,141.4404102148847,0.6817169338755862,4.210546329188892,56.003421699506966,50.8527623543192,9.59172696675434,0,none
2026-01-01 05:40:00,49.37034738318492,149.21449913906994,1.0693513464331459,6.347137317887917,58.77364016117639,53.944954235792615,7.788205732511353,0,none
2026-01-01 05:41:00,27.871222626269706,126.40529816281621,0.9730760586128896,4.156561442315414,48.89973592985986,46.239923168440946,5.420628350883424,0,none
2026-01-01 05:42:00,42.104895709592704,148.9896603517402,0.40012076141315595,5.546544809875062,52.028132346421536,48.46209584345777,1.1501593046944851,0,none
2026-01-01 05:43:00,43.915071306593916,151.10835980825595,0.7722995870536727,4.954906595708141,55.01034974172995,50.4679064120768,8.381771602091906,0,none
2026-01-01 05:44:00,45.69662604510583,141.8345836043765,0.6442301353454961,7.123590783323872,62.14226081465739,49.87144565193351,5.838166266328589,0,none
2026-01-01 05:45:00,34.65127336951536,141.32701502594543,0.5146450526277454,6.434454568401909,57.57720769562582,48.40994769011069,8.16033419992558,0,none
2026-01-01 05:46:00,42.17007594581436,139.20639241077438,0.7678584095200599,4.642077680577407,63.5850163733805,49.26755474296609,8.551677389541334,0,none
2026-01-01 05:47:00,52.64506566668466,144.3737570819595,0.3235746423843896,2.880882567710651,53.62839855753382,50.25242995547107,10.40537974273865,0,none
2026-01-01 05:48:00,49.21069801275583,147.4838157371917,0.725777061541016,4.917366468686974,57.02652323651988,51.33409345206609,4.682102558179707,0,none
2026-01-01 05:49:00,36.417591736358986,126.01903469083044,0.7092225905204658,4.690487489161632,52.90514798595213,46.678467193979145,7.778040244336304,0,none
2026-01-01 05:50:00,44.36475779704168,124.45259373825988,0.7504430131441815,6.578876977146548,55.04115797467767,55.60528998858777,5.884546135042587,0,none
2026-01-01 05:51:00,38.004378578773306,144.08342117919315,0.6079594128603132,6.592756642513991,46.99517642219459,49.94870973838529,10.464573115065074,0,none
2026-01-01 05:52:00,47.384445252846334,139.46571307237437,0.5266333029649786,4.913468831509003,48.13239206003651,50.403441426605276,9.115918632887933,0,none
2026-01-01 05:53:00,24.986712086509193,142.24099988014183,0.5525274233830032,3.96393128953609,54.10584195368176,44.12259128305262,11.227998536757713,0,none
2026-01-01 05:54:00,47.887392994070254,160.10811931523642,0.5077224143120213,6.1444503855577475,50.064715111154065,51.76724546069366,7.419476329645346,0,none
2026-01-01 05:55:00,44.07463855485822,132.40514988426938,0.5604032079420261,5.746942482993351,53.18779557314435,55.610328842290556,3.3748606851942444,0,none
2026-01-01 05:56:00,48.867095615582635,140.98419996665214,0.807341748317954,3.5677102907998153,54.38840474897621,51.27728707826233,7.534395335600514,0,none
2026-01-01 05:57:00,35.528958692239534,148.3015454344672,0.5072369840393793,5.62672085172832,52.17043725304905,49.675847923063145,4.452239975914239,0,none
2026-01-01 05:58:00,41.04491257420411,124.85190434439687,0.5695061771657066,3.5888772405221334,48.972434231873876,48.19209900159765,7.614666834918083,0,none
2026-01-01 05:59:00,36.0421338807696,133.95328541250623,0.7507650313988733,4.825101174908459,55.382592998837886,47.34233723713701,7.021210874396443,0,none
2026-01-01 06:00:00,45.53285406754218,142.21438919576204,0.5994267990487057,7.123935234692991,57.24280912238465,52.575834230168375,4.683307547705244,0,none
2026-01-01 06:01:00,43.96759631200886,133.83927313070606,0.900053764327146,7.292907076991637,55.564848094160745,53.29741066297395,8.259865369724517,0,none
2026-01-01 06:02:00,54.26769735636063,137.30667919016884,0.7224791204788988,3.878016635371398,52.83664463968848,54.3236851497523,7.59198688482085,0,none
2026-01-01 06:03:00,47.25578621392679,130.51866821719423,0.8005937915899883,6.802875815861693,52.52221188554825,49.06560776433801,7.435678358325728,0,none
2026-01-01 06:04:00,29.376002566769042,145.68805446635747,0.837472427285127,5.879566291244202,56.235854409457914,47.256020658554945,6.5857162268995495,0,none
2026-01-01 06:05:00,44.6354017468699,149.0838461045359,0.6710999869574726,7.101220934095008,51.238770417518865,50.94049116506599,8.920176102328703,0,none
2026-01-01 06:06:00,43.47840085178021,109.61192555747246,0.9192713751540611,5.371373405141197,54.50164446851099,48.443783697587875,6.182953775890355,0,none
2026-01-01 06:07:00,48.89838566972915,145.8540340963542,0.6597642471890617,7.906378320561511,47.65424490290464,42.549889598625555,8.35947287859872,0,none
2026-01-01 06:08:00,46.85874645055841,131.95539706334415,0.726965095131689,5.29189627885707,52.96838958161128,50.694218259021135,4.267324925719263,0,none
2026-01-01 06:09:00,38.07497159038673,133.75810990465698,0.8393258639805279,6.4695534012618845,50.277072244926615,50.680295978293294,5.872637929999701,0,none
2026-01-01 06:10:00,40.94007531661433,131.69977883700807,0.5673417627463528,6.011508710612403,59.08975545222787,50.96985340117217,13.094986933755017,0,none
2026-01-01 06:11:00,64.13238167288868,113.91232075707515,1.36485829454719,8.918322153773214,59.77827459749147,43.712840058289856,5.92512002202043,1,congestion
2026-01-01 06:12:00,54.81334129156882,108.15143703127005,1.0729464083186278,8.63308297002033,59.97546937720625,53.68542029596119,7.5749213594871465,1,congestion
2026-01-01 06:13:00,62.11733082581984,109.47664167582911,1.3323567064428294,7.212428357304069,63.50973207328851,50.41629633834014,7.192871061840675,1,congestion
2026-01-01 06:14:00,56.86488178481403,93.59346977710214,1.5435405013855656,10.480541891200502,59.89113217385017,50.88062255231845,8.243625672991243,1,congestion
2026-01-01 06:15:00,71.670899767838,96.78742014796633,1.5683376211879723,8.17465115895718,67.84819083938811,47.302380984518145,8.680231533129936,1,congestion
2026-01-01 06:16:00,73.70523504001028,110.73716767588033,1.8062405728554765,11.932721935810582,61.456077931422435,52.07797119784816,9.203739212016748,1,congestion
2026-01-01 06:17:00,69.10125840476569,89.02629009302996,1.9090516385933847,9.82195481716615,63.56889851580921,49.16884615116495,5.674900407360977,1,congestion
2026-01-01 06:18:00,64.78417681483165,87.6369178756586,1.808383830739109,10.186639759055788,61.63037319891134,53.669176138032626,6.5770883227067305,1,congestion
2026-01-01 06:19:00,69.42135196502213,84.93828222947411,1.96896399412018,7.4096670527631865,64.5752575795118,48.14352432586104,7.353084658797615,1,congestion
2026-01-01 06:20:00,73.05189894187488,94.51736412954398,2.080432908451651,10.87853110715087,64.11089831480405,52.67794274106528,8.497708567198202,1,congestion
2026-01-01 06:21:00,74.03888615536644,78.41880702634961,2.196488065144794,12.795439411817895,67.24248237809084,51.60672465751841,9.165249404981457,1,congestion
2026-01-01 06:22:00,79.51948778670584,78.5556721301104,2.3665391556376525,10.920819873983158,67.00500749777605,54.61859696725655,8.12274983021958,1,congestion
2026-01-01 06:23:00,70.94502950296958,81.4668233540172,2.1241618153598005,10.60414168624249,73.13802476494887,50.22599315374319,4.977031950211606,1,congestion
2026-01-01 06:24:00,73.98813077198295,67.30183405376387,2.585656892343661,12.739772362934414,68.74031306623853,49.49034793569949,4.209039396639114,1,congestion
2026-01-01 06:25:00,36.69516860091775,124.34281972923661,0.7233538964626351,5.160192316472032,61.4117022189323,45.02163927853936,7.473315607081789,0,none
2026-01-01 06:26:00,47.42372938554089,142.45703578210876,0.5997375755139355,6.781682218092324,55.662228682865006,52.107295467726345,4.157982769878275,0,none
2026-01-01 06:27:00,35.178282003633285,127.79272936697956,0.7001880223438096,5.294923918451423,59.15080331402587,51.24895003516913,6.641637190549119,0,none
2026-01-01 06:28:00,43.080056059143004,127.74634524673202,0.7435433157231401,4.902423488124831,54.18373092559049,48.25822241774152,8.2236073638923,0,none
2026-01-01 06:29:00,47.375852878160956,125.36159415415379,0.550604617031464,5.715879382412845,56.596771816043216,46.4697946294721,8.70725707786515,0,none
2026-01-01 06:30:00,33.4092034307215,131.69505824723691,0.5650606224435767,5.72138426083463,55.68479260070795,45.402693985632936,7.774175963964452,0,none
2026-01-01 06:31:00,30.5369058761865,143.7751513316536,0.8229621096222381,3.9868283919057284,56.322774766641345,44.1988934793985,6.51427680907689,0,none
2026-01-01 06:32:00,30.844196056997013,140.44702027847626,0.5626895384883905,6.884420263782439,56.1167292773245,48.158688581497834,8.69684984804102,0,none
2026-01-01 06:33:00,44.87613300174655,156.3604459492341,1.0176928592761567,4.8336624170030085,48.84954594150967,49.45198786558294,7.583948409136586,0,none
2026-01-01 06:34:00,44.145085889987556,142.98236181151938,0.6594316755139481,5.351323914255395,54.2256182160235,44.52297392242872,7.667823375898718,0,none
2026-01-01 06:35:00,40.50538011086144,135.90532144107303,0.6436988847734614,8.540023884879512,58.14428473688879,55.31791361696286,7.537803081451294,0,none
2026-01-01 06:36:00,35.58027416021841,132.4747166680514,0.8603946001428726,4.694596015012975,47.509611996260105,45.2033756293869,7.4252292661393335,0,none
2026-01-01 06:37:00,50.6377761732555,152.3228647840258,0.7188120318054837,7.536554954180448,56.13612741590291,47.79158394046298,16.95803499633777,1,io
2026-01-01 06:38:00,41.55325394821514,132.16127016298083,0.7748094231625934,4.997323306376412,61.22805046575479,52.22378712803007,21.172133101616375,1,io
2026-01-01 06:39:00,53.98420873307702,120.56814544301494,0.4213873955554823,3.7487973763339615,58.56934869790419,46.70787018028201,14.871834315824447,1,io
2026-01-01 06:40:00,51.82663865003927,128.9209953227105,0.6288949127248742,7.165170242871735,64.42061640632569,48.098399217759486,17.746967662684458,1,io
2026-01-01 06:41:00,52.02629081353078,106.85292650437013,0.40774641777750814,5.693694611819755,57.41493989889783,48.47760182007093,18.565031173208332,1,io
2026-01-01 06:42:00,61.01473284581243,128.10384039760388,0.6925260297592983,6.226039142981971,59.72032633374778,48.88510124978932,19.966471196845653,1,io
2026-01-01 06:43:00,46.70023335521065,119.99554333201836,0.6243883960700665,6.384591406734456,66.11909538930334,50.479561228533896,21.66786991144602,1,io
2026-01-01 06:44:00,46.70335730648033,116.16692370198659,0.6099287871764256,5.6074859876492,60.63318528597726,51.66424997143991,20.064997055714606,1,io
2026-01-01 06:45:00,56.43989072201512,126.4675855102559,0.8756899727091647,5.49318457745369,65.11613366689679,51.078706661191454,19.48867848312188,1,io
2026-01-01 06:46:00,60.930190881320875,128.6572504646172,0.6389972318560324,7.086954233007045,62.29663369872347,48.80262362513088,20.10127411210804,1,io
2026-01-01 06:47:00,48.995650821617744,129.04590431384807,0.6610940408843611,5.3627682980636076,64.35756511486073,50.81048071316563,22.649573519882324,1,io
2026-01-01 06:48:00,48.95881466054893,116.90840498021329,0.8947302539619918,4.55190542174242,64.5512859357511,42.49002749123254,22.480846728197957,1,io
2026-01-01 06:49:00,54.60477477946069,110.10306276556538,0.7346269836200396,3.085248909708329,61.04431771695405,52.847328978083155,24.383700574196947,1,io
2026-01-01 06:50:00,59.55737937796897,127.0486670580438,0.7345726393450506,4.534645060268639,66.15695474958713,47.600144055786174,17.47771728584764,1,io
2026-01-01 06:51:00,51.96377593412683,120.02350714128906,0.6570538038378025,5.2375165958913295,66.47962198521043,48.155708918748935,23.09439201078538,1,io
2026-01-01 06:52:00,62.72604203878723,108.15147655317517,0.38741444862112007,6.026355667465194,67.2810426574718,46.066916013130374,24.036615026303924,1,io
2026-01-01 06:53:00,70.10712363321687,121.85009722327823,0.6280582944530333,4.980465458063538,71.16216919806818,51.41505836313763,20.104650568904997,1,io
2026-01-01 06:54:00,57.18634675192008,112.29586026170843,0.646216546672704,8.66960936694487,60.26393398763249,47.06181791144802,20.732207986788893,1,io
2026-01-01 06:55:00,55.04950654942478,122.69622486373423,0.7042898729200965,5.879705273223408,60.498469956264124,45.39270969660693,23.421519016794214,1,io
2026-01-01 06:56:00,71.73297244381232,113.84240854771356,0.6402383452204573,3.235279763281316,64.58000759331038,47.80402235478569,22.345853478008593,1,io
2026-01-01 06:57:00,51.157300182582425,128.5507714897446,0.7594907280797534,5.860603596818273,61.16303705300617,48.13569955192584,25.531223099139563,1,io
2026-01-01 06:58:00,66.34923733980699,115.75568247263547,0.5309900014349278,3.8922589695827914,70.39407496479441,46.57546065422644,22.580653636146142,1,io
2026-01-01 06:59:00,66.14138773985181,112.27134871487118,0.6245927406959176,5.84837848998349,62.489121746081196,47.28850863578839,26.728072371656435,1,io
2026-01-01 07:00:00,51.3680099905161,105.27960410618714,0.24364892024927043,6.465715930537074,67.25796746981831,50.28579651878398,24.646575914521996,1,io
2026-01-01 07:01:00,64.91519079682304,114.27119927880813,0.5751892280832613,5.675173714320381,68.87864925024587,49.451011863388786,25.746365893414968,1,io
2026-01-01 07:02:00,69.99767366032486,111.00576769755247,0.4522954082368227,4.970017800645177,71.34245035177939,50.559711594419745,28.252486315742665,1,io
2026-01-01 07:03:00,59.25885770921393,122.49200915114807,0.41087768052717777,6.756561809220626,69.18159146858073,52.403472285107306,25.91780286498464,1,io
2026-01-01 07:04:00,48.252365941181,108.36668476842988,0.6891615335189714,6.25559264500733,64.75057512819065,48.44691277841619,27.344667691618497,1,io
2026-01-01 07:05:00,57.833425205599056,103.1339529858859,0.6412382270704471,3.624079521212061,74.44845517796963,49.773724201227544,28.861881347084562,1,io
2026-01-01 07:06:00,74.50493795542944,117.2012722547695,0.5397950090163482,3.3330305752420495,72.17887076616964,47.980096793253004,28.200767519881186,1,io
2026-01-01 07:07:00,57.20282325507699,118.11162892281746,0.7065274106130376,3.64893836609455,78.2488408400207,50.479272224644596,27.9160772536952,1,io
2026-01-01 07:08:00,69.92997265860332,114.99072425229886,0.5503776496619299,3.660054439699052,72.54366431373437,39.5023514566036,28.652831178631292,1,io
2026-01-01 07:09:00,56.67024161860226,91.9894414135726,0.5348225240281816,4.988443588420028,68.81365476574322,51.66753402619584,31.23684629885684,1,io
2026-01-01 07:10:00,61.76439787992827,100.34198478064056,0.7626341987656158,5.79275771011471,70.24649478773841,47.679576188675036,29.15490931365308,1,io
2026-01-01 07:11:00,60.64097147679974,101.36751757059774,0.5654299353679868,5.809364491557713,70.26927884818495,50.01402113600778,30.163947221848282,1,io
2026-01-01 07:12:00,64.94343330062932,101.43531123501963,0.688178184399818,5.914622565087705,74.73138016531266,56.976882008182585,27.088336981218696,1,io
2026-01-01 07:13:00,69.03090509197057,113.51068600116625,0.906667113177302,5.80013350581121,71.5456803490291,48.61411145265034,32.42299185505003,1,io
2026-01-01 07:14:00,66.90250392791303,114.32957328435319,0.8049850260961913,7.657458323690119,70.97702511332054,53.264778955172396,32.1917162648475,1,io
2026-01-01 07:15:00,61.8096956320216,94.4138588289143,0.702094086196209,5.770890706771169,74.43029926964746,50.96191048985008,27.63071869363597,1,io
2026-01-01 07:16:00,67.00650982610911,100.48646952347832,0.7121820063235014,5.512815122762568,71.08492717055765,52.06456065779687,33.41497243269575,1,io
2026-01-01 07:17:00,66.89431129867255,103.86458980081126,0.7354991786385177,6.100798286103183,83.28242225623566,44.40764218350019,35.49488529587634,1,io
2026-01-01 07:18:00,66.01490521468594,90.55644573558648,0.6491675845064852,3.9959014415208056,75.75224315753158,51.24668862549455,30.738277523016635,1,io
2026-01-01 07:19:00,65.43390936328922,99.61706477786686,0.3549086871404891,5.46047013767721,68.70529644400887,51.31792817523598,31.24514452759177,1,io
2026-01-01 07:20:00,65.19289293606825,90.56508143794915,0.7884852368076835,5.543273600119096,74.91083578636847,46.47673795841121,34.28860262019833,1,io
2026-01-01 07:21:00,71.30532209884464,102.89659369960245,0.5020949419006292,6.26357711824019,73.41026183650033,53.366959494108954,33.38427491414848,1,io
2026-01-01 07:22:00,82.97977525273632,95.09047047264592,0.8495612632397446,6.790121495271775,68.16456002110917,43.62740549080753,33.82933805715257,1,io
2026-01-01 07:23:00,70.96620331868054,102.91829597041335,0.6400459219740153,6.363969026831012,72.93681455093142,35.85578795756104,31.50493443686009,1,io
2026-01-01 07:24:00,72.45452005503448,98.17909453596268,0.645141780283201,5.4666623602653415,71.70538633578886,50.475710276682726,35.323196620207376,1,io
2026-01-01 07:25:00,35.66171619017281,140.0592335185273,0.7014988936138519,5.84270652999078,56.07138168103283,47.60935668283608,4.9262673035592845,0,none
2026-01-01 07:26:00,37.3988970655544,139.945978743017,0.6688787182733524,4.296540856370787,51.57166882816595,51.38495190744331,9.763079301685861,0,none
2026-01-01 07:27:00,49.44926259031695,151.07832320752937,0.6748743182931461,6.445031576592367,55.48339593722478,46.1131058313579,8.273813002696869,0,none
2026-01-01 07:28:00,38.74624130325481,152.55882857080283,0.49337010722471963,7.432249730118764,51.65630882982264,53.224356892813134,5.5610814774932855,0,none
2026-01-01 07:29:00,43.38012845844629,143.26521212089511,0.5066420928666896,5.3442874168468695,60.69171676298675,45.33540001265885,7.3494344590776,0,none
2026-01-01 07:30:00,45.883251513469745,137.67140509730194,0.7858007914539245,5.926513914013307,57.04404991620349,41.340569385497474,9.383228666693364,0,none
2026-01-01 07:31:00,37.28442679799135,142.5082302165056,0.5981177789559317,6.589947615863561,50.27990609443521,50.49412103270418,10.889730364295445,0,none
2026-01-01 07:32:00,47.31289143045211,145.29408206240706,0.44207507487341957,4.739085444623304,47.42532716781112,45.09945008180912,4.7360603884374965,0,none
2026-01-01 07:33:00,45.11196961272723,138.7144832690187,0.7165861947815828,6.0935281281688916,48.50632906313426,50.9957486418641,6.838174253183216,0,none
2026-01-01 07:34:00,44.26145659132729,136.91911250259145,0.6150608808941365,7.215171743261772,52.86469312257985,53.93342163829112,8.698418898424892,0,none
2026-01-01 07:35:00,35.53134245426081,132.7891878267661,0.6373014014031582,4.220191104471294,54.58355075967202,45.03764437086974,9.568512510902357,0,none
2026-01-01 07:36:00,41.480764358768546,136.02375870440616,0.7142162271329234,5.583203628992813,56.456188769767635,45.61068681303042,8.164522898644677,0,none
2026-01-01 07:37:00,29.160369504900544,148.54335570176187,0.7689362641872237,8.46450818057722,55.66207964912861,45.08133045653547,5.894723238203958,0,none
2026-01-01 07:38:00,41.18065042257299,132.5685925014691,0.6044813646566065,5.325858284211386,58.59198938140722,47.366033127288276,8.54523182753753,0,none
2026-01-01 07:39:00,41.30863818156457,149.08455311552987,0.5587141548930591,4.873286645861273,50.65974280641082,48.70710602182172,8.337974931097456,0,none
2026-01-01 07:40:00,37.98791134904603,148.3135170661139,0.3179850027521189,5.691953435609907,54.55755896523109,46.89728719783585,9.165753092190426,0,none
2026-01-01 07:41:00,42.62366377087955,145.49473590169686,0.8055766387873644,4.794605159131028,49.707692682179164,47.52708614982707,5.815128339432741,0,none
2026-01-01 07:42:00,32.01639964296933,142.76867292577086,0.5217980902847188,2.4513294637534124,51.58636664288524,47.43540500744606,4.4491372434447545,0,none
2026-01-01 07:43:00,36.19353954196265,140.5637765169373,0.6154650946274134,2.9615719678761003,53.91155489526958,54.623643697926695,7.286517079081019,0,none
2026-01-01 07:44:00,31.564279844323586,129.6872179621266,0.7884774314116039,6.321668453262534,54.048691783560756,47.327972599202795,8.217419061486224,0,none
2026-01-01 07:45:00,40.881770115130095,148.45891768985712,0.5840777931101303,4.94167146062799,57.994782336737934,48.71896077442992,10.47195988191797,0,none
2026-01-01 07:46:00,37.44473034778754,143.99851408458454,0.37282861887386426,4.6947263714812415,53.45949819350157,50.64576156982193,8.258196634703863,0,none
2026-01-01 07:47:00,46.21964207107119,140.23154374101975,0.6570403005951193,3.884692981756042,50.22505313100329,45.34864824256473,6.697836330607538,0,none
2026-01-01 07:48:00,35.44997155663641,128.92250727503657,0.5818051908288641,4.189877704077313,47.490249859681896,50.52222677603342,4.34353585217419,0,none
2026-01-01 07:49:00,43.10381857677495,141.54152023169675,0.5660933536970741,7.157875624416908,61.53068249615772,48.24002305553483,6.9519166172337625,0,none
2026-01-01 07:50:00,39.9064563285763,139.45007638249052,0.4889710246880816,4.948644650914758,55.93062563235698,44.30682885421784,9.948909219989329,0,none
2026-01-01 07:51:00,41.69200269839964,150.95691850911675,0.5238178742086337,8.12774134988781,52.255414300817144,44.2603256205118,6.999801839888134,0,none
2026-01-01 07:52:00,44.3648158422879,155.5216828165285,0.6212141400877004,7.518804182428871,51.229479052362905,51.71675709521253,9.476042687056841,0,none
2026-01-01 07:53:00,49.06266443100298,136.56332406345516,0.40611605706901915,6.0538495352691815,58.48677387309404,51.9234420164009,5.553531156293524,0,none
2026-01-01 07:54:00,47.84012751472577,153.71970078492706,0.5273072904358233,6.318113425032066,52.616820815060635,48.32067338932286,8.147950158569472,0,none
2026-01-01 07:55:00,31.765474858886407,139.27386226704567,0.3721210954836306,5.193017611299446,48.1652505074197,52.73512131540224,6.184674407705099,0,none
2026-01-01 07:56:00,42.78612688548276,134.10254606594447,0.5355374449239437,3.322296905622242,48.73719453598002,43.53802058740385,5.903173853360087,0,none
2026-01-01 07:57:00,33.53850761215373,143.8212485190428,0.3223160933717653,5.439752158215045,48.00148165276793,44.73936767174651,7.5369995005512855,0,none
2026-01-01 07:58:00,41.4689943207823,130.67545382760142,0.8920865882017233,7.900308256151366,54.054261082389836,49.71223112779228,7.584618389791203,0,none
2026-01-01 07:59:00,34.43403420595635,127.62048343221177,0.48669001770762355,6.696782038839187,48.95605566202619,51.375850250195946,4.384917076549965,0,none
2026-01-01 08:00:00,45.32083245325474,129.50030873832884,0.5742230317161925,6.019768484461276,48.048345399694796,47.123094190325595,9.132224598661047,0,none
2026-01-01 08:01:00,44.233550539986,153.6040107138475,0.6297397131746059,4.837037545999016,51.304045438733006,52.79827843952456,5.852593380690165,0,none
2026-01-01 08:02:00,39.84165843388506,145.4534273366978,0.5525030087979222,4.049894929083738,55.5533165633636,45.97607606520205,8.561148591378151,0,none
2026-01-01 08:03:00,33.50901744612369,136.51505420077254,0.6914307329940675,5.893350876459661,61.24967680619165,47.67892562783561,6.3400485319254685,0,none
2026-01-01 08:04:00,29.900819926932794,147.19420598374253,0.5517897009289532,6.650512403168933,49.55100028626571,54.19051107125009,6.128988824919831,0,none
2026-01-01 08:05:00,31.093804268554955,150.25923056397733,0.7433890728407085,2.8709358540780645,50.06433738349643,45.07032796303443,7.087070569626631,0,none
2026-01-01 08:06:00,37.62239455083617,146.16235111962678,0.23993240311274833,6.008035224108495,49.39102885064804,46.975613713762556,5.122571778272176,0,none
2026-01-01 08:07:00,42.81424496330971,136.4260489257724,0.6133452354380966,6.918720355894873,45.481941056641595,42.45492738838959,11.379666092015079,0,none
2026-01-01 08:08:00,44.85883308373971,147.77516708068427,0.576018892514009,5.586347141857149,47.929250099417075,51.06694681852507,8.499637734979492,0,none
2026-01-01 08:09:00,45.34888798894923,146.4977594234004,0.7831260047354948,7.492130216871226,50.049275636679965,49.213280719920036,9.598767278195886,0,none
2026-01-01 08:10:00,33.63629214277658,135.46323327800533,0.5204783280787049,4.362212431275706,45.11699348499583,45.13588480519541,4.9909940052735005,0,none
2026-01-01 08:11:00,38.64393545164211,140.68925351223047,0.4002488052496839,4.016320129719686,60.193295767884194,53.24140313470115,9.241701912412939,0,none
2026-01-01 08:12:00,44.163678671910624,140.6100036603619,0.5333335368072577,4.412911227460026,40.748237828965536,53.520762513080165,7.71155284014253,0,none
2026-01-01 08:13:00,42.232734888829505,134.53007325576596,0.654188876249856,4.689464813921472,53.44997071081926,46.73862018218651,8.246053590091815,0,none
2026-01-01 08:14:00,38.25196911137788,137.0803859458352,0.5941130031522559,6.205713161442718,54.46541099353468,44.00765506989963,7.217238920312757,0,none
2026-01-01 08:15:00,47.75482239171808,125.91730336258749,1.3356637582557496,7.450726160665827,57.86857529473138,39.86209498101246,4.526262541275836,1,congestion
2026-01-01 08:16:00,66.52704122208962,115.37983936070324,1.3992687449541488,8.053917715869765,56.12539339737926,48.38439521081201,12.814533783120595,1,congestion
2026-01-01 08:17:00,56.08008079617976,108.90697227860014,1.324208327164222,8.85520569991508,59.38879784785136,50.89603244272115,5.619559712773549,1,congestion
2026-01-01 08:18:00,47.40548969005929,117.70798180243739,1.343846863855004,11.662661479472956,56.715174582571834,51.5002233171477,6.523755651564196,1,congestion
2026-01-01 08:19:00,59.85639816615141,115.20891451836917,1.4536050255277189,7.475401670742789,64.82773490332472,48.2236293447769,8.527737373929845,1,congestion
2026-01-01 08:20:00,59.78969782829188,116.93841864125947,1.233148989658262,8.748429080577722,66.18537901783542,48.54789700591891,6.919557965840701,1,congestion
2026-01-01 08:21:00,57.9703880172836,117.01924128419465,1.4639638133426973,9.967527806607347,58.85818659336984,41.37141222395765,4.137420488035659,1,congestion
2026-01-01 08:22:00,59.02747645513203,99.27037578285717,1.490404783500459,7.4332940878659475,56.288827586517435,42.87044565950866,6.6199628516711755,1,congestion
2026-01-01 08:23:00,52.96533722375729,104.72643660576693,1.541163007568763,9.677647791362649,61.86217651311655,51.923423384697614,10.146567767997524,1,congestion
2026-01-01 08:24:00,68.72560464280042,102.08115959749867,1.3984629653853196,8.006038521578457,53.629186953430505,42.76187774700495,6.451277076943028,1,congestion
2026-01-01 08:25:00,60.80321363102405,108.99543591510243,1.4650067631645691,9.234301493656277,63.262024346374254,51.38597681340122,9.451278129936291,1,congestion
2026-01-01 08:26:00,50.65358023578054,108.84955097048174,1.445170483193629,8.90606974532523,63.181728515821106,49.206771267572435,3.2513934799130126,1,congestion
2026-01-01 08:27:00,61.02441147638679,103.69380990723812,1.4599657436619455,9.56786437608939,53.30657175543581,45.11908555629675,8.619988394292989,1,congestion
2026-01-01 08:28:00,47.41671392907194,111.16511376457304,1.6651020956491074,8.334084599319395,55.59561450932294,45.332914672038534,4.693406055256285,1,congestion
2026-01-01 08:29:00,64.98730705976145,99.09900013565735,1.6646907463871137,9.869654846291873,54.93647317956303,44.946330184715215,3.2439856069164046,1,congestion
2026-01-01 08:30:00,59.88088488164486,83.75079287879444,1.2203067933485223,7.130363852116064,53.870579174563716,45.978853603815914,4.704485377053736,1,congestion
2026-01-01 08:31:00,67.0710530235583,105.10945172040104,1.6463340894546847,10.37946088744655,63.537772097028835,47.827154684319765,11.959868854897122,1,congestion
2026-01-01 08:32:00,70.3938417055174,100.77948542642389,1.8884045426057028,10.531736949300688,59.876921386359015,50.11241587499995,9.291270735051704,1,congestion
2026-01-01 08:33:00,66.26927452160247,95.89900830843479,2.212805208454015,8.93763038024206,58.70972904650715,43.28631240943851,7.9203383890527075,1,congestion
2026-01-01 08:34:00,81.55913272650577,88.1780227846557,2.1223120035416323,8.586287539425287,55.84957674102593,46.526723696208684,7.667194050140107,1,congestion
2026-01-01 08:35:00,69.07028432946697,90.59261084050259,1.7226992355691748,8.049212937505807,59.935516307347406,43.08613818327916,7.480965583874152,1,congestion
2026-01-01 08:36:00,72.35618805493066,83.7746904585828,2.0084754670690597,10.885322581506244,63.274729417249695,56.45246802094008,5.924187698793502,1,congestion
2026-01-01 08:37:00,69.74442109035601,83.66749646175586,1.8087145676319247,9.925569589230017,60.69558257989112,51.6518547578498,9.651272662199696,1,congestion
2026-01-01 08:38:00,68.63188348010448,85.98632128900755,1.8660692974162774,9.22255967879418,66.7062644931694,53.81300285487471,10.499912279333907,1,congestion
2026-01-01 08:39:00,66.2393369334481,100.507562669084,2.2234661936753204,10.51356431214305,66.65472653478686,46.60315010231723,6.934094078837063,1,congestion
2026-01-01 08:40:00,78.14555650267795,91.21660521188538,2.1223011150484905,9.839797924004205,57.02742292806846,51.66570437353927,7.779863046175674,1,congestion
2026-01-01 08:41:00,76.41742459202713,79.20743785401527,2.1544703744098666,10.670472747093635,59.636633318585744,54.36300952822988,7.390108417715717,1,congestion
2026-01-01 08:42:00,81.90743946599335,86.25330737455802,2.2768413967449233,8.456423476519053,63.55174645829035,51.88866490247576,8.214987561795658,1,congestion
2026-01-01 08:43:00,69.85750589057213,86.20288799213665,2.0188840008375175,9.279094951309926,64.46427612894897,46.73426836206978,6.806362992950099,1,congestion
2026-01-01 08:44:00,69.54061475173967,85.93224608946682,2.313802503635885,9.536605563402457,60.22277959466486,42.258282891165564,8.285433227991474,1,congestion
2026-01-01 08:45:00,73.37577893969808,92.13140458415313,2.241305250256145,9.163017778238903,63.463428463923044,47.94429752243714,8.133700707745996,1,congestion
2026-01-01 08:46:00,75.61531376642894,80.90012433673911,2.3972297343124973,10.262726788458968,70.78554369226033,52.449728552302275,6.801471757857686,1,congestion
2026-01-01 08:47:00,75.13494859746191,95.52464071051695,2.0338741647680916,8.379444781425484,66.02635024789953,40.88857102427519,4.9729074818595915,1,congestion
2026-01-01 08:48:00,65.35821044506562,88.74066754188043,2.2733006474365163,10.486166099893566,64.26092980910924,46.06832994132271,7.9787599251600305,1,congestion
2026-01-01 08:49:00,76.3324782902794,81.06379754283155,2.139245223799806,11.618134578051837,65.00497718328779,51.597491650495385,5.412279448900819,1,congestion
2026-01-01 08:50:00,79.08208071167248,77.20345506804918,2.4935879710201703,12.93825993333024,61.9024220390622,47.308880904561626,10.324867832129721,1,congestion
2026-01-01 08:51:00,80.98944002959331,76.30591729671954,2.462366466952935,11.570360267126311,60.25074874879575,45.93528944270484,6.818250611747085,1,congestion
2026-01-01 08:52:00,77.04017155987529,75.19245571259577,2.2764540471195014,11.135777416764768,64.08579440423168,49.95744189436282,6.045920002855603,1,congestion
2026-01-01 08:53:00,79.401573439195,68.9164329300709,2.3823458971873435,13.20056465256405,69.55411998734435,44.10128851419065,11.524685812807206,1,congestion
2026-01-01 08:54:00,86.96636597340478,72.42078000582084,2.5954912400042507,11.628340248393771,58.37214314838492,48.3542115198936,7.964196405455574,1,congestion
2026-01-01 08:55:00,88.25566209737971,64.5098221610689,2.4224621844334164,11.97609325749282,67.13148999133746,50.026997774259435,11.490357227955005,1,congestion
2026-01-01 08:56:00,81.99337227652498,73.70839932702897,2.5086631505799035,11.767288509722771,66.1291075221647,45.82335812468082,7.3169059096001625,1,congestion
2026-01-01 08:57:00,82.11491561887178,63.34075722893169,2.25292903557648,11.284624674266269,62.8315743969661,43.495196385838796,9.654390663011311,1,congestion
2026-01-01 08:58:00,38.445503164334106,147.452919088786,0.62801174690898,2.6197807446442916,43.01429860892159,53.96413517705627,6.560187717554809,0,none
2026-01-01 08:59:00,43.34724453757397,149.27657436774007,0.5522439604501338,5.21166437747482,50.450954145367824,53.019057747990004,3.8940169327960943,0,none
2026-01-01 09:00:00,39.27845017075911,149.21296355186269,0.5515391347045575,3.719823908046688,51.3363123003137,52.21090867977796,7.67247559659551,0,none
2026-01-01 09:01:00,39.22528064593611,150.22144231162892,0.8705310425970116,6.624685560962216,47.54732313592198,48.318218064589146,5.283920647442432,0,none
2026-01-01 09:02:00,46.5894736446881,145.5295720963294,0.5303459069960081,4.654139911398887,49.583649811355116,45.501972954228904,3.9953313714229868,0,none
2026-01-01 09:03:00,34.68650431763157,142.30127122922144,0.8487523731000232,4.441628058125337,48.54960225468372,47.813356397712376,4.032033327467056,0,none
2026-01-01 09:04:00,32.17277303691804,150.3517543413882,0.5024325046442331,7.196842099688873,53.87163558047149,45.327604650772685,7.458136991284038,0,none
2026-01-01 09:05:00,37.45487156720819,150.6557210703218,0.5182664512968671,5.726005916402986,51.8538161408002,40.04534657621194,8.649575978333786,0,none
2026-01-01 09:06:00,48.6684393202885,140.15669429500645,0.5016312627575822,5.153307752528431,46.266396014187066,53.189120859799765,6.544085393816747,0,none
2026-01-01 09:07:00,41.14161099256238,155.22570224223116,0.7583168252454671,5.645411217326559,51.410332875593085,46.16666768724045,3.1785908757816284,0,none
2026-01-01 09:08:00,28.789995100138484,147.6274333257527,0.425914865812843,4.46402075568767,49.60490742165572,47.26868463808447,6.996287532501869,0,none
2026-01-01 09:09:00,43.12476653187796,153.12294343419492,0.7102939104015706,5.004877595697831,46.333634322238794,45.95357115800243,9.145869074688118,0,none
2026-01-01 09:10:00,39.14739480133116,138.28448607326246,0.40435039437475684,4.050981099593773,49.10973032142969,45.91209067002643,8.663346347254738,0,none
2026-01-01 09:11:00,39.49861868109788,144.44371736474974,0.46510506629945286,7.0259336612078656,44.78162364434547,46.10769855207486,5.364173028520662,0,none
2026-01-01 09:12:00,28.64756355992138,144.21206554215127,0.5718008940378623,4.602006973007229,46.53621623332946,48.380843752708714,5.027653494840658,0,none
2026-01-01 09:13:00,33.69407917018982,144.62659904540334,0.7351018032342594,5.1400367746107465,51.93735311264467,45.1705082188018,2.3168093412942072,0,none
2026-01-01 09:14:00,34.386239011589815,163.74486704000878,0.5153309088854972,4.678253728823702,44.2939032453398,52.11837323888661,7.820450763394965,0,none
2026-01-01 09:15:00,42.45214463845824,146.092865122157,0.609257409180111,5.123421232544733,41.34561839348794,48.1852434755791,5.540605430115361,0,none
2026-01-01 09:16:00,32.390130908911146,150.43463844326857,0.5890016416328323,4.915140585037575,47.92195614869981,41.35122880733956,9.515005941436531,0,none
2026-01-01 09:17:00,32.1730373174044,151.93314774019854,0.629205574541936,5.000228928394231,53.22680117799897,48.355525060480694,3.968588192692882,0,none
2026-01-01 09:18:00,28.5612533570433,142.7942103034893,0.4250432419202732,3.4755027244082393,51.40083369892212,52.967958576373114,6.032947331603958,0,none
2026-01-01 09:19:00,41.84999343150029,153.39506615803532,0.6188112678678221,3.959118128286929,50.36742406412444,50.42392275850702,7.744395015930339,0,none
2026-01-01 09:20:00,34.91988160381435,138.62842399288758,0.33513460745596424,4.840889242639597,49.3796977812571,46.74459799004115,4.074146656363671,0,none
2026-01-01 09:21:00,41.82390531156826,140.62185621588176,0.37001683519355155,6.458087171335549,53.1415262966625,43.53910414175385,4.080330345919132,0,none
2026-01-01 09:22:00,36.6320357696656,147.45844663305118,0.607341066919565,5.132423405904704,41.79345948539466,48.295386354581524,6.24970700319321,0,none
2026-01-01 09:23:00,40.78197192312667,139.34644507932305,0.49025494016447796,6.533995406692494,43.98649066755427,50.12131812065858,5.442214251179369,0,none
2026-01-01 09:24:00,32.34670271939939,140.42830052696016,0.6285136140460191,2.6105955775420706,45.36124355189436,53.44091613701545,5.026120785730162,0,none
2026-01-01 09:25:00,40.65137776452083,150.27589049450293,0.4711234879930923,3.601786251287499,44.47438694813795,46.18946366088932,4.844658249031023,0,none
2026-01-01 09:26:00,33.968734753242096,153.5385651018751,0.783895153766355,4.554605950791251,47.1319693033483,45.314460088539406,7.005914112280885,0,none
2026-01-01 09:27:00,32.72209372521087,127.42578934111945,0.6998093903131337,2.6960712474080992,46.09012456960659,48.75918110344282,6.570317159907093,0,none
2026-01-01 09:28:00,42.923221712539046,142.5619158397056,0.45068929734745666,5.067924916468047,45.80415942825059,41.73084395582339,5.028554604208633,0,none
2026-01-01 09:29:00,29.772390653891655,147.18291572902163,0.5306265155188397,6.472503878590253,48.54891976600195,41.0139950225245,5.815037060639503,0,none
2026-01-01 09:30:00,37.812819149253514,139.62083905615916,0.6127609716224868,4.481513917491778,43.16275806583019,46.75411914643994,7.248787992781813,0,none
2026-01-01 09:31:00,39.05637550139257,147.57673903603393,0.48168693745282914,3.335782417367984,47.12567547884333,48.39577855747662,8.911233152483724,0,none
2026-01-01 09:32:00,38.500229140646546,156.27535379808668,0.4958456773819228,5.280185862923669,48.76749408902657,45.32516443482034,11.35635964886449,0,none
2026-01-01 09:33:00,37.36170085669325,150.42198128387054,0.4084659829545166,4.027713075130023,50.80965191443075,44.389637231112545,7.216505256492854,0,none
2026-01-01 09:34:00,42.95368827397268,153.493816929429,0.5486548748553558,4.1733839657087985,48.07473507616626,45.81745328249986,6.517760286514768,0,none
2026-01-01 09:35:00,33.06373003506632,160.19180110681617,0.9092355289324376,5.612860634191451,39.68213209197177,46.090151926545346,5.506720280264171,0,none
2026-01-01 09:36:00,45.74870696845419,146.87840304696203,0.4930823521015861,5.366540398890879,44.643903255387585,48.55259892453102,4.890528145892785,0,none
2026-01-01 09:37:00,45.43582463959464,153.95653571490357,0.6170648548623061,3.153905131570545,47.773804363728416,45.2706533062407,7.262640194059438,0,none
2026-01-01 09:38:00,38.47810066351128,147.72603157822132,0.6076472630508606,5.594935637336692,46.93317959539474,42.749963622301834,5.615936045574058,0,none
2026-01-01 09:39:00,36.32815748076226,160.21587358576247,0.6391604614643466,5.088679636961907,47.40855182958685,40.23726830978548,7.978646087663256,0,none
2026-01-01 09:40:00,29.86791509195128,166.31897283505097,0.4600479990268141,4.897884896596697,45.11844278447395,43.43512845798852,8.01683502113038,0,none
2026-01-01 09:41:00,31.25815683752378,141.7592214824273,0.5852958255695798,4.064227359887415,49.74277365948294,42.873193565198356,9.34795966839471,0,none
2026-01-01 09:42:00,32.500624970305665,139.3722236986936,0.5411509805539297,5.451293863675826,47.55329489278944,41.272232864075214,5.976353800710463,0,none
2026-01-01 09:43:00,37.67437541472921,160.33309612434803,0.6501363517904132,6.684053643754117,47.07760191856874,44.36466470962003,7.022884950319616,0,none
2026-01-01 09:44:00,45.99064714983728,146.3108163047063,0.5473259283894898,5.673971300492738,45.30790128486551,47.22937295653824,8.214817802241257,0,none
2026-01-01 09:45:00,27.19307022334263,156.67523995324797,0.6370433691287765,3.4085217882026306,35.0085104016583,39.68531654999635,5.99880676393715,0,none
2026-01-01 09:46:00,42.000349468513015,154.15532271663255,0.49074142140486277,7.054106232074884,46.99443681874725,39.856185286468246,5.90790891653543,0,none
2026-01-01 09:47:00,37.43441428428377,134.99833596405432,0.5992852836257303,4.473972397009809,49.114510299246156,46.1953091591314,3.444447384643855,0,none
2026-01-01 09:48:00,38.49662995715824,155.8370045879303,0.5348806225026574,6.882251046052981,42.48968299137996,44.92051633431039,7.346926700247144,0,none
2026-01-01 09:49:00,37.38829823012372,154.33036538018865,0.38716116069480955,5.167489182703326,42.10298534441673,48.48818082810679,7.26062097519625,0,none
2026-01-01 09:50:00,32.33937567099541,163.37450952819685,0.4439647838442694,3.366864692881613,44.05006007613949,42.437780568444694,4.562211483526742,0,none
2026-01-01 09:51:00,34.14564056405372,142.67738354624328,0.2896137115751449,5.682903775559195,44.951319577174495,46.64165602031318,7.704526018251003,0,none
2026-01-01 09:52:00,36.788303386250995,145.0674629855639,0.5962202415064932,5.872608912803439,37.15086290365286,44.364582531862126,5.17024069243391,0,none
2026-01-01 09:53:00,43.082413860517484,159.66261893074935,0.31261831245949917,4.805496119397476,50.71064256076204,46.18981427642854,5.668149118955281,0,none
2026-01-01 09:54:00,34.59247571149004,154.55780102361842,0.9099448617068151,3.821898472503716,40.54637863515529,41.743614305282335,7.079784432396729,0,none
2026-01-01 09:55:00,44.25926018961437,154.92174009902143,0.5548826503740191,5.859403555441204,45.0253120360316,46.34418818016975,5.099994161662046,0,none
2026-01-01 09:56:00,42.88883236076517,165.86592340857652,0.7227442869694518,5.575140201725395,46.363312180466394,45.92509315927635,4.8453806335070055,0,none
2026-01-01 09:57:00,34.6919102471341,143.0640060253828,0.49666905253334925,3.849050339396257,40.563669636068916,41.52424101665636,5.698292048485808,0,none
2026-01-01 09:58:00,38.20372731197303,154.2059605555551,0.5485608210127906,4.31924266322632,41.781837592182896,43.90776377504934,7.517777023639698,0,none
2026-01-01 09:59:00,43.39466060766036,161.5042396603296,0.5434538068609025,4.541264996937379,47.30018240312492,40.90073068109734,7.642078071850424,0,none
2026-01-01 10:00:00,28.87736880538285,152.61159597758262,0.848054845902549,3.89690378088229,44.003921156880295,47.92010738999092,6.203348726519573,0,none
2026-01-01 10:01:00,31.00809799969781,154.54925041956042,0.6268278235287268,4.931049085555665,45.390178262115235,45.86355830093241,9.390307211730246,0,none
2026-01-01 10:02:00,40.89849394512605,159.30913868540702,0.3925605016998788,3.6166014164620117,44.428097694323625,46.09463668371427,7.848553554490972,0,none
2026-01-01 10:03:00,40.47622403659338,163.86026735132035,0.6286164369267233,5.2024452677892805,43.369489710368484,44.366935983620856,8.229631834200195,0,none
2026-01-01 10:04:00,31.593219212131732,163.69304232428047,0.6029531818989226,4.261282291835816,40.353324543917054,50.589982904663266,6.571841606053113,0,none
2026-01-01 10:05:00,29.90792189919248,167.3971196897033,0.5118479065254333,4.336137017738999,47.65007257925428,40.790046811202366,7.099483748532126,0,none
2026-01-01 10:06:00,38.6955550585696,147.22565702931297,0.777198938019496,6.193792132946746,42.51882880067286,45.54540457890307,4.169257873426494,0,none
2026-01-01 10:07:00,43.100612138644586,151.65275459312446,0.39615350122219695,5.03924846597422,39.652477608307976,45.947059532001504,3.6124247934008396,0,none
2026-01-01 10:08:00,32.631353185518904,165.58477842698392,0.6615543245655131,7.653275035639057,49.119348510106576,44.929120081001,9.59206698437358,0,none
2026-01-01 10:09:00,29.988200797035915,152.9750971744625,0.61349700853153,6.523592086625909,43.045556733500206,42.59791124721353,7.079064840518921,0,none
2026-01-01 10:10:00,42.08065179628249,147.8505631745843,0.7349059300956854,4.790843958005151,42.24579019409309,46.04816377102553,3.7541554406753894,0,none
2026-01-01 10:11:00,40.225987164599914,155.07213048084893,0.6162367951569333,5.3344210379091255,44.59660571642934,46.61768712902,5.135682877947289,0,none
2026-01-01 10:12:00,28.048670007911696,157.30661259661807,0.5385497851660068,1.7157675781920867,43.20558907432763,42.90298553725594,4.779887279322429,0,none
2026-01-01 10:13:00,29.875936906260797,148.80794431639035,0.30095198032739395,4.319637881450213,43.651948938230014,45.52611354199428,4.704063090382774,0,none
2026-01-01 10:14:00,33.48659162879522,159.6964896556873,0.44060752908037715,4.869966287868691,45.55181857787929,39.295379629253105,4.7411381443320515,0,none
2026-01-01 10:15:00,40.985293426767235,153.10316014679242,0.44180076286582637,6.272872173184524,45.493389270340664,46.5795225447915,7.430293747644727,0,none
2026-01-01 10:16:00,39.39315671218735,151.52728834382376,0.5009858413585896,4.121647206563045,47.82963536042779,42.06619688782928,7.5795557643736515,0,none
2026-01-01 10:17:00,34.92194372948291,150.9243331690025,0.5892270788350168,3.995487945098366,50.28708777589543,47.01848696004997,4.881263909708875,0,none
2026-01-01 10:18:00,23.775765684739216,153.50485713663466,0.5199078689689844,5.353442728869902,41.041884217904396,44.1671146354845,8.62471267323848,0,none
2026-01-01 10:19:00,49.41245552047659,171.73812892433995,0.3803258193270901,3.9110906060406676,43.18687698953253,42.64851350457411,5.5861377497962525,0,none
2026-01-01 10:20:00,30.218261912684667,162.68956933012407,0.4416191049818583,5.181051324962835,40.65805263854178,40.675213683642724,8.249077278080797,0,none
2026-01-01 10:21:00,44.635894342240746,168.3794231614058,0.5671766446932255,4.356763986839665,38.20949466787111,42.29819313712326,6.260273959917363,0,none
2026-01-01 10:22:00,43.965856322868106,151.7215690563921,0.42050824908354545,4.712531758475436,40.38541449459533,48.028972155448585,7.656438204485612,0,none
2026-01-01 10:23:00,38.082003800321345,160.26346436000927,0.5950158934655972,3.291659612498327,49.97320262718689,50.158075861960675,8.30418860848025,0,none
2026-01-01 10:24:00,37.024089579387415,151.512300083601,0.28205755928075965,4.527932161499526,43.40381807819396,48.36838528759576,8.419851660925849,0,none
2026-01-01 10:25:00,29.843866306079924,150.3092344234076,0.7225186691267578,5.548790972729272,40.665390599665166,47.07783089856417,4.298412915216374,0,none
2026-01-01 10:26:00,27.68830280808242,152.7822757774226,0.4312908246701883,3.8117701498898238,44.171719167394315,48.470175894875524,8.032473859882032,0,none
2026-01-01 10:27:00,28.851206714835776,162.28147941792056,0.6156818570102047,5.279640358007618,39.507300114918095,41.18828537972569,3.6213387304208013,0,none
2026-01-01 10:28:00,25.9689223491192,143.22782134038462,0.43635874544933495,4.863973913239219,40.33739054471705,48.863543201829565,4.373588943797655,0,none
2026-01-01 10:29:00,33.34950938995604,151.48537301727873,0.3716737868995095,5.394011878720885,48.18506578194727,45.09439005514262,3.799818745837451,0,none
2026-01-01 10:30:00,26.10872600898677,170.10658964170665,0.5744257582125423,3.3751365533957287,39.15927584361076,50.95121230988136,5.621474566308002,0,none
2026-01-01 10:31:00,42.39940247729247,170.38431422329077,0.49724626284795354,4.097707479734437,37.21697871210569,47.59220538800579,6.603555128270287,0,none
2026-01-01 10:32:00,48.885140502844216,160.57254749123211,0.3402877139685305,4.412357536460457,32.083221840828436,50.11517089236648,6.248214977400432,0,none
2026-01-01 10:33:00,19.65263263210658,169.9556256289776,0.30620614887449404,5.749125731666847,40.39509088748264,44.540823739862155,2.5950781058266434,0,none
2026-01-01 10:34:00,25.748116509054142,179.07244976299617,0.7806859923316177,3.5844923751207136,43.40226454132062,44.02126547895282,5.483133822148169,0,none
2026-01-01 10:35:00,37.68968920653705,147.10980449195583,0.30228506881096706,5.030106373275649,41.91420010038381,48.78521302725511,7.492497176186559,0,none
2026-01-01 10:36:00,35.31751475020315,173.77673301756778,0.14710547323224782,2.9115567621651284,43.787729765165736,41.37991563078599,6.483981102662875,0,none
2026-01-01 10:37:00,31.878035109983756,164.8240823794178,0.669956470328871,4.68051880832934,46.132617121548634,40.80845196693966,6.825550828683904,0,none
2026-01-01 10:38:00,32.793225942426446,163.42223545145487,0.28893942971273745,6.883214429574481,39.89160968189608,42.804419417033486,4.028981715229831,0,none
2026-01-01 10:39:00,36.1128846461646,152.89570199485343,0.3210898025200438,4.080415921775856,44.498802318218395,46.65612649827951,5.514924599491877,0,none
2026-01-01 10:40:00,30.627104457231034,148.93849961813117,0.42195861960946246,7.838370372827324,47.789542838556315,43.13327729190531,8.424242833166964,0,none
2026-01-01 10:41:00,37.39041654244052,150.64581897158104,0.6424556211900818,6.102443892981484,43.18166562290541,44.99195694175914,5.54188773651551,0,none
2026-01-01 10:42:00,41.22780857452283,165.5421518172134,0.6078524922415449,4.730225908336522,43.3236120409408,48.741662025238355,6.311358927930064,0,none
2026-01-01 10:43:00,41.28680296184731,159.23609463381894,0.5294688982060602,5.5988645161026245,42.87792211636222,46.10823301082069,8.036511371851025,0,none
2026-01-01 10:44:00,44.53764249931066,139.25432820878166,0.1950740645986095,3.1124383879842856,42.75197469246469,43.210707761053435,8.547671331728317,0,none
2026-01-01 10:45:00,35.21543139837685,150.11972228591728,0.4950987847295017,5.997903706573059,41.84749864089204,42.52500006165197,7.203526235442314,0,none
2026-01-01 10:46:00,36.39525604377801,163.58622484058264,0.5461439810770048,5.379236059670594,41.3712783801049,46.61283400041557,6.7720557605823135,0,none
2026-01-01 10:47:00,23.245657433019968,163.8979162463668,0.766029304627834,4.989551490502218,42.73589304533095,46.05734022552788,4.950694632162657,0,none
2026-01-01 10:48:00,32.02126378883141,151.00180675839957,0.5415612612885884,4.368159409652458,37.179651718201605,50.55186166972182,4.479002441444649,0,none
2026-01-01 10:49:00,27.56109575892462,165.69522781868443,0.43754791072550997,4.669256914567558,41.02888714637746,44.686324747256805,5.514334765451496,0,none
2026-01-01 10:50:00,40.407374201121925,165.3704341755579,0.6154559629467347,3.9853770096891368,46.85939370159763,44.8639931974534,8.573702960171788,0,none
2026-01-01 10:51:00,44.59283362242462,162.54025493462015,0.4542440242155146,4.852599142637687,48.731467473994414,39.70761994680722,5.188703282988284,0,none
2026-01-01 10:52:00,30.874718786553057,165.03203635219944,0.4219807174768141,4.421576990270572,43.42071464023308,44.00586625168771,4.215677937179436,0,none
2026-01-01 10:53:00,30.64555062972041,163.08873215488126,0.3201090715445527,2.478410269420576,44.33741876404337,45.22250537649226,6.952942733146381,0,none
2026-01-01 10:54:00,29.675506501151165,149.9931323391155,0.4057086565277249,5.04629898030814,47.40186520975458,44.13397250464421,5.195016043618809,0,none
2026-01-01 10:55:00,32.41960735090073,142.76385986088533,0.6458872395786348,6.650902124142922,39.568652366945734,46.52638253219455,5.658364669652744,0,none
2026-01-01 10:56:00,27.750236112352873,161.6305554327351,0.47824901417034965,4.435009694131718,34.77582585563438,43.66598559038674,0.10555134335931537,0,none
2026-01-01 10:57:00,38.215618666148444,159.80972071576574,0.4870816326038293,5.795779664661985,37.73089689945726,44.45347600970902,4.715084077591972,0,none
2026-01-01 10:58:00,31.0345905258595,153.60409959348567,0.6738636043934253,2.2925593536430897,44.160738830875424,44.17953131197762,7.266603945871976,0,none
2026-01-01 10:59:00,42.37275297083036,158.8074597608175,0.1249482730065089,5.079003289435088,44.599629649557215,43.360558754185,5.0640586908174825,0,none
2026-01-01 11:00:00,37.62381959442842,166.82510993509638,0.37870323530191063,3.766369921494027,33.619983147473484,49.21697079794278,3.8613259062454786,0,none
2026-01-01 11:01:00,30.46719534302799,152.45446767953933,0.570383434814896,6.273588955526249,36.25823722049171,44.376540016302876,7.827048793437495,0,none
2026-01-01 11:02:00,28.918785088363954,162.45445412943798,0.48163817635621237,4.934691398297436,37.12360240931651,45.04575577667566,6.665793322020232,0,none
2026-01-01 11:03:00,37.83544867126027,155.16019189550624,0.46803580624293006,5.126912874305571,44.44271928006704,47.38520327978009,1.4949180851865895,0,none
2026-01-01 11:04:00,30.016684378942916,161.2544014013947,0.4160850549953178,4.4914936135058925,35.991893249151204,49.85493384938912,4.635237651771348,0,none
2026-01-01 11:05:00,22.210463138843323,161.09925254787686,0.6803903531035582,2.713827347420578,42.695977337862566,42.44791853072641,7.96105525431679,0,none
2026-01-01 11:06:00,30.70896349486914,155.12065260594625,0.6014201077768455,1.9121719762830391,44.64559481402265,45.658310776706095,7.481209879396182,0,none
2026-01-01 11:07:00,27.12222649604822,161.3086560417973,0.48204833643468137,3.9965246926412994,42.560585949491575,42.39444374442946,9.463837054667593,0,none
2026-01-01 11:08:00,44.49891674988588,169.4001210477814,0.5162228831035804,2.1028086447439276,41.27278056654726,44.768415106654146,4.841199894879152,0,none
2026-01-01 11:09:00,31.81862430556458,169.71795910499486,0.7380784906475024,3.4439023295019906,36.66616726628653,40.87974781155186,4.805028735382613,0,none
2026-01-01 11:10:00,28.714514778024807,152.65010222322522,0.23534962342668242,4.5489889335962985,45.92268790042613,39.90329240229512,7.788862996730677,0,none
2026-01-01 11:11:00,18.441440985310084,173.510266833737,0.29433562390461876,3.5997767967394703,38.88201233690598,43.17866525420243,0.8458742706451838,0,none
2026-01-01 11:12:00,39.11855468272873,157.4986147026579,0.46485090599777,4.119646923148043,40.856861733632456,47.61106267520654,5.493923669741885,0,none
2026-01-01 11:13:00,35.000204525926456,168.4645383242063,0.18230871449759406,3.0702839576402328,39.163960049439666,41.441196430440016,4.669110156285729,0,none
2026-01-01 11:14:00,31.693129788532463,171.26111792154958,0.4330036866058535,3.2902303049779804,42.96651385633727,47.39345459131308,6.350605859489204,0,none
2026-01-01 11:15:00,30.37713670052176,166.45702111236483,0.3526637636838462,4.616096271779682,34.02084571666547,39.53385158126144,4.84560701489252,0,none
2026-01-01 11:16:00,32.769791574723904,170.68788120452263,0.1388714211578041,7.2158020889964245,48.906379794542275,40.906212878837,8.704685719515144,0,none
2026-01-01 11:17:00,36.20837098054536,165.81257323479738,0.6195429098144196,4.492656668250384,41.74357619952326,46.65039135222868,3.2672888284466057,0,none
2026-01-01 11:18:00,32.683570959585865,174.85644136297606,0.3755498377148113,5.7682479294047155,42.675582193653476,43.602154575621206,5.49189885822314,0,none
2026-01-01 11:19:00,28.6270201639319,159.25651194700393,0.5816539987563399,5.207867468147436,41.432586549408214,40.114485608792144,6.313813091148088,0,none
2026-01-01 11:20:00,32.74573717514941,159.96819010005476,0.5386084613674771,4.656390742867757,36.78027257666511,45.375968071245545,3.6907802345779217,0,none
2026-01-01 11:21:00,18.151800394438425,149.7354783436983,0.4296219712201818,4.715138088780191,38.79761421913182,39.995794750966084,7.271218492594818,0,none
2026-01-01 11:22:00,27.814104067350556,160.578063930119,0.2515099000475872,4.635107897814032,41.28853663062971,42.35547826912492,6.578732141526022,0,none
2026-01-01 11:23:00,29.003457870895076,152.00347926392567,0.3636947897752031,5.7355332263757575,33.47396027228888,43.78563614483479,4.743732899938463,0,none
2026-01-01 11:24:00,26.856432020138588,175.08182641296682,0.4459965129185291,3.774476855432329,32.512699305185805,47.0843460174445,5.916582560637127,0,none
2026-01-01 11:25:00,29.849568004758932,157.3564032493381,0.6458064380743899,4.7226364376047485,35.47821575693031,40.21824147360881,9.071081643239811,0,none
2026-01-01 11:26:00,35.37904527599541,160.2488113224493,0.34750163268886447,4.583901982709723,37.10053326367159,48.59641034307329,6.604245889124816,0,none
2026-01-01 11:27:00,30.224674162533137,165.2564153125142,0.70565375762112,2.8456348840457517,40.85049899983799,44.90531629851026,1.4823392639248105,0,none
2026-01-01 11:28:00,22.440554764313447,172.61463545129507,0.4459155869923898,4.463827936266067,36.89020258085218,38.30199894932559,3.439678929298114,0,none
2026-01-01 11:29:00,32.74244928161447,167.68666188131982,0.605646069310859,4.801609868791027,34.04352716931768,48.257839174269,8.069435546966508,0,none
2026-01-01 11:30:00,36.44624958751815,155.667124491456,0.4396602937344737,1.7819659139209962,35.70352689652705,48.74495682203525,4.83771946838962,0,none
2026-01-01 11:31:00,36.47858143563724,173.6821853002256,0.7875578424715837,3.9350333926427945,40.41019886343862,41.439358738058026,6.103619369296396,0,none
2026-01-01 11:32:00,34.76870078382353,174.07447048589074,0.14764578357539132,3.7484235375209134,44.519098518706215,40.51477702648312,5.280177260466344,0,none
2026-01-01 11:33:00,37.12785737232579,160.7997845253963,0.41675591279505214,4.3645953170112035,41.794196283019225,43.54364254077829,2.5865033464847,0,none
2026-01-01 11:34:00,52.02712139540279,122.51647530545371,1.3929116697372552,6.440169993080879,42.891844736227064,43.101621547686136,4.837745158800983,1,congestion
2026-01-01 11:35:00,37.782265922688495,118.9708930684439,1.2415459664310657,5.944618644901028,44.6339672761293,37.14030019277475,5.424949959803633,1,congestion
2026-01-01 11:36:00,51.76024605921877,119.5830218308216,1.4477766193272597,6.671692197745127,50.91727007404582,42.16500414887666,4.111179163499159,1,congestion
2026-01-01 11:37:00,48.18355290273599,117.73283197188215,1.500506752778743,5.272540947754098,47.089952071406564,40.059682985687196,5.963124833910264,1,congestion
2026-01-01 11:38:00,57.342838776295764,143.78794074684112,1.5964770562753705,7.279379633757685,44.66516715401146,48.7505706885814,3.3535323052378145,1,congestion
2026-01-01 11:39:00,61.41879161559463,109.94902194789302,1.3153966459080668,6.184369335451359,46.587059752225684,45.93588877053822,7.8711534549167546,1,congestion
2026-01-01 11:40:00,54.50772849756536,127.64934927680119,1.65812375364612,7.142102007067102,38.5998603949715,42.077365856209376,3.257570696857077,1,congestion
2026-01-01 11:41:00,64.92854017246297,119.29511208354974,1.844026783750563,9.403944785050777,44.191820410955096,40.50137398286908,2.1620537952602534,1,congestion
2026-01-01 11:42:00,52.589133354447156,126.23427687373912,1.9902031831760696,6.513870432048245,50.0982811063716,41.727887993882824,5.205701423289212,1,congestion
2026-01-01 11:43:00,64.92276591592842,103.227514485048,1.6210840613635886,7.057299602900612,47.8947652643308,46.908548628718755,2.1102613352703665,1,congestion
2026-01-01 11:44:00,56.432565294185984,127.21807277646235,1.484349497665073,7.350910057715586,47.970480456768925,42.32232648379169,5.013960786721098,1,congestion
2026-01-01 11:45:00,58.92120860962218,98.92550380000068,2.0104574032749674,7.853056896262027,44.101657322228036,41.316502029690206,3.98136123907547,1,congestion
2026-01-01 11:46:00,57.08636153974628,104.68750937578474,1.7813326134419427,8.971457455679523,47.0234795202844,48.5094721527609,6.102232613840687,1,congestion
2026-01-01 11:47:00,66.70508117611163,108.81470838207113,1.967652357532961,9.569843081888969,50.62968351423848,43.47133237433085,0.8578666389272245,1,congestion
2026-01-01 11:48:00,75.38518284340753,101.82781353899743,2.1740853179831836,8.69880718062731,50.726261377239254,42.198830099464615,4.746076946738691,1,congestion
2026-01-01 11:49:00,63.60610337461115,95.41624294287352,2.045631624815103,9.11491960533938,45.74241459045908,47.20989713061947,0.6364436209924458,1,congestion
2026-01-01 11:50:00,65.88623465418905,118.4763263931897,2.3545419605144895,8.698111211821354,54.277294227469774,41.671813710955576,3.9003116046600828,1,congestion
2026-01-01 11:51:00,72.08913604869281,100.86658788003004,1.9749558503179578,9.025511987000762,55.44091862937388,43.10697654192759,5.016155837023161,1,congestion
2026-01-01 11:52:00,65.03790617343051,102.03288449312595,2.071820365257547,9.650080730498074,47.63765082687503,44.52675040416333,2.7791752959112865,1,congestion
2026-01-01 11:53:00,71.1800954573203,90.45871190051164,2.2381389386621744,10.55145273648695,58.3793067835127,37.59780001314602,6.537664190605364,1,congestion
2026-01-01 11:54:00,70.18213162526436,87.38258426643415,2.319215381210366,9.06628760368266,59.391973365404425,42.08300410154724,3.199669394749338,1,congestion
2026-01-01 11:55:00,67.26177247438555,115.64480855601126,2.4195221236237483,12.297288390936707,52.67131240145542,46.258668028678386,3.8413016115967524,1,congestion
2026-01-01 11:56:00,66.04429049930772,79.75370862673044,2.467593785818047,9.69167107936285,47.3743445467614,40.7382478381759,4.978663444689584,1,congestion
2026-01-01 11:57:00,80.96503575941924,84.09949491815881,2.3218843842799655,9.21789310816548,50.239938780865586,39.62004955506869,4.606159322730588,1,congestion
2026-01-01 11:58:00,75.02083367496758,95.36794631931379,2.6351595115636863,9.876342927081204,52.58831992080238,37.051307599117244,6.004150510925129,1,congestion
2026-01-01 11:59:00,71.81238451777216,88.04253177145301,2.529706090059473,10.91592571696378,57.625951380861224,41.36277868284991,5.048926833415678,1,congestion
2026-01-01 12:00:00,84.0388475909171,80.34976601164936,2.6548371432853872,9.230058646131907,55.10487693623544,38.092051038769846,7.205628272026263,1,congestion
2026-01-01 12:01:00,78.77439757961011,86.41542671670786,2.670628768858119,11.17640816935723,49.7810859142558,41.3886250217468,7.296900291339838,1,congestion
2026-01-01 12:02:00,72.67443618722595,88.07402767175441,2.534251996788856,11.5874112276795,52.87416260392287,41.80651209202137,4.6746578354861565,1,congestion
2026-01-01 12:03:00,73.61513792887435,87.45674328747823,2.777576038841055,11.884449473075106,53.37162580565678,37.147746876310414,2.493590090341344,1,congestion
2026-01-01 12:04:00,80.69595990566486,78.55048810849028,2.4625348402423652,11.543207610572422,52.04689403374783,42.16128726473076,3.8469264985968294,1,congestion
2026-01-01 12:05:00,78.54405883698257,73.40623589974761,2.791355692454632,11.002320942886861,58.264832724032345,40.956547356340714,2.015772403866752,1,congestion
2026-01-01 12:06:00,85.42297024199374,83.403554859561,2.600243101267371,12.639501902736564,60.32021362720519,43.27275964740125,5.723348272684811,1,congestion
2026-01-01 12:07:00,76.83761628783473,67.37311519898253,2.8567025422999315,12.468067975497732,56.563237389549144,44.92799216507835,3.6417287625954096,1,congestion
2026-01-01 12:08:00,76.66002034790912,64.62120068030922,2.92962703317065,14.64484082419079,45.07308001289748,43.09853413915444,4.691114588204423,1,congestion
2026-01-01 12:09:00,84.88472268427681,67.3311339960147,2.7787048961716616,10.417070665500312,57.65382014696212,43.98431193565101,4.741560203315678,1,congestion
2026-01-01 12:10:00,91.32538659413417,65.67024877654029,3.1513992342927004,11.145186069357234,50.295794610620746,38.655388323690794,2.6467047615974186,1,congestion
2026-01-01 12:11:00,25.93924220401251,168.41913632974345,0.6476327787927347,3.5157666234277123,36.06026132378269,41.066447465627036,0.0,0,none
2026-01-01 12:12:00,43.65072640255744,166.73964806472688,0.7589186051857915,1.262117431267649,41.43654628501224,41.757424054724495,9.392505365884471,0,none
2026-01-01 12:13:00,41.84101868871258,176.55365299320675,0.4229555844859514,2.957223500488521,34.045944964938954,44.69335870395791,6.933624600937574,0,none
2026-01-01 12:14:00,28.15965500867863,170.24490387396378,0.4424788833897811,2.9524112292031015,43.37802558026638,40.797733969324945,4.882366809913561,0,none
2026-01-01 12:15:00,23.50432318285894,160.26074288832385,0.3747330821060696,4.468247353263507,40.380170568427516,40.4710709706733,6.09327937166219,0,none
2026-01-01 12:16:00,30.067913474587492,159.78803825508666,0.48862995410456245,5.182637938187177,29.465151812724528,44.377493737488436,5.452023817757671,0,none
2026-01-01 12:17:00,25.81806240801977,170.75013624860236,0.1471221675901772,3.528530436066913,33.56889756968343,38.47754149357816,3.972347649892533,0,none
2026-01-01 12:18:00,28.278757165227407,172.33497112234537,0.35264762623694845,3.9859729260231878,41.36818869501497,41.317771289647865,3.4158434472820973,0,none
2026-01-01 12:19:00,31.13909808488941,169.25262802788853,0.1145956853382547,3.380763235749956,36.03151883748962,43.30433716929444,3.00646800617847,0,none
2026-01-01 12:20:00,28.838812447850156,172.99870332369647,0.5433492776578431,0.46816877882466823,30.52518343525243,43.14410278779828,6.396624355819791,0,none
2026-01-01 12:21:00,17.445955428119106,177.96821596757945,0.5151828157055988,2.227753150316532,31.733018263042286,40.405296045352436,1.649260071669321,0,none
2026-01-01 12:22:00,39.6220496572393,176.6990271687641,0.34851394912057726,4.763777726738248,29.422113613691806,35.70329038824106,3.804441285399321,0,none
2026-01-01 12:23:00,23.666512519086073,179.92350240322867,0.5735843769183495,4.328552717028661,42.98721937746521,43.72170864759032,5.24584002161545,0,none
2026-01-01 12:24:00,27.69039849962691,160.4915436721968,0.4737621068248642,2.75559906738408,39.33212310612911,36.145935661602934,6.089581657185363,0,none
2026-01-01 12:25:00,32.41784769266375,174.57807954388625,0.4898613016215473,2.88840639565455,32.606609941759984,44.21466852712017,2.918600159008494,0,none
2026-01-01 12:26:00,29.04343230743461,160.60768727264892,0.17622408496206252,1.6539470775471385,31.518284926228723,37.4291496542341,7.1705797322444225,0,none
2026-01-01 12:27:00,29.197555759113012,159.3942010132333,0.3281150727410152,3.58986574320065,28.950332875405273,36.71372766707741,4.4942037477423105,0,none
2026-01-01 12:28:00,31.306699971136872,175.84417388022453,0.3628209642630948,3.2588156195275473,37.43047897538163,43.3826783249139,3.809599661338317,0,none
2026-01-01 12:29:00,21.52351803038912,169.59488147945805,0.3909592080049807,2.723086220550016,34.69264619681571,39.937161376649975,4.410416470184517,0,none
2026-01-01 12:30:00,30.411374533673325,177.3764029860754,0.6318744927385666,3.9465553291664914,30.287324833672066,36.75210455394683,4.400700791041601,0,none
2026-01-01 12:31:00,33.59411524745643,181.64173543525357,0.24999386978800722,4.782923647234278,28.61914629012684,39.76958199692253,4.848864844180109,0,none
2026-01-01 12:32:00,26.82791892490696,168.86543459212453,0.6981617385013237,2.936970808744093,36.175518571075166,44.963389354985445,3.337665742548366,0,none
2026-01-01 12:33:00,35.229899419600045,177.8514054397668,0.26659326512756704,2.3224771512060025,27.658283039595567,41.35121849076324,4.7147088409218165,0,none
2026-01-01 12:34:00,37.271367566407946,168.010979652516,0.5746307464278686,3.326329627617285,37.15537078029631,38.609627727136264,5.55262138637986,0,none
2026-01-01 12:35:00,26.651090734194444,178.9012151132731,0.4522027842916709,4.601733952536802,34.665011445474626,52.32795617108873,8.739077844145196,0,none
2026-01-01 12:36:00,33.49795934569464,178.0154316799038,0.3134069009189397,1.0673776535939972,33.33374829473935,45.406350035429625,6.603649372281401,0,none
2026-01-01 12:37:00,29.239772402050082,170.20358259013545,0.3736484944211028,7.532126022792527,31.552447134406435,37.71380295443795,5.993524910264803,0,none
2026-01-01 12:38:00,34.61876233733443,187.1305594802718,0.45190959516295637,3.5845312950738872,33.18733249679961,40.360172367264894,5.210074769064475,0,none
2026-01-01 12:39:00,26.07421998320796,172.62936441136097,0.5770638343160421,1.7451498088991342,33.56547299440641,41.4633205705649,5.6301789762435694,0,none
2026-01-01 12:40:00,18.852468598875156,145.57966203521534,0.15384587775762681,4.061895215923913,28.598563264206405,36.88445414510834,1.625258381024174,0,none
2026-01-01 12:41:00,33.14722785965037,173.02145585549124,0.4358566825313723,3.4453299481525383,34.795405680467304,43.79208380366471,3.353690460921232,0,none
2026-01-01 12:42:00,31.66421739125354,170.4884766566091,0.38945471039401836,5.470900308030611,30.649395293692898,38.900969930556556,7.15861548839464,0,none
2026-01-01 12:43:00,29.894830763141577,182.82352148332916,0.34949218873452376,2.9603684397020933,36.43727960686683,37.252687309023564,0.48886664648418066,0,none
2026-01-01 12:44:00,22.05710926618538,180.65326947402707,0.1205524062390479,3.404383758208091,37.06572967672323,39.05053688894473,3.543425548591893,0,none
2026-01-01 12:45:00,23.81527678337315,180.60387713581872,0.29788388068327054,6.433023375709659,30.25288989517109,42.357498902341824,4.6016272991130105,0,none
2026-01-01 12:46:00,29.327496049308156,184.56619570641502,0.21759099995145598,5.08005014805018,30.614026487213412,41.50165465207565,3.945218611939789,0,none
2026-01-01 12:47:00,27.403977731543197,185.59158738000727,0.19932020003785883,2.6647168433348623,29.93347454955142,37.15683988274906,5.253362174103561,0,none
2026-01-01 12:48:00,22.119482510698088,174.14125345917375,0.7153782494085104,1.9973154914267743,34.721387605538254,42.92961556693074,2.881644228860562,0,none
2026-01-01 12:49:00,26.03339753734688,168.917436166686,0.1888515690575267,2.44594389374779,31.175376601982816,44.85372896069397,3.157716914032375,0,none
2026-01-01 12:50:00,30.08596822635308,159.44908128784368,0.20831793931207784,4.0697372088342405,32.97928103640012,38.07990370667067,0.7627697778718625,0,none
2026-01-01 12:51:00,22.30753834929952,167.2269646121825,0.4090662061433154,2.0192194528507423,32.149376012896866,40.292807644147295,3.711232791186294,0,none
2026-01-01 12:52:00,25.743848064765835,176.38946474534504,0.24881450186933388,2.8407209522602876,32.88864953600748,43.14935265756778,4.542711615572584,0,none
2026-01-01 12:53:00,22.29149581542266,182.14390500284438,0.3549555032777541,2.819811876418989,35.79511408057441,39.707082987552724,2.7892804296294793,0,none
2026-01-01 12:54:00,31.724350003928798,185.10920834213144,0.2668960950675685,4.65580449539982,35.55410995794144,38.54607493148713,5.723398063289224,0,none
2026-01-01 12:55:00,25.808403780013165,166.86884081427894,0.4366684294447368,1.6978117498302203,34.372881465711885,38.55381873099043,2.5006194540140587,0,none
2026-01-01 12:56:00,26.08315055406223,178.16627450746842,0.2679016317624381,1.55627616188189,38.66728818028463,39.959813819659416,3.607473983112069,0,none
2026-01-01 12:57:00,31.87665835592361,185.57864168313992,0.21733761816315683,1.9269459170301177,34.646266768339494,33.829892474312956,3.2738499516429704,0,none
2026-01-01 12:58:00,28.652901002707665,171.05554001201935,0.5231100966222754,2.6332351293579395,37.18608874944831,34.422914889726705,3.74662615666463,0,none
2026-01-01 12:59:00,23.34795310081912,169.22585127103804,0.35956610980389236,3.4377675733071245,33.20454067959877,41.33049896056605,2.1149746376561165,0,none
2026-01-01 13:00:00,32.494142051251515,171.82644545568914,0.22281800888839548,3.2327705708043744,27.77156336648125,40.08149419874024,6.165094835929903,0,none
2026-01-01 13:01:00,17.72201458843147,179.44506511830167,0.25183450521396467,3.2557568958394794,27.05830480829081,38.68846291289381,6.20961468556422,0,none
2026-01-01 13:02:00,18.53797325241455,171.10623246617075,0.297763982526141,3.6169599195101205,27.572348845468852,37.053984620233635,3.814651675180506,0,none
2026-01-01 13:03:00,27.977121103801533,182.11830658740416,0.20738165794209643,6.0705145355429995,28.148100233209064,41.019105484510874,4.0843337331646925,0,none
2026-01-01 13:04:00,24.672781050838687,179.39971936014294,0.4553857033219003,0.0,37.40632256988442,37.21885627807477,0.49950267043557783,0,none
2026-01-01 13:05:00,32.576187205216556,185.92422750807992,0.38639067624225804,5.354299412817327,34.00026084551945,36.55298251056998,4.229303776545278,0,none
2026-01-01 13:06:00,27.023841175360253,193.47289322796564,0.27986846652171776,2.724646979328215,33.72216796046219,37.90521570874064,5.429630095881972,0,none
2026-01-01 13:07:00,26.52466283356131,176.2855924446483,0.2949078869728271,4.698654680594794,31.653024072995443,40.187939225893594,0.8701885039994997,0,none
2026-01-01 13:08:00,31.636478408681402,179.18387328469518,0.529524389699356,1.4422192618541034,33.798859369240695,40.091926188443075,0.0,0,none
2026-01-01 13:09:00,22.456449411859808,188.57588094735857,0.27856852831363144,2.4549013408131506,23.221976277114287,40.8605817647253,2.2519435871894142,0,none
2026-01-01 13:10:00,17.185003967673353,186.24813061495308,0.7402789536827786,2.2157789743212635,28.26946624981139,43.949579697978955,2.760359455846423,0,none
2026-01-01 13:11:00,29.6124700071397,179.69809478760055,0.5276030619857006,1.2356726035923549,33.55230251665636,38.08051794190312,4.477213982381746,0,none
2026-01-01 13:12:00,21.263442843415326,173.8325032029608,0.4583883322179261,3.0753474601381257,31.80361656938356,36.942389648299795,5.65381804146727,0,none
2026-01-01 13:13:00,27.947221623762026,164.5033964732968,0.36185968211482583,4.428227067408371,29.287146461155228,39.42450704965746,1.9690477084921607,0,none
2026-01-01 13:14:00,20.447086210804546,182.4034070567206,0.23915967298536234,3.3213867414914047,27.219047250440816,45.66436030081813,3.440310306421826,0,none
2026-01-01 13:15:00,24.32937956236638,174.86124621289247,0.24953719117917764,4.151310519460587,31.3033681351606,36.6175270495405,3.63161282326403,0,none
2026-01-01 13:16:00,22.64617824044327,166.517259853162,0.3505072761858795,3.640588770527905,34.087631542847475,40.21355104758472,2.473718344610167,0,none
2026-01-01 13:17:00,20.43180560725175,159.73684823734357,0.12364702166286062,0.6557582945163261,34.399756771427676,37.968975166440224,4.294863652186201,0,none
2026-01-01 13:18:00,21.48567073253626,177.44826408722614,0.2429822854429949,2.3664689044153078,36.936792944710604,31.240875780686515,4.446281721469788,0,none
2026-01-01 13:19:00,27.727612359740448,165.06766047618905,0.29224649548466286,2.1828608148874373,26.30894815976871,46.63914098786223,5.117704337501036,0,none
2026-01-01 13:20:00,24.418964217050128,181.15638616943755,0.214772390396725,4.0004758723192735,33.62300846690918,38.624389690995436,7.101806205126233,0,none
2026-01-01 13:21:00,28.300117833896184,188.62763257424223,0.5790250805786431,3.348143573332435,32.71701811034701,45.25248242737348,4.6147370483199746,0,none
2026-01-01 13:22:00,19.800830381744454,180.97479473182966,0.4348734995143213,3.1838110759836384,28.82529163001309,36.778483118262656,4.7153078309364025,0,none
2026-01-01 13:23:00,20.42201315445667,178.9475536049937,0.2754902876240594,1.595639669261097,35.27260249298274,38.56471479328427,1.9353900150872452,0,none
2026-01-01 13:24:00,17.55370565509724,179.59916583086212,0.3627095756274049,3.6420502099968157,29.75295609132825,33.520957701628475,4.896081689568628,0,none
2026-01-01 13:25:00,19.086258698427997,185.92651895355007,0.004801501265264185,2.7581783977731895,24.43546028293063,40.896265347367546,3.2385622568378443,0,none
2026-01-01 13:26:00,23.917831847892213,185.9666659232847,0.12829849313087396,4.114188179039637,25.79269787542656,40.00028046872821,6.770701215287277,0,none
2026-01-01 13:27:00,23.611049921550517,177.3000785113651,0.3687508482332152,1.8352669941134465,26.282691128328175,41.95905147495461,1.9315948795671627,0,none
2026-01-01 13:28:00,26.863966295515677,169.5020883201025,0.33707968787397885,4.85844493823393,43.074409914048424,42.762966518454704,0.0,0,none
2026-01-01 13:29:00,30.245216353368757,186.31281096690088,0.27062829227998453,2.044055983130141,23.8343614609975,41.48450871550796,2.3779897360973363,0,none
2026-01-01 13:30:00,27.47113227590944,179.29113763899804,0.09288130449994986,2.4529608998936974,31.722892190723933,37.37129319955339,1.9417011551383423,0,none
2026-01-01 13:31:00,22.985378852613174,204.2107774503679,0.0785868467362878,0.9675022673380562,29.675913772369235,39.987573819865,1.4977965902031647,0,none
2026-01-01 13:32:00,19.0477036731433,180.61597599312753,0.25396474549333337,0.7940656457469419,27.822306008125697,38.54514968037155,6.500403219692473,0,none
2026-01-01 13:33:00,33.010475265230404,187.33908453648422,0.4026047259923881,4.068125067526755,28.229360782847124,35.58058050159578,4.802148647197523,0,none
2026-01-01 13:34:00,27.242700711643533,188.04508179329062,0.2087831399166033,2.8106371602740206,27.000193279040516,40.58039838103974,3.20294525026097,0,none
2026-01-01 13:35:00,7.726864226845752,178.8208941270685,0.32467424370214,3.6855492857738015,35.55113890397702,38.84395075377279,2.500212351065251,0,none
2026-01-01 13:36:00,24.997806549695564,179.96450465712783,0.1467761212617305,2.6181820009846177,32.300929221513194,41.524948953376786,6.54150017447343,0,none
2026-01-01 13:37:00,29.51008310050122,176.22188297182876,0.2724971960446759,1.727022395053289,30.107072449887518,36.94724483338847,5.311825351460526,0,none
2026-01-01 13:38:00,21.233996218485558,194.72270896683935,0.3586172298991477,1.2974481509970208,26.040799491874804,38.31427201021078,3.790117076439614,0,none
2026-01-01 13:39:00,26.27359644883824,188.42077012213045,0.3582619547826268,4.115426178272079,28.302123683503968,41.7309273244673,1.5142322260863024,0,none
2026-01-01 13:40:00,22.998316600828886,174.90285442561023,0.39247672091430397,4.349935648225921,29.533332964450835,42.33161799283745,0.855147368114213,0,none
2026-01-01 13:41:00,25.786982246645913,171.95892869165436,0.45872358755419024,2.782016808702406,23.435189011682056,38.66205144695901,5.095937694521538,0,none
2026-01-01 13:42:00,23.074371898586612,179.66411137998,0.20175118214191323,5.093675222581342,30.725913094693205,32.25100358012611,3.121597281941561,0,none
2026-01-01 13:43:00,26.53365922718335,171.5815786568563,0.17741854945553256,1.55207452850555,34.32600585082478,43.15410963392138,4.324264585774123,0,none
2026-01-01 13:44:00,23.75398821420324,180.2005936706985,0.20577524978725859,3.7364810633080734,32.490094351541195,35.801206827292866,4.160247002586439,0,none
2026-01-01 13:45:00,26.55626235080895,180.6300817460397,0.3989284690198901,1.6847706775031273,30.1558774666311,34.6982197873766,3.9344721045081252,0,none
2026-01-01 13:46:00,20.5927740091267,186.84586484100245,0.5378915794663341,2.1594665976773855,26.550610626523042,36.63394098847936,5.381045684297725,0,none
2026-01-01 13:47:00,26.238830580405523,193.8973078543167,0.37619395924329496,2.291412180184122,32.698547767663115,42.70861880357502,6.460997905535132,0,none
2026-01-01 13:48:00,20.8686690429067,165.518928823318,0.29589301804336715,1.543953100343731,25.157473990306634,38.80355344314996,1.9367434953193579,0,none
2026-01-01 13:49:00,12.661788068560133,177.87141231667215,0.599718301711142,3.0945646328188388,25.517909222370974,39.765783018599265,3.5734580152936837,0,none
2026-01-01 13:50:00,24.025521297808105,173.15981233613485,0.4370903331377747,3.277476457582036,28.026980890456816,34.58030339274628,2.7205653847097366,0,none
2026-01-01 13:51:00,23.943569301090434,184.73237137962863,0.30506092074398933,2.9312650791790698,18.753972245639517,37.53294324594459,3.2855551239855245,0,none
2026-01-01 13:52:00,17.797787583502465,177.37068566936918,0.07426292799007889,2.8239519688090193,22.736874802970785,36.23205968179821,4.60294674162939,0,none
2026-01-01 13:53:00,30.70740966699585,190.36812549326902,0.4617576551382822,0.9335855097509174,26.431985399209612,33.173373657420946,6.6576648070096835,0,none
2026-01-01 13:54:00,20.50154335135484,188.02721267254506,0.5130205516265842,2.5616123160031643,30.57196177816882,37.942394791225134,3.406802779866406,0,none
2026-01-01 13:55:00,26.923450677280744,168.80467999506058,0.20609613374784774,2.8105293633992234,27.876104184381692,40.30682719929219,6.083655521990991,0,none
2026-01-01 13:56:00,20.9463539368022,186.7847433489956,0.32606415430889774,1.8038810494688222,22.50916759382855,36.320650374860364,5.835320280903483,0,none
2026-01-01 13:57:00,23.844883346852235,186.2096636606137,0.2824270605334822,4.207652671640167,28.009163992443217,37.886874575314536,6.519262465040711,0,none
2026-01-01 13:58:00,25.240018715753628,191.86900685776274,0.3399080766799105,2.9635794102719313,32.06455564081446,36.35181635260012,3.5917751170300445,0,none
2026-01-01 13:59:00,28.56395288835443,189.06009419021,0.40211802661687984,3.863471983716828,30.792163558575904,40.12470334338855,3.6172592058709547,0,none
2026-01-01 14:00:00,18.996306227928137,187.04912761870696,0.28462555873996404,2.818694354756347,27.341334768388872,43.46017495722886,3.8755908674728086,0,none
2026-01-01 14:01:00,15.591461442781204,183.25696675752843,0.455691529394379,3.0238329107023683,25.50535648090044,40.90878384325372,5.251945479025553,0,none
2026-01-01 14:02:00,31.98885108873452,170.6783276668689,0.4410589228428061,5.126161536839454,25.088949405339303,36.05723444959829,5.7004738869359635,0,none
2026-01-01 14:03:00,22.97261654998438,167.82675975784792,0.23366297852310372,1.6760887115771697,29.213513373847064,38.53605396756213,2.227539348284332,0,none
2026-01-01 14:04:00,35.78260806345398,198.4509141784837,0.4967697466958641,3.771253381021536,30.267109871088426,38.81587235855293,2.392161983434417,0,none
2026-01-01 14:05:00,22.01339912505145,187.04410794490556,0.2803235642104362,2.8338265159635183,31.5718097146698,34.89537688658347,4.025138110066176,0,none
2026-01-01 14:06:00,13.92520511096339,188.07324029630487,0.40511477808868224,1.307176051926207,33.9659103335117,35.90605707862324,4.600858093406035,0,none
2026-01-01 14:07:00,24.565132106830642,187.9978293473152,0.24448024205289914,3.1972431949869375,22.319800363089723,39.432215562559925,6.400652488977508,0,none
2026-01-01 14:08:00,26.79645754443596,180.07059446642631,0.39973741491144854,2.595708853668807,30.01512108389135,39.891670748663785,0.283443402984088,0,none
2026-01-01 14:09:00,24.398238151083223,189.49131569980895,0.17143071846191688,3.6326376060938514,24.288019850683895,38.23244108338325,0.751660253993609,0,none
2026-01-01 14:10:00,20.070789669577273,189.71870998900152,0.19252807268020447,2.517751722416848,27.778549369821246,38.129376154937816,2.5166292942798747,0,none
2026-01-01 14:11:00,24.780907104327003,186.56796829268362,0.5408923325055383,0.3897853324592573,20.46189298436328,39.51611755588138,2.9921690765935645,0,none
2026-01-01 14:12:00,15.08008166599349,184.56753582746913,0.10506661261845301,0.0,23.938510881045367,38.366315229385,8.579490195886084,0,none
2026-01-01 14:13:00,14.151991581601226,190.49158657817662,0.4932716429260759,2.463149195182556,25.014485000624788,35.6769031737767,4.071140913361948,0,none
2026-01-01 14:14:00,21.599736127561545,180.32952955474286,0.34379024141911235,0.24323528773935932,25.486864993182913,38.105750309349254,2.799168211315763,0,none
2026-01-01 14:15:00,26.34486533452939,194.47925282481168,0.14443748870120343,3.2851743848736485,27.54521530817454,38.410558142194496,2.415328576241699,0,none
2026-01-01 14:16:00,8.885043397982951,191.968168783406,0.1450888104524706,1.873133002284722,20.042722784457386,38.02306836673379,1.461374788765585,0,none
2026-01-01 14:17:00,23.77323150996604,187.2628888845335,0.27365588113353323,4.961253106744736,31.766707463877793,40.7392457891923,4.993372373082504,0,none
2026-01-01 14:18:00,19.927073507698385,180.526884986759,0.23442616715408673,2.8548053765282733,20.578117674319053,35.64717554703984,1.7686425764631588,0,none
2026-01-01 14:19:00,16.750616791185195,195.34756578248079,0.25029905624620746,2.7311078901541928,33.27897062712526,39.55477956110758,1.9921102605821606,0,none
2026-01-01 14:20:00,22.8203356734533,191.83491504163956,0.3383904387588104,4.385106770849105,22.457578831104982,33.41199868274753,2.1116299815314923,0,none
2026-01-01 14:21:00,21.40787488707148,187.76903981391138,0.4533933879639882,2.454187241701993,26.641748563717766,37.51829526126724,7.389654555772264,0,none
2026-01-01 14:22:00,22.409200418205625,180.68329735026373,0.4220696270157338,1.437078464822244,24.94654009954525,37.564417390613485,4.165816534481502,0,none
2026-01-01 14:23:00,25.8822656906087,188.51735814551768,0.30990163422972977,1.8979286434067069,16.38708054184964,36.46663381516967,3.365738492257279,0,none
2026-01-01 14:24:00,24.60458834216795,178.67691483631432,0.34234732395571765,2.2480704382705117,18.877616595311977,37.66820205759129,4.064926050046033,0,none
2026-01-01 14:25:00,28.100066188023593,185.94118153316282,0.331910810244185,3.915039585815734,27.887287941476824,37.12936770017508,5.482654000334587,0,none
2026-01-01 14:26:00,27.724413319575742,189.53595725529325,0.1315155567169907,2.7156119071103606,18.168853514058704,32.9139412916695,1.6757182045401908,0,none
2026-01-01 14:27:00,18.120361263289695,195.71173578048646,0.1605456431322324,1.193712465702365,23.023580462943066,35.971147319516,3.2035658801209466,0,none
2026-01-01 14:28:00,21.38681911316758,181.0156282456528,0.28723639158989345,1.866444204338399,23.706957028367857,38.83343351949596,0.0,0,none
2026-01-01 14:29:00,9.586602247641466,190.1171539421541,0.3164472879883123,3.796464580583237,29.942819769185657,27.569774412933697,1.5790399223197045,0,none
2026-01-01 14:30:00,18.367203792227592,174.0263666582759,0.19792531511217662,2.6866959686409713,25.027781894965546,37.70678959826899,2.6294378257151583,0,none
2026-01-01 14:31:00,12.711497678316984,203.3224662124693,0.33251904624547773,4.711171739831125,25.038492795415472,39.604986293291624,5.092731300529962,0,none
2026-01-01 14:32:00,17.433020648073306,185.7300008649643,0.34190550503480777,1.450502955748799,32.07635068474211,34.46577089594485,6.420015707474166,0,none
2026-01-01 14:33:00,20.164206529970517,180.72214794621217,0.3182675722093152,3.5952601995630795,23.3725267590222,33.25225825167564,1.7044078501076614,0,none
2026-01-01 14:34:00,23.571290283577824,196.2948987929737,0.2804428314873627,1.4642209947443254,22.676225147377835,40.10286406412811,4.471265289901517,0,none
2026-01-01 14:35:00,18.36084527947101,186.78570536616772,0.12911663794364645,3.436184680131949,40.28511658134437,37.4238794842893,3.589790296602029,0,none
2026-01-01 14:36:00,34.660629431286324,179.00279739472563,0.11629405707147852,4.102496498016074,27.227029661981675,33.79075571434664,5.206685430021148,0,none
2026-01-01 14:37:00,21.396499756714945,181.04156704933084,0.2146532052934895,1.6895338997207971,30.13225266181288,35.33028622723861,1.0073068580333144,0,none
2026-01-01 14:38:00,12.119317185757335,199.34136536024764,0.10743458176323756,3.7662316728431664,29.82870563392057,39.89824888034815,0.6217578784514881,0,none
2026-01-01 14:39:00,31.808200103738223,188.86411484624966,0.23336436029559476,0.8524388106991307,15.605354157866953,39.35160295191852,3.059246275436732,0,none
2026-01-01 14:40:00,19.645789497672947,176.62809939309057,0.3175374768706785,1.9837596285059245,23.44294646447244,35.99833445869824,2.3202648777748207,0,none
2026-01-01 14:41:00,19.038697195967924,183.84552934719335,0.2682101696398222,2.5172994508038014,26.014119269852227,31.68488085970703,2.9784825146888436,0,none
2026-01-01 14:42:00,25.291921068858784,197.6925336229743,0.4071047858937231,1.8919205760086222,42.64713446663689,31.35293503339049,3.364116563338453,0,none
2026-01-01 14:43:00,17.328925571589682,183.08033262472736,0.3139977924895241,1.350773245966199,29.882829225596684,34.548653741127836,0.0,0,none
2026-01-01 14:44:00,29.309220165484348,189.53492640581038,0.3062347043402243,2.3852329458271377,23.66776083456814,36.74333919866365,2.6252584931994702,0,none
2026-01-01 14:45:00,32.046656520137006,188.79594680103557,0.12663830491218547,0.9632190587543488,27.0849358714773,34.44157382998267,4.284312566605323,0,none
2026-01-01 14:46:00,28.833475528052354,186.00348611512155,0.4464551006251481,0.46807517830073575,25.2919705200325,40.072246686692914,2.0427319409840714,0,none
2026-01-01 14:47:00,42.30461753981922,146.2291083719992,1.2328126144483644,4.302489111379615,24.95709527460407,35.235120742235466,2.1204003616386853,1,congestion
2026-01-01 14:48:00,39.19227120731843,154.20241793914886,1.1230556067971398,5.245050177130137,27.464713266330353,39.84249930808727,4.7672895532141215,1,congestion
2026-01-01 14:49:00,46.97000108717753,144.12081366294484,1.248881816467115,5.539254959125415,32.601723978992055,34.849336033616204,0.0,1,congestion
2026-01-01 14:50:00,49.21011816503327,152.50173013058387,1.3622050902848932,4.945354596452999,37.41951527188667,39.26079801566811,4.795734377793135,1,congestion
2026-01-01 14:51:00,47.35272664653458,151.41731305692454,1.2422000377294167,4.840233493106926,34.82904012603227,31.288200071069397,6.980504084704673,1,congestion
2026-01-01 14:52:00,46.884210762324265,154.80504117446225,1.371153386842161,6.461799743543283,33.414264015559496,35.28119288814275,3.7751471658656732,1,congestion
2026-01-01 14:53:00,54.34284585752912,156.03177893444524,1.505772943077186,7.916794888975714,37.766318998500594,38.99147312409684,4.969904676648852,1,congestion
2026-01-01 14:54:00,47.0949914314822,142.90398474622583,1.5820018046127995,4.864183901641608,26.81859878898471,40.83612921777509,4.206453347932345,1,congestion
2026-01-01 14:55:00,40.90833970926761,153.52733858162992,1.1136952898424632,4.652117957077635,33.65382021216499,37.6148985688872,3.4714852123983917,1,congestion
2026-01-01 14:56:00,40.330254515826056,132.06564817853842,1.4464736844518837,3.7699793973665074,32.45961202871746,44.41429101725125,3.9907087585428984,1,congestion
2026-01-01 14:57:00,51.187402510829614,130.05580328773752,1.4431633561059631,9.477075931334042,34.01373225809122,34.10435411508352,2.324838880853486,1,congestion
2026-01-01 14:58:00,59.106999526947234,150.41008278426324,1.621491614935305,6.259270071566586,26.38148421484659,36.906336849763306,5.941180190244589,1,congestion
2026-01-01 14:59:00,51.14127313803354,143.37530146345847,1.5506540830816935,6.06179664276806,32.30053192770692,42.60440545652723,1.369405804592518,1,congestion
2026-01-01 15:00:00,49.992971188681565,137.197506227104,1.4683508306456539,4.599707022011373,40.88284456512213,36.238702915955514,0.6841363918050138,1,congestion
2026-01-01 15:01:00,48.59362778232435,128.30365826952044,1.53401686771067,8.43066433837727,33.23371468047573,33.09547123196361,1.7359093931199316,1,congestion
2026-01-01 15:02:00,59.55354060310227,143.5171665862556,1.7301159760640525,5.109556471327611,34.125228455615066,33.45535978180613,1.9263730109479282,1,congestion
2026-01-01 15:03:00,45.27452310384993,140.10525915924126,1.8688688038319596,8.573678657456538,31.894905997264942,32.314232828509,2.5435956796313435,1,congestion
2026-01-01 15:04:00,50.22616753458577,124.21733920853998,1.7889956785574443,6.595764265712537,34.31850412901913,37.5021417657097,3.371173972138674,1,congestion
2026-01-01 15:05:00,63.815790525054304,129.50239831024504,1.5665065594523895,4.844677708470734,39.82611168772168,38.79188799808242,0.8312397006413552,1,congestion
2026-01-01 15:06:00,54.44937313952377,120.7609054569604,1.6847481368857544,7.670374156570138,31.202339288292137,35.71610833464281,4.000099340352282,1,congestion
2026-01-01 15:07:00,56.275242153034654,134.00763191888916,1.7844567538847818,8.413812941245467,41.34339382842222,38.339963359188026,6.527303355953304,1,congestion
2026-01-01 15:08:00,65.7236659036276,136.9276299774737,1.9340303977575601,7.430491950088537,35.653454554613944,37.26648520214341,0.5145037604804075,1,congestion
2026-01-01 15:09:00,65.64617237864479,138.23569815160266,1.9759076536567448,8.852130035335396,34.912364115239114,37.64485258332855,0.5940066147734107,1,congestion
2026-01-01 15:10:00,61.28946107851836,125.81633817360564,1.7570831217240706,5.942382234390507,36.211861469170486,37.94340171759816,4.693783936872861,1,congestion
2026-01-01 15:11:00,67.54944317070354,109.87719642912552,2.1046326312846757,5.920744832902159,49.213286788489526,36.53024613314393,4.2389089729443095,1,congestion
2026-01-01 15:12:00,49.04996722620974,129.12592169005282,2.062647527893043,9.377561951593258,37.53314283788881,37.17758924548033,1.5622280360048277,1,congestion
2026-01-01 15:13:00,55.19752486741184,123.5948168142893,2.2102116943288137,8.998896884802777,40.299459931684396,35.227530281634074,2.945387991974936,1,congestion
2026-01-01 15:14:00,62.2986260570746,116.40667788847277,2.130863811987731,9.627000732104044,42.14488099180383,39.11446904828745,6.968370010986623,1,congestion
2026-01-01 15:15:00,56.83858925824966,120.4992753341868,2.082547747870059,8.99448023352827,39.82917712890307,37.28041306582249,4.5114629396439305,1,congestion
2026-01-01 15:16:00,59.50263260671449,104.77871944884446,2.1206585376079854,10.78740888883132,40.45704774427356,33.537195244001566,2.5639656366083736,1,congestion
2026-01-01 15:17:00,58.962885826859385,112.78419172496201,2.2135110826439197,9.204807134244177,42.59850150875942,39.933669851710135,7.228339224718109,1,congestion
2026-01-01 15:18:00,65.68870971336857,122.1387205866036,2.1043901648469565,8.407868424636593,35.11049694549625,38.914796259833324,1.9822282866260656,1,congestion
2026-01-01 15:19:00,61.11291060486816,115.53889398662525,2.2949194207890233,8.845652711058971,43.71071800304214,36.92123669684318,1.3661564231468923,1,congestion
2026-01-01 15:20:00,72.45881359384313,119.62842605677463,2.178996202197146,9.005427551673751,40.31314442730516,36.91265104487272,4.3763054796041025,1,congestion
2026-01-01 15:21:00,67.62938388044667,95.96135172304552,2.475680732235326,7.47498151430976,40.818163200663676,36.465572885706464,0.7524073741682251,1,congestion
2026-01-01 15:22:00,75.82467908525936,121.3683951577538,2.410467067894957,7.504938904910047,40.694263696943004,37.006090945608534,3.7145846997497936,1,congestion
2026-01-01 15:23:00,59.92720861417676,117.05638108397692,2.387478431998241,11.026785648911444,37.195786867833746,37.772967704828666,4.177174628921946,1,congestion
2026-01-01 15:24:00,57.54983165270151,103.9818000569541,2.6591015814353582,10.383259943945033,39.668429583404645,43.03138241430046,2.8081679377383315,1,congestion
2026-01-01 15:25:00,69.75880824685316,97.38268253554308,2.567067551114086,11.048463987407615,41.82785711204823,42.044922627859805,4.605460625342267,1,congestion
2026-01-01 15:26:00,70.84201894953875,99.94139402332587,2.52919672879759,10.268380815866191,37.46826178703467,41.78787726338814,3.0791549940380225,1,congestion
2026-01-01 15:27:00,76.06898876856269,108.8400994156794,2.5066521873892897,11.161572792269608,45.077344518209834,34.64374835419585,0.7055509753494156,1,congestion
2026-01-01 15:28:00,77.15463517312156,97.69326986286067,2.9457001341130526,10.808423918642793,44.501145158698264,33.774682998565055,3.7252089071649115,1,congestion
2026-01-01 15:29:00,70.11912251705728,102.08746034426134,2.578717632192034,11.181314750315092,38.451631848335246,34.714821129193226,2.134308203948854,1,congestion
2026-01-01 15:30:00,25.893717730484614,194.9727648896865,0.4150159927314309,1.9589273327553192,26.0118503968314,36.35930375581749,1.9406689372586992,0,none
2026-01-01 15:31:00,18.04531147272588,185.73821705131414,0.44695706648611766,1.6118636180313073,21.84683025337738,33.73168423848594,1.238596326109115,0,none
2026-01-01 15:32:00,17.626843728344067,185.79784458665722,0.09389510263796469,0.8449639765368817,22.232422587979325,34.21092910788569,1.447253611544841,0,none
2026-01-01 15:33:00,25.07942193154028,202.68177774718419,0.3659997757216243,0.004351584260612995,26.67295628106892,32.70558405519547,2.3236709963861526,0,none
2026-01-01 15:34:00,23.9511511449614,197.59221407018632,0.09732647368467809,2.749538387142921,18.388988394636435,30.93844582774456,0.7577263465510264,0,none
2026-01-01 15:35:00,20.250909565449213,201.2306748860551,0.2902143309503291,3.7347798791417013,19.892146623070715,32.728028043819066,0.0,0,none
2026-01-01 15:36:00,20.0635127051083,191.4810092808663,0.24765964853984423,2.0317281967287837,28.701577080647546,36.49694283534703,0.0,0,none
2026-01-01 15:37:00,31.53952871824277,183.1633004767638,0.3306633525482021,1.7808735115133036,11.864223728301543,30.761582070622794,0.598972846871098,0,none
2026-01-01 15:38:00,18.17588508145724,201.8053550520108,0.28507634469439386,3.4760341047791936,23.80025113531248,32.53774942886664,3.192245203861936,0,none
2026-01-01 15:39:00,19.533443292781136,203.0827673801529,0.16629721406647233,3.1132658061216723,23.089642361222996,35.25300039172159,3.329649354064428,0,none
2026-01-01 15:40:00,20.019500400348477,190.01660023708192,0.1833775936406935,2.035449042727575,20.8074777629618,32.598449397168736,3.2183416974090653,0,none
2026-01-01 15:41:00,15.51358704636314,184.91608469854802,0.17375727346293404,2.932431366489742,21.969039821649872,38.66496585139659,5.229598362669764,0,none
2026-01-01 15:42:00,26.947755836375215,202.74752866165912,0.26796333618294155,1.177527126700726,26.213759054543207,37.75051765570707,5.860569876186129,0,none
2026-01-01 15:43:00,29.04980469378225,184.1527769289205,0.26808273217786005,1.2736855089446364,16.213603060464063,39.376214297681905,2.0611299171448563,0,none
2026-01-01 15:44:00,22.047372020795134,186.58944973181158,0.0,0.3696160776206827,22.816273131985014,31.02530558537673,2.720921404077601,0,none
2026-01-01 15:45:00,8.083258498923396,190.82417859035723,0.04493347738198519,3.113025174798026,28.237858259675047,33.83035956886726,1.496548850419352,0,none
2026-01-01 15:46:00,8.310039935603136,191.12368150673376,0.4366337472585785,2.739228857232068,25.88217088753675,30.455744326883213,0.0,0,none
2026-01-01 15:47:00,19.228628321869888,190.5282720361599,0.10986657877408795,2.0495560254329703,22.98785100532993,33.53928955082047,5.119501386613688,0,none
2026-01-01 15:48:00,14.213704921795124,175.53219967822693,0.052528794684891994,1.8626607685306342,23.35209466877765,31.47097138045643,2.094039178586117,0,none
2026-01-01 15:49:00,14.82803067358223,196.64388640490913,0.04941721117866915,2.919552481130298,16.341234674377965,38.76770376208006,1.464630286371301,0,none
2026-01-01 15:50:00,16.76609788440385,193.74175425615263,0.05037317108792755,2.8617342971905924,18.038279246472566,29.167560297848897,0.8169417624573834,0,none
2026-01-01 15:51:00,14.384900471824434,205.2621012550382,0.20108989919629316,0.3719218848994501,28.616087224868323,38.47665433692301,6.174161974344788,0,none
2026-01-01 15:52:00,16.08147491636993,191.7814796052174,0.08769995559598626,3.5582540628716304,24.523384161397686,28.749849060445218,2.378080383632733,0,none
2026-01-01 15:53:00,17.781210420456095,185.49685577457086,0.11378943601923389,3.110954233294349,24.50289930484484,28.638425553545375,0.7984357359071956,0,none
2026-01-01 15:54:00,20.666871857914053,198.04389712207794,0.5550868015627404,3.015843097683688,25.768285230965507,34.06081428384568,3.927546944772632,0,none
2026-01-01 15:55:00,19.490466144147675,188.29011046148216,0.38701125457711494,3.2600981509721887,25.36673794651351,34.86601544689532,3.906308443885824,0,none
2026-01-01 15:56:00,19.267119194323456,198.60556937716228,0.2504213554407429,4.052066321932766,20.858121803450196,34.32218694891195,1.0245599418441138,0,none
2026-01-01 15:57:00,2.914039045268055,202.19555136592564,0.5249961441508078,0.9020641135878757,16.31741699640896,31.402769989609084,0.0,0,none
2026-01-01 15:58:00,14.214522076373884,178.29728729083914,0.21112424004763838,0.11151268333299269,20.96952632249169,35.17780267302144,2.5195837765093603,0,none
2026-01-01 15:59:00,47.98970524775922,148.26784352612015,1.1696972877654277,6.170597954206454,33.78560654734931,37.9265490862823,1.2532477241213362,1,congestion
2026-01-01 16:00:00,48.1520268738367,153.01020279048484,1.3316763972632515,3.1068566576456256,27.057798139632375,36.74206845191456,4.300739428885335,1,congestion
2026-01-01 16:01:00,52.79824445170827,143.61931762049662,1.0471475893591384,4.965838257516239,28.521855047794443,32.26179756630481,1.4161617071380364,1,congestion
2026-01-01 16:02:00,38.782711237764175,150.6835010884713,1.53872277464714,3.410815863615825,33.576292344274805,30.10555820553562,3.9885718592277764,1,congestion
2026-01-01 16:03:00,40.91949610595232,152.7247354799321,1.2945116494097362,3.345412443831834,26.650527605597127,35.846660080740506,2.578627485357521,1,congestion
2026-01-01 16:04:00,44.488509722142396,152.0998982439726,1.623568330111559,6.895588520412879,29.949472725942428,33.50352144292886,0.0,1,congestion
2026-01-01 16:05:00,52.76276671314244,152.00590787211465,1.2557115411735424,6.841360433382668,32.98731711155907,39.781960249549,3.0526217545519923,1,congestion
2026-01-01 16:06:00,47.30788735260329,151.07250746570892,1.4801165712396112,8.452141445732003,32.710122703527496,36.261602464947906,2.671297925173281,1,congestion
2026-01-01 16:07:00,50.47155841421011,140.402274631275,1.3123343240623564,5.037611365336671,32.65328883921474,38.97271225530166,8.227821892153479,1,congestion
2026-01-01 16:08:00,49.84841323384107,131.5481366512272,1.5782584893718328,6.889478968578895,34.80839473816359,35.08800176868073,4.505915534816044,1,congestion
2026-01-01 16:09:00,51.28436484398085,132.18567266066884,1.6644274658870022,5.644503882782413,34.2485764323098,33.98677820432032,6.442902443716913,1,congestion
2026-01-01 16:10:00,48.329191594784284,125.53773569837327,1.6120201419918148,6.434450755996645,31.548901252781725,38.296482785037085,3.024639705002782,1,congestion
2026-01-01 16:11:00,57.06984850525072,139.8604731862289,1.7176849431617183,6.564126938067295,34.841224531749376,34.81306864436857,3.2478835645794146,1,congestion
2026-01-01 16:12:00,36.11633559199672,128.0518505392128,1.9505608927255582,6.870513713219047,33.10066328846851,40.636584155520296,2.390099530117867,1,congestion
2026-01-01 16:13:00,54.43653119386442,119.60587367402314,1.8422470223048681,7.818417510978939,34.574443703617746,34.087709028116635,2.0505284857176687,1,congestion
2026-01-01 16:14:00,51.98558375997789,117.19241763355022,1.8677614707681915,7.360811299061277,38.73391496159684,31.430560233348082,7.16867563296287,1,congestion
2026-01-01 16:15:00,58.07275352961052,129.01087157147103,1.8345827294037624,6.00842173354795,34.8140819488454,36.426712807182916,0.2185115047520112,1,congestion
2026-01-01 16:16:00,63.867668624204924,129.51131200512296,2.2135279368506273,6.116061733354167,28.014344284828823,35.71444010015726,0.9604366681114471,1,congestion
2026-01-01 16:17:00,56.846224777857714,117.36275751681578,2.000514721625772,7.58829451993439,33.166374254300294,29.692733056134735,1.2864060687882946,1,congestion
2026-01-01 16:18:00,66.38902018722735,122.07919212988946,2.0778961237445044,8.37924963619256,37.592398610243336,30.128241345032976,3.0412316781894786,1,congestion
2026-01-01 16:19:00,61.195481234063095,127.18505451043683,2.1256841000290003,7.503868332460348,36.90773569290363,28.833450187073186,4.47686961863899,1,congestion
2026-01-01 16:20:00,64.99517130004779,130.48041529555718,2.2641311202244987,9.977943473263235,39.92734348149757,41.441729460837635,1.4897179759615384,1,congestion
2026-01-01 16:21:00,62.94968010001848,119.38694745111337,2.223907757661625,6.52621801632638,31.536217147437913,31.613668986478594,0.6482949924241996,1,congestion
2026-01-01 16:22:00,66.85350365753447,107.78012438084473,2.3767096977726814,6.850541437148907,33.01690085529879,35.867584567112985,3.9430659439755336,1,congestion
2026-01-01 16:23:00,73.8175449255649,115.32067634176637,2.282102094675907,8.43687326116811,43.313640457249,34.2222927017417,3.806341080223333,1,congestion
2026-01-01 16:24:00,61.67704372621704,120.4850128510368,2.342365537629747,9.805661986756629,41.69500509656763,33.349669717771995,4.615830178082661,1,congestion
2026-01-01 16:25:00,62.971926185927614,94.84804987521227,2.415615744151,8.997037539992675,43.72298596986461,38.3883703803038,2.24343290956063,1,congestion
2026-01-01 16:26:00,63.419985111418804,110.36231217315158,2.3097084103497476,8.491158142753918,38.25486089810721,35.48114841797448,3.0880027704008937,1,congestion
2026-01-01 16:27:00,61.522601487523424,110.11993870041351,2.6969618986512907,7.867395972760184,36.63704569097999,36.31160892147194,2.9400632313327293,1,congestion
2026-01-01 16:28:00,64.42695571653832,97.47128923449065,2.6833505623852743,8.085813180750797,37.65250748149087,33.84893658367569,0.5237104367201502,1,congestion
2026-01-01 16:29:00,79.5611467796582,99.44984846324972,2.6456985015377605,10.565764614982712,41.21773311740372,33.5886070592937,2.0338737601368053,1,congestion
2026-01-01 16:30:00,72.6288483454516,102.40417195229792,2.5868795512499245,12.380643423879764,40.060702462432204,36.877192234753664,0.0,1,congestion
2026-01-01 16:31:00,78.61993767710334,106.17178703539021,2.6188895510597385,9.150559237272708,37.3685613513826,33.48587579340143,4.072865300386741,1,congestion
2026-01-01 16:32:00,76.47261729565918,95.63353085251096,2.7200971848848496,12.52029384803962,42.19990595787293,34.288291127247994,0.3148999674617543,1,congestion
2026-01-01 16:33:00,87.96001162962985,76.52025729462021,2.844648853055123,11.892221145417576,43.242894081491116,36.64579309731568,6.447382505318247,1,congestion
2026-01-01 16:34:00,19.585355204891815,202.49886647071398,0.0595207713089515,2.432839347628241,15.699626380777108,35.98871299173301,1.1873616141174161,0,none
2026-01-01 16:35:00,18.36184845555936,195.30085875782729,0.38863322298187464,0.6487874067184267,24.18394750048504,34.774360620860385,3.705420874532419,0,none
2026-01-01 16:36:00,29.177139769527425,191.64747475092136,0.3410812572715734,2.2161925914489395,18.100042858428946,39.74048232592304,1.2734481041633616,0,none
2026-01-01 16:37:00,10.14949873026238,197.86746973324247,0.26584217552752804,2.1794170440480554,14.729341612794823,42.71514858206979,2.3020771238506983,0,none
2026-01-01 16:38:00,11.357922864825268,196.84252853308823,0.18229587918205364,1.5976807303190064,24.075154931233058,32.1935173975081,3.641248903197217,0,none
2026-01-01 16:39:00,12.743721782666887,199.9099017151577,0.17403991221838794,3.350472222880541,19.073715663124936,34.363365568515604,0.12881433951698273,0,none
2026-01-01 16:40:00,9.241649650557273,199.0401594598908,0.010443840873177568,1.969077683774478,12.698801401856148,35.7915756896473,4.4957465477881104,0,none
2026-01-01 16:41:00,16.769649848573476,190.82914784193838,0.03903768557374429,2.873408900091733,16.11376875970739,41.630606735279315,2.6426057334587987,0,none
2026-01-01 16:42:00,19.0005669207323,211.26111187395853,0.30875151001401235,2.530503839043394,13.58786267710054,35.01359273831418,3.645923779029906,0,none
2026-01-01 16:43:00,25.389041407031897,198.03634904960958,0.41788347658854597,1.280555461323592,12.700381178968605,31.283778818952488,1.5775188238948852,0,none
2026-01-01 16:44:00,3.383487238522399,194.1794648134745,0.20511716962076296,3.2332842847408987,20.150526244092337,30.069462298686425,1.9956961301416685,0,none
2026-01-01 16:45:00,22.969770763715275,198.31237971155088,0.22069245503685928,0.5173727872647262,19.51098050568013,31.378862807789034,2.316852681716431,0,none
2026-01-01 16:46:00,26.07473578438686,184.86109747230464,0.16670701739856,0.0,24.097573069874258,33.19625099672134,5.42705234470621,0,none
2026-01-01 16:47:00,12.318791870161718,195.00569691493746,0.4841726914803499,3.1408134753448365,25.300357440543575,36.88809784733994,4.687229281494334,0,none
2026-01-01 16:48:00,19.520810708938217,196.68783569917568,0.08868021469335916,1.6982176869224168,14.15461022775077,35.57699391591884,0.8946349537273632,0,none
2026-01-01 16:49:00,26.934064305658833,191.62203517100252,0.3050819903977312,2.7763026069524717,15.28781252958958,34.7104811410048,3.879082661445966,0,none
2026-01-01 16:50:00,12.336204692755384,185.36127539579326,0.24923949336859647,2.421516199348957,26.20140034426898,41.410394880487566,1.1635987058853439,0,none
2026-01-01 16:51:00,17.982914327203623,196.57709552243216,0.3716149740782322,1.9271294654314521,20.63940870575704,30.226882611213846,2.1587480546238718,0,none
2026-01-01 16:52:00,18.122825085904033,214.6178436583188,0.08530925085693294,2.9742962196128477,23.98923519034936,37.378639094505715,0.0,0,none
2026-01-01 16:53:00,14.698999860199029,182.1828055785104,0.15270527138989923,2.1400700614768575,20.148141475408284,35.333188169767055,0.0033213749896989775,0,none
2026-01-01 16:54:00,16.90690225746627,193.29672639193447,0.055154984412632196,0.6031495226765762,24.169924645411946,33.151635917352266,2.8129946362103304,0,none
2026-01-01 16:55:00,12.815219292967326,195.79944723093936,0.09149505624622864,3.5153263744717576,10.278050626949025,35.72331102428223,1.3486456890706104,0,none
2026-01-01 16:56:00,8.98524327189459,193.8768272749565,0.3138174480883179,2.663133137783777,20.877480844096794,34.96490726303986,4.771023534671022,0,none
2026-01-01 16:57:00,20.987857637443945,205.33724030132458,0.2560929192311223,2.25417403874075,11.680200807201471,40.077960583792084,0.0,0,none
2026-01-01 16:58:00,16.57798514799748,188.71418662149503,0.0,2.768888139018493,15.505459504028018,35.65577583986676,3.0265993850192103,0,none
2026-01-01 16:59:00,22.175552103731917,196.2320650272563,0.35238430460100745,0.6366493180630393,22.65539297333942,34.23629830731828,2.6548614474202843,0,none
2026-01-01 17:00:00,15.316910777319633,201.17706364974438,0.18094932771017025,0.0,19.915725194171824,29.81881936090536,0.0,0,none
2026-01-01 17:01:00,12.81205670468239,182.64684815537706,0.03837982465104203,1.0110967760506335,17.530860021476993,32.67722199496747,3.4616559740036683,0,none
2026-01-01 17:02:00,10.887101244246207,203.26446709416948,0.19393416574217032,2.103712786691974,19.94597292751352,32.12556334716619,3.6212767594730595,0,none
2026-01-01 17:03:00,10.377002576372073,208.91988493909483,0.0,0.9720324766850967,25.832772216348502,35.60347578380915,2.965184697125996,0,none
2026-01-01 17:04:00,13.016435881382158,199.24232013826511,0.30139949770538665,3.768148037913625,15.780255474899858,37.74795269706727,3.6926768511461603,0,none
2026-01-01 17:05:00,18.752007574486267,198.47557846461044,0.3216274115390156,1.5733970970420157,20.535259473182688,31.69063140364588,2.9862704141893595,0,none
2026-01-01 17:06:00,20.555000085244938,181.3422844695356,0.26534355015439287,4.173814049197146,17.725041807164665,30.935740518845368,3.698606599374342,0,none
2026-01-01 17:07:00,19.695027772220232,199.58622087980817,0.13486773322687381,1.6643863521254607,23.690167981822928,33.87396440435805,4.6753987188522235,0,none
2026-01-01 17:08:00,12.972470286010209,198.0270176968265,0.210919986259255,2.670810026809967,17.94551779237169,27.96502302578316,0.0,0,none
2026-01-01 17:09:00,18.467482929975503,202.0538973588249,0.1724329103185959,2.9973055323377906,20.707662249024185,35.120289664443746,0.0,0,none
2026-01-01 17:10:00,26.1077408291867,200.4256408115862,0.32885239864314364,1.5589550409655528,28.383299061182385,33.20944105320683,1.2934373957087,0,none
2026-01-01 17:11:00,16.037835768509805,202.51395496414366,0.40414346966866643,2.6481409599096306,20.671076778103508,34.8993112892801,3.2485054891147165,0,none
2026-01-01 17:12:00,16.580939283432464,196.92986701190972,0.11270641567040385,3.1124550370294117,19.23314717268082,29.386738741543002,1.520445663137921,0,none
2026-01-01 17:13:00,20.471092455998026,190.4476212701673,0.2204993668099987,0.6130138767693389,27.760488646503553,34.56685469657186,2.662617396704427,0,none
2026-01-01 17:14:00,23.337403906853236,200.95522468773672,0.197919823464483,2.925009578111436,19.235892590818107,28.90121548424873,2.0760386769163914,0,none
2026-01-01 17:15:00,10.447358042161712,186.42763855715265,0.2695939040414188,1.780104618004151,25.940229692400546,41.74883274783764,1.0514824988891829,0,none
2026-01-01 17:16:00,17.653342579637417,202.0596720301504,0.0,2.3876448223085034,26.97559253567194,37.76555987085759,2.5820430126263703,0,none
2026-01-01 17:17:00,21.314653114840123,206.31740127530387,0.14270026738312816,2.964224188792362,17.603900286485935,36.271758560988545,5.678337359085022,0,none
2026-01-01 17:18:00,11.890069998158792,208.22728275756577,0.31240550868837547,1.825920973403887,17.586970846030898,36.64819585947454,1.8394197951182116,0,none
2026-01-01 17:19:00,19.194578414856586,191.9637499866828,0.0,2.6472099821348642,19.671220122984174,37.54356996190646,1.1398227906411273,0,none
2026-01-01 17:20:00,17.205275129873293,208.18834731585846,0.23493659264517913,1.0936624084575401,28.71569993681465,39.1286883792113,3.8411078812252475,0,none
2026-01-01 17:21:00,17.09534490057565,191.64549452893783,0.0,1.7383449025701991,20.546015373613624,32.05049485509001,2.7066737825587506,0,none
2026-01-01 17:22:00,17.217062303912243,198.67906161477669,0.12358494853088123,1.4281425036756534,18.83255966899401,38.97704588630953,1.9242690473551334,0,none
2026-01-01 17:23:00,18.2595799659818,189.04445644988664,0.03716142285124041,2.7044462542962258,15.949452255140821,36.8614570081858,5.3452157317486435,0,none
2026-01-01 17:24:00,12.370766628500213,208.17412094106194,0.41228841501674707,0.7056045382593652,11.94890409041642,35.82101959888879,3.029438013812063,0,none
2026-01-01 17:25:00,9.36295402955244,200.51090475892417,0.19087396003788046,0.2651193482077776,16.092769088321525,31.12742840982205,3.3991086869324336,0,none
2026-01-01 17:26:00,20.04894026133092,193.81405990706648,0.18402286490101816,2.5719438903730163,14.039907020789602,32.01401469469061,3.207325711243551,0,none
2026-01-01 17:27:00,22.88632754118966,194.77966957665274,0.35933005992872,4.359483905819989,9.201304460257077,33.749985216824086,0.0,0,none
2026-01-01 17:28:00,27.93152408074541,191.79058180052994,0.07785316164026762,1.868595251786189,13.02956752927743,33.691012533882564,3.8751314664662813,0,none
2026-01-01 17:29:00,14.80237860597147,197.97880728058684,0.3183524363576462,0.8240179165573289,18.46781145973565,35.393325581021266,0.014508936723913735,0,none
2026-01-01 17:30:00,19.62956587096841,194.45912109654896,0.2597669140763658,1.3183076508055815,15.908273092302627,32.52652442658494,3.0919758303881943,0,none
2026-01-01 17:31:00,16.121092443224075,198.2942415243587,0.28652110923642804,0.0,17.09124241366545,29.466947894279258,3.036125566584215,0,none
2026-01-01 17:32:00,12.752752360745783,198.71537239529016,0.09859898417522031,1.018452237616465,16.93599401577841,33.44347502902361,0.5306642980447411,0,none
2026-01-01 17:33:00,18.632104401607545,209.139769378937,0.07058516839996862,2.3521114830323135,20.602348398760515,34.255153081341376,3.028239674992088,0,none
2026-01-01 17:34:00,15.322001297674614,198.12786861256086,0.1767453821258545,1.3070665617731645,21.427332801355558,37.266353690101944,3.8886564319401953,0,none
2026-01-01 17:35:00,16.567083127070248,194.929921586952,0.0,1.7089160722155952,18.836820533396985,34.955071213457295,1.748742345143682,0,none
2026-01-01 17:36:00,12.682136315776301,204.3639880442936,0.0,2.9914176244832156,13.940281485493587,37.04629924924127,6.0357004825764164,0,none
2026-01-01 17:37:00,10.421053544088094,195.58465082378484,0.09035524786247584,2.073538921028327,22.638484214458924,35.533912681836085,2.0578239435402343,0,none
2026-01-01 17:38:00,14.275241677006115,185.56693188100962,0.07420202808313547,0.9293532956371424,24.780448853089652,35.95178044726627,4.867241413937085,0,none
2026-01-01 17:39:00,24.307604470883916,211.61491723069787,0.17544787772311182,1.5524627643189397,15.845713340118714,31.976933534766744,2.1746139572942016,0,none
2026-01-01 17:40:00,19.627044468222685,194.20998687249283,0.09519058235255645,4.205907140681952,18.537644904046058,30.043417413085237,3.264462555557884,0,none
2026-01-01 17:41:00,21.260242240637286,200.22108271339062,0.21042829728769874,0.7110215130987976,19.041239975382513,31.498445386177366,3.9859073161561325,0,none
2026-01-01 17:42:00,14.184633889196085,191.00743445825898,0.23953170912440505,0.7013428745364383,17.896916928976744,34.853753732686194,3.831566336205481,0,none
2026-01-01 17:43:00,9.172248432560018,205.32211580351137,0.006546894635210243,0.21898144299987599,22.925270717540585,37.74509960288896,1.4007564815682434,0,none
2026-01-01 17:44:00,20.36482635995239,183.7701729874172,0.3656598735416349,0.24652350719308558,21.850493899919677,33.25266213695272,3.7650605436165696,0,none
2026-01-01 17:45:00,14.067881542916005,197.9863410604694,0.31110217526363704,3.3921265424666065,17.757424886280706,33.295863794923065,2.762183243058408,0,none
2026-01-01 17:46:00,12.479395818016643,209.71937849493153,0.3655389123274264,1.8619559391364904,16.50418486620778,35.72153603448111,2.530028132603979,0,none
2026-01-01 17:47:00,11.490378815370171,189.8303960489022,0.1386775138778837,2.8220274365812017,23.20322090668019,32.38523679014745,5.17078645677225,0,none
2026-01-01 17:48:00,21.750419066122817,200.31716465184553,0.16069902681948645,4.248648255742053,22.168865162289837,27.744555147807027,2.456383077159113,0,none
2026-01-01 17:49:00,23.942629329374082,196.31872775482685,0.1759732109697167,2.6250836626996694,18.031067775892648,37.01405497816744,0.0,0,none
2026-01-01 17:50:00,39.423452963939184,162.94590599966304,0.8712557027512977,5.127169580275007,30.7460086790681,30.767023172687047,3.753396578612686,1,congestion
2026-01-01 17:51:00,44.040793528656195,179.39399423043324,0.754438407310775,3.829508500488859,24.91110953134666,35.408636831481225,6.4454282610202025,1,congestion
2026-01-01 17:52:00,28.796427458400565,178.86063669683404,0.6424599353693657,5.180971619385371,24.933850380435377,37.5648369798435,3.895484740748742,1,congestion
2026-01-01 17:53:00,29.56079493389379,167.09553103023475,0.9267425361290356,1.512741526357849,29.422810641676904,41.021863558151516,3.864321595334514,1,congestion
2026-01-01 17:54:00,28.42706385068341,167.69738789463025,0.7735363667414418,5.362831063322101,23.91319487332369,36.928540987367604,4.919489980318385,1,congestion
2026-01-01 17:55:00,44.587913942323766,159.20146424866982,0.9009243797733038,2.933695530453602,22.622025548084288,33.15591102276803,6.393548811268724,1,congestion
2026-01-01 17:56:00,28.094770621831763,165.16598899062487,0.7376391850537162,3.237004043186084,26.34985537005708,40.64725947255178,0.6973500776678434,1,congestion
2026-01-01 17:57:00,36.29009560930476,174.6340226806698,0.8750593219218383,1.5073439504708608,29.029115821479326,32.55323821828047,4.641534263283583,1,congestion
2026-01-01 17:58:00,40.66700964870607,166.04801829290565,1.273067360645901,7.286184006603006,21.675190819847245,36.31972355240806,1.5685900853080466,1,congestion
2026-01-01 17:59:00,24.516608579910557,187.69225392287035,0.8768037979842849,3.381557254148462,30.56771750957597,33.63573456727102,4.505089403683835,1,congestion
2026-01-01 18:00:00,42.19661904211133,162.6354845876192,1.1525172824228431,6.279721725700125,27.352277946200118,38.91962442142694,1.2845250761722298,1,congestion
2026-01-01 18:01:00,43.911845537768144,161.97340215648197,1.2638241817543383,4.320857275139364,24.475124087146355,37.21021678197293,4.259073220094058,1,congestion
2026-01-01 18:02:00,38.61471002089634,163.4754916959883,1.0947768324065548,5.61243080722873,26.971053484434655,33.34949312080393,2.43093395738204,1,congestion
2026-01-01 18:03:00,32.631890528399964,162.70233969358216,1.086787967398765,6.073095805194358,29.44009472413801,29.133999949684842,1.700607034170477,1,congestion
2026-01-01 18:04:00,44.545107708464435,159.75075419851106,1.049607417132377,6.6016662636777586,35.943828757953725,32.39880539833602,0.3657637491565078,1,congestion
2026-01-01 18:05:00,42.00182974072463,167.73605420429914,0.9663805525999322,3.6544349244533034,37.653652755408544,33.41251606363515,3.5919165455991804,1,congestion
2026-01-01 18:06:00,46.786065716698786,159.25054874646065,0.9755873092645924,6.488329381829148,33.32735098463391,33.074366365546986,2.3479439536232993,1,congestion
2026-01-01 18:07:00,37.30003326478071,160.34854844209207,1.0193413796467576,4.458919766252068,27.151799693308945,30.257489457490607,2.164596231055853,1,congestion
2026-01-01 18:08:00,29.580946786619133,157.32320132607612,1.4032786080678545,4.478427589540235,28.143172038870393,31.90803357444597,0.0032914790624385404,1,congestion
2026-01-01 18:09:00,41.16704484944726,170.850738873471,1.1782584787052952,4.762022469694917,31.85583212005737,30.418830052764058,3.0834029390791837,1,congestion
2026-01-01 18:10:00,45.71963248972336,144.07384554595137,1.2581728820974796,6.429304566010922,25.72059822439269,37.082356211644864,0.6636731470761732,1,congestion
2026-01-01 18:11:00,33.16348101129486,148.4030801615511,1.1370400933430795,5.18623443501079,29.443923073332414,39.24357696564144,1.6828440691642275,1,congestion
2026-01-01 18:12:00,37.467670409971426,160.8901065104711,1.5795696389440987,5.165493590261746,31.391782317134673,37.11164915240922,4.80502419826291,1,congestion
2026-01-01 18:13:00,35.493883089977416,147.28224207299047,1.1421509962122058,4.4888588727950145,25.1879757875898,28.203626415661603,2.765609800260969,1,congestion
2026-01-01 18:14:00,47.693788990937506,155.02339594599394,1.3273704613202368,6.400925194961497,20.756999868965096,30.797048986413884,3.1206079921268595,1,congestion
2026-01-01 18:15:00,32.03212909501812,141.77983759921165,1.3860734831293091,6.2768232798189825,30.706025353537733,33.32046783604399,4.441553935858093,1,congestion
2026-01-01 18:16:00,51.57907866567859,142.01826731905624,1.3631062243674985,5.477572399263552,25.74030328950812,34.82254977457309,3.1298338119879174,1,congestion
2026-01-01 18:17:00,38.643700610070006,145.46258351693888,1.3029550959098475,4.5487061643607,36.58666915406221,38.5037609396321,2.7004581907260814,1,congestion
2026-01-01 18:18:00,49.95044391999849,148.69207750386056,1.336851077710955,5.394841260224649,25.2621069471137,35.66790235688915,2.7043506739195755,1,congestion
2026-01-01 18:19:00,43.83146660807391,141.94882783905987,1.3673910175173962,4.765873677879859,27.908306071823468,36.18033294166022,3.724585752931954,1,congestion
2026-01-01 18:20:00,42.15552879918673,150.24236788100706,1.453808206972944,5.48673076459281,30.303892233393363,33.05480604092448,0.0,1,congestion
2026-01-01 18:21:00,44.138619656048434,144.8471546912985,1.3720701558162054,6.208248476165171,29.535186182680746,33.42135240029066,3.212692606155425,1,congestion
2026-01-01 18:22:00,49.75774113470072,136.9671820789374,1.3563043080019943,7.6700792663707436,26.526935700461248,35.18391773715965,1.2078657762929623,1,congestion
2026-01-01 18:23:00,44.30458859391745,144.76242390122135,1.5394409078939222,6.40499228932533,39.82369889626307,36.62783748591394,0.1883878926781084,1,congestion
2026-01-01 18:24:00,48.98140824227235,143.46482232539236,1.731296251948369,7.041485598291182,28.332667598899228,34.291045989225104,0.38071159819590905,1,congestion
2026-01-01 18:25:00,45.267471733856866,145.28102117778084,1.7211628349513572,6.862375246215002,32.15180325424298,28.24987752066281,3.3341411954383786,1,congestion
2026-01-01 18:26:00,49.87540672147354,143.82054132106765,1.7351003409620211,5.637679337617458,28.48223090696611,38.3449973449416,5.21463674347043,1,congestion
2026-01-01 18:27:00,49.445599662582346,142.80626815624237,1.7749508945905519,8.576027554257234,33.01365909575883,37.37048838387516,0.0,1,congestion
2026-01-01 18:28:00,57.10268741363485,140.69188456397907,1.49907318252852,7.114171156240278,33.33082431896969,30.65894993984381,0.8467133934925597,1,congestion
2026-01-01 18:29:00,42.06829307177758,131.3318914972583,1.6953492485729702,7.2431724230389705,24.832102606886156,30.14181269975325,3.442421543238844,1,congestion
2026-01-01 18:30:00,53.49495345012718,132.53031331974347,1.8948336825736174,8.187075618220781,32.872395285211304,34.40922044711377,0.0,1,congestion
2026-01-01 18:31:00,54.01988082761464,138.07587874284314,1.7291577041543553,7.778105073941542,29.994103229205997,34.20534017014934,0.0,1,congestion
2026-01-01 18:32:00,47.933935905773424,133.69455614334746,1.7602720624472556,6.570546016737999,30.682515394189224,36.89473200116905,4.013899093021674,1,congestion
2026-01-01 18:33:00,46.966758541534574,145.7866792435772,1.6180472446339582,8.679325910090537,31.63055303012169,30.6537729977372,0.5480823446049667,1,congestion
2026-01-01 18:34:00,54.04328945581921,128.50477038093985,1.8608898908463538,7.003019864964836,36.765392114254055,36.91666487776194,0.0,1,congestion
2026-01-01 18:35:00,59.20591908760233,138.69663185795352,1.9150526585369763,8.182627228906515,36.35635927498276,36.45123320021671,0.41636940525354893,1,congestion
2026-01-01 18:36:00,56.15885489560549,123.87540901563945,1.689431681897221,9.141726680590857,37.81111598036638,34.73271342986807,3.1145875421268485,1,congestion
2026-01-01 18:37:00,59.03943141037228,129.43162211914034,1.7462404558214428,6.618933698125632,33.45829612588142,34.649168244067496,0.4024345313130584,1,congestion
2026-01-01 18:38:00,44.95053498664739,138.88618761755788,1.8775881771021945,7.91139366889705,35.64433503897007,30.085335069084184,0.0,1,congestion
2026-01-01 18:39:00,65.57186618099597,125.11130700752801,1.9021307346995764,8.933447390920218,35.356252333980876,31.13487007124141,2.58990378207791,1,congestion
2026-01-01 18:40:00,61.795425461071034,131.74814034197294,2.06416281065772,9.920007756108209,39.25054216200803,32.770947915256784,0.0,1,congestion
2026-01-01 18:41:00,13.21591320810054,198.82190774001256,0.0008775851585184347,1.8937103221141314,18.333199963379137,33.335920195705754,2.4636356655827574,0,none
2026-01-01 18:42:00,9.428085357719022,211.67478341559968,0.1509112604874801,1.6240770644875846,22.510740421222934,39.04504047995898,2.255286735928409,0,none
2026-01-01 18:43:00,18.841565705633755,193.2040745681223,0.04637451939960813,1.2328274856881984,21.062003895158337,34.50928562938038,0.0,0,none
2026-01-01 18:44:00,20.413687364445455,197.47594554318908,0.07857695666305337,1.8469540670334919,18.777127149861087,34.71126787733199,2.93479943953894,0,none
2026-01-01 18:45:00,15.406862504651304,198.23362628129573,0.0,1.019265464691787,20.051146002170995,34.86576900022606,0.0,0,none
2026-01-01 18:46:00,13.85558550875075,189.74140132076175,0.19974980124895397,2.913219659021678,25.21578335146937,35.52808246040201,2.485022346390057,0,none
2026-01-01 18:47:00,19.068108532706184,196.66796845967843,0.24503011613024958,0.8009175347144735,26.71797262565503,34.87090900231181,3.708360466668103,0,none
2026-01-01 18:48:00,17.59827577762676,190.96339733285578,0.17125579748163383,0.6818266103206205,19.942071519462516,36.11927112800399,0.0,0,none
2026-01-01 18:49:00,21.59905160335998,197.80918273663093,0.16939699550427262,1.5334419757055535,19.66715693687885,34.182003455032294,3.264838297594796,0,none
2026-01-01 18:50:00,23.682834211559573,193.12478362576053,0.4544191783563998,0.26501171806082335,23.271900856458544,31.87346205022556,1.5102274504361404,0,none
2026-01-01 18:51:00,14.977717495491941,195.24715431338743,0.1601115044504307,0.924730528057532,13.232660898377652,33.348237218503975,4.055284986310092,0,none
2026-01-01 18:52:00,21.15837872811469,188.2149261884391,0.2682733757541508,0.0,22.626182665187265,35.08132216835738,1.6021193768072648,0,none
2026-01-01 18:53:00,11.2687976746939,195.67322433977594,0.35921533501726755,1.4459931278592058,14.066616834031404,34.11648098184164,0.0,0,none
2026-01-01 18:54:00,24.376834817664687,207.15212231944219,0.15763570732043006,0.6813235322298725,16.33634687465374,31.67345241898811,0.9881049143255911,0,none
2026-01-01 18:55:00,7.377472656236886,205.61392761053148,0.1859771442200831,2.7604304390948107,18.702054155342754,38.4011503055179,1.4338599293743954,0,none
2026-01-01 18:56:00,12.466440379639321,194.3117714899207,0.006026478630503984,3.6453256598755406,25.611619332422777,38.77640695901528,5.216563006095689,0,none
2026-01-01 18:57:00,13.721096490463722,188.79920435228408,0.09622071741434332,3.5461268529859833,27.848974719696468,36.92941345689638,3.598249024239429,0,none
2026-01-01 18:58:00,21.876422277416445,192.07381118572783,0.41677532508054727,0.20906640039836466,24.25580291510976,33.71197134818844,0.38220680649163175,0,none
2026-01-01 18:59:00,11.68405953798222,196.56940381872028,0.10346929587220888,1.1723832188181262,15.53157772409024,36.82898722106701,3.012631111836512,0,none
2026-01-01 19:00:00,22.649550783001583,204.7219537596211,0.05424195017469424,1.1415950578088705,20.470671827000405,36.29809170508322,1.725768204997419,0,none
2026-01-01 19:01:00,18.66671730119658,202.5796107688454,0.3093250112686094,0.0,17.889533504460033,36.67589797074724,0.7917290424544334,0,none
2026-01-01 19:02:00,21.43015816739409,191.1842300677255,0.0,1.3763091052176981,18.492409160733615,40.54849772404674,3.052454642523603,0,none
2026-01-01 19:03:00,26.50363556774499,195.94895720455457,0.3356316687564984,2.4031164302574477,20.33725831801084,36.00126141657226,0.0,0,none
2026-01-01 19:04:00,13.337409697387427,214.95041369233343,0.17168746799622434,2.9618307757823628,25.458232976786633,38.959563099946095,3.6442643737477285,0,none
2026-01-01 19:05:00,15.620777032613036,199.99764852532925,0.37092874569905787,0.0,17.53844912211029,41.38982728707344,0.5224844512189475,0,none
2026-01-01 19:06:00,28.410275397114603,196.60109036562827,0.0,0.2412846200769898,18.36807970348702,32.58969373025042,3.811438018770699,0,none
2026-01-01 19:07:00,20.899869499122676,190.80122863495563,0.0,1.1402914887294326,21.98179973356718,36.95636721001158,1.3470517610743433,0,none
2026-01-01 19:08:00,8.708643434299303,202.5971447032486,0.3431490172019115,2.279885278683287,24.773443610895352,41.76126449588531,2.95191447383941,0,none
2026-01-01 19:09:00,23.200573987914282,200.1517838367441,0.2671419861542858,0.16713867255694215,24.093264903891626,25.00369804366263,2.63048822514045,0,none
2026-01-01 19:10:00,17.499704383131228,207.57619214348892,0.07119269332955327,2.0708194750671685,23.329287499274653,37.57566595892552,1.8816922649299967,0,none
2026-01-01 19:11:00,19.66216998045553,194.38881864226178,0.3854180109086899,0.0,12.960682250937742,36.76075670814052,3.2693982139370386,0,none
2026-01-01 19:12:00,22.92688233874795,198.54598615025049,0.21501090113805738,1.5629965369205236,22.633889090742375,38.042156559984775,1.6523830129072596,0,none
2026-01-01 19:13:00,14.1579704006149,203.03213239065593,0.20625939278044672,1.1899630602978917,24.62780925591578,35.98956012230032,2.287751062013112,0,none
2026-01-01 19:14:00,23.64883460570627,198.64262843355624,0.11010714977651628,1.9743789132322895,13.682394695299255,34.49107094545531,0.7285687264230503,0,none
2026-01-01 19:15:00,21.167194850327213,202.58918953280042,0.0,0.8498607262223439,22.548381465645942,33.773408282543954,5.98720634997507,0,none
2026-01-01 19:16:00,10.790055087959944,205.34672976069163,0.0,2.8346998624819104,19.268785609122112,33.383384669267,2.159339864176266,0,none
2026-01-01 19:17:00,9.78434044237706,202.61193980140118,0.32177923385995444,1.50822584627858,22.341583283097677,35.55107710829542,0.0,0,none
2026-01-01 19:18:00,20.000568324050388,198.16379165356608,0.328487315241475,2.4286995149138324,20.61374715293104,33.27797484290011,1.6990215194161662,0,none
2026-01-01 19:19:00,22.550262661212283,204.44282892467368,0.32790720188359435,1.8586655426999945,22.270527407031327,35.59078258228276,5.759862890379418,0,none
2026-01-01 19:20:00,10.871604043048434,188.9446303230085,0.11967600868325645,4.0516678108028366,16.51731262977436,38.76192208512213,6.83910136300376,0,none
2026-01-01 19:21:00,22.937257511317686,200.36474024815547,0.07018011448118042,4.13469381351456,19.90394210716552,32.825165125715436,3.641010069551111,0,none
2026-01-01 19:22:00,19.84711832396858,186.79614298629693,0.06084532269511719,3.7324063208562492,30.17999750432768,31.510004309125524,2.215746041575791,0,none
2026-01-01 19:23:00,25.599752183333734,203.02437784405504,0.09061249321227152,2.674089532573529,18.352734296389205,32.34728247090946,6.455667295270636,0,none
2026-01-01 19:24:00,24.29547507614155,206.22668569754808,0.22794732336592716,1.0308590297834703,18.308211344782826,36.724094893702556,2.3728659450196754,0,none
2026-01-01 19:25:00,11.242366471835519,190.50166010393465,0.3389291276946232,0.7928056720425025,19.53213856771059,34.778762596173266,1.9895942261420598,0,none
2026-01-01 19:26:00,28.905435403694405,199.8459324273616,0.13460356694656525,1.9659445115182228,26.183907848929227,39.46765448681727,2.6244588834689218,0,none
2026-01-01 19:27:00,11.538280608560571,197.0412797953618,0.14632843565027398,2.6500002896328487,22.113159306064475,34.438917333201395,0.7812674653801306,0,none
2026-01-01 19:28:00,14.282008045113846,192.36623587301466,0.1597228693103368,2.474194543175575,22.539283831880496,39.48097329061563,6.251071027124527,0,none
2026-01-01 19:29:00,11.48348748794076,191.94777227689477,0.16544515208259175,3.8136588558783253,20.425150677289654,41.83299755416379,0.0,0,none
2026-01-01 19:30:00,13.941728125490593,201.1744963761952,0.0,1.4130456401906946,24.57437166452065,34.00932997487472,4.286396994755183,0,none
2026-01-01 19:31:00,16.29274934225125,205.70659423025953,0.016915654965194954,1.1319515714044885,19.664543344569037,37.156464654799,0.3121570873113786,0,none
2026-01-01 19:32:00,15.593875544865266,190.041178718919,0.518243281268264,0.9908512014038209,19.880243729852054,34.598822639908164,0.33114208247545207,0,none
2026-01-01 19:33:00,15.714628602897946,195.20207043661625,0.08485712337896842,2.0672168918171008,20.937531881942927,27.176161131187012,0.8290197962628643,0,none
2026-01-01 19:34:00,14.91526331097095,186.87254884287222,0.14771967665472013,2.250040713150029,27.24134074608179,32.83637292289151,4.064470711530375,0,none
2026-01-01 19:35:00,10.594902371335227,194.8964581824136,0.19062705812414124,0.0,18.358470919323256,33.63299231763848,3.0085722532417334,0,none
2026-01-01 19:36:00,23.01959110689212,198.12602105404068,0.19172137376483583,1.4386863058759782,14.201620454534371,36.03145536828655,5.1516537308147665,0,none
2026-01-01 19:37:00,19.82714457388261,199.73089827823583,0.06758767482634867,1.4917215942384878,17.566774125643537,32.47537530134621,0.0,0,none
2026-01-01 19:38:00,25.803072936334132,190.6691086794739,0.2750479477039653,2.1265997654447353,19.525317287837286,32.53329610206576,3.722814518096416,0,none
2026-01-01 19:39:00,15.715961663028697,213.31057984081858,0.0,3.7033042555147926,28.590191115130274,34.378598068293925,1.7261194499709949,0,none
2026-01-01 19:40:00,15.729953785079369,198.09023931890528,0.3769938238540219,1.513053379825885,23.40238705386746,34.017002578159534,3.520989160959213,0,none
2026-01-01 19:41:00,17.326973782818545,197.85173947830702,0.2983595396741362,3.95665166804344,18.341522049958108,35.409287756313496,2.018746284797257,0,none
2026-01-01 19:42:00,26.563042948227107,194.6369654782784,0.05404549014502025,2.9358506666807793,16.224681104619386,35.31166729289757,1.7568700822210555,0,none
2026-01-01 19:43:00,17.61700145286484,205.42946063472098,0.1294151624262404,1.64207831168792,23.769617595199097,38.070088678731295,2.7685577687116307,0,none
2026-01-01 19:44:00,20.667260249560172,204.2306938869623,0.2758859498903451,3.915551200247462,12.896349312019556,29.78987254309016,5.955234995110624,0,none
2026-01-01 19:45:00,21.926914323378686,202.1921462132384,0.22106291296349506,1.2881289548770196,16.082699580350983,35.25938663603254,1.2661414810831149,0,none
2026-01-01 19:46:00,24.365783202714972,203.9135721738855,0.34365341257612303,1.491150229681693,12.536475825516005,33.412637838016,0.9633744345141255,0,none
2026-01-01 19:47:00,8.785888573386778,188.43510249533819,0.16359379051291925,2.0118378996187056,17.581257802306418,34.14657407585144,4.738960572602508,0,none
2026-01-01 19:48:00,20.455088122668606,196.60159100170762,0.24783921207874174,2.9490150610990105,23.388587351894444,33.8277554871883,3.7123108847685438,0,none
2026-01-01 19:49:00,13.660600640852534,217.5012755827113,0.060095516417811384,1.5437452503995415,19.71337762692841,31.332746588656732,3.1476924069947345,0,none
2026-01-01 19:50:00,20.511813699758957,183.92321569184935,0.10768728842595979,3.098603271282423,21.932871491229882,39.2389730347281,3.2125184601724093,0,none
2026-01-01 19:51:00,19.524617669535353,193.19873321332855,0.29031939873901774,1.0090658422756564,26.248836341978734,31.394519980463656,2.377332866209921,0,none
2026-01-01 19:52:00,15.86147555020058,194.37902544373384,0.2864656784388883,2.4220736201068065,17.52638732778806,31.6642012360234,1.1587855267819438,0,none
2026-01-01 19:53:00,14.92944395790014,185.4506811094461,0.2980989186297202,1.6442401607155275,25.342531811238754,32.119402481979044,4.865317506965251,0,none
2026-01-01 19:54:00,24.434797987130132,186.28511318730003,0.2287500192923529,3.1387810512502634,21.054655932617166,37.893765725076776,3.0132449603326767,0,none
2026-01-01 19:55:00,13.353473221865817,190.44362954912222,0.11583518526251485,1.312805305662517,20.776175683162073,32.550759678286454,3.3480459768837187,0,none
2026-01-01 19:56:00,23.62153702777445,180.36688571300286,0.0,2.290807715713834,23.591463941037848,38.120827758366616,4.453604661897412,0,none
2026-01-01 19:57:00,24.403908131129246,196.9382614212646,0.2742674803770375,2.5720568495290137,18.790292213089693,34.324998630386055,2.26282208975157,0,none
2026-01-01 19:58:00,18.09936077623195,185.03769433750657,0.13985831520644487,1.4723898258412997,15.323220489937695,36.572722937703155,4.254007952657649,0,none
2026-01-01 19:59:00,17.33924284652475,204.91260963350666,0.26072273478171615,2.2600975579480593,20.28223430247295,33.567155658484864,0.0,0,none
2026-01-01 20:00:00,14.677873694504278,205.71234507848848,0.0829128946891867,0.0,25.119917620841765,35.26014652019428,3.8519953639927804,0,none
2026-01-01 20:01:00,9.70138958733835,197.29237827621768,0.0,0.7297988423066821,16.378362999477964,33.304730318547755,6.658176788971185,0,none
2026-01-01 20:02:00,18.611054345656278,194.8269303105118,0.22680081564271876,0.6619304526679881,17.74933506311921,38.8084004044823,0.0,0,none
2026-01-01 20:03:00,15.553131740770615,185.12507480553347,0.1469421929566723,1.1258615305027377,20.053132122479333,36.28952126115618,0.0,0,none
2026-01-01 20:04:00,31.081786254623147,193.66684416551183,0.16603671437391954,3.8683675505755977,17.857806865949044,32.15259647452349,3.4183818063938545,0,none
2026-01-01 20:05:00,13.994343479860238,202.14862624519353,0.12963670410240863,1.4194753510641724,24.767923158663326,30.944022146572095,3.4247914287855936,0,none
2026-01-01 20:06:00,20.33079416148719,199.65826625899038,0.3252974470684814,1.9752240959775544,24.828667055420055,34.76655513610953,2.1401775255761057,0,none
2026-01-01 20:07:00,23.00246172509899,190.25044376345224,0.3505361893810579,3.223776705592197,26.690907656070436,37.095571209487005,2.9238965340036653,0,none
2026-01-01 20:08:00,28.124220338910476,195.38302340554674,0.09508836490446507,1.8157077353718485,20.32109809849878,36.171322641569,3.8080658085073216,0,none
2026-01-01 20:09:00,23.455793087123595,181.15638352726393,0.2687998043806081,1.26084845757075,29.022869031774025,33.707355394766175,3.1418469163693823,0,none
2026-01-01 20:10:00,21.164065071516045,192.25317888790104,0.28581456444769165,0.12827161573121293,24.987568940174853,38.556821554808394,0.9845410144544369,0,none
2026-01-01 20:11:00,26.306488161018528,197.4021040045824,0.5215337899989037,3.293033939423137,26.07827672690144,34.41132708624408,1.0206757667764141,0,none
2026-01-01 20:12:00,24.986066300646474,185.86653315579576,0.12619368758082847,0.8632779924175749,20.11296836936854,34.984731863511826,4.907272287072018,0,none
2026-01-01 20:13:00,30.591234613110384,172.67968631647565,0.40827566095465806,1.6978357645151891,31.859227716495653,37.17729626346455,15.652737827001603,1,io
2026-01-01 20:14:00,30.182285759339933,190.7994587829765,0.19664196477765328,0.0,24.29435923105012,35.40274433305101,14.822400325805857,1,io
2026-01-01 20:15:00,24.48598221936316,170.88058358773523,0.430282794187297,0.39620497483649064,29.997180724515516,31.961181578440836,16.515189642796578,1,io
2026-01-01 20:16:00,27.33501047996293,177.44837490858737,0.1635349428692682,2.5063221680286096,35.188054258462444,34.03208166363698,16.24263602833131,1,io
2026-01-01 20:17:00,18.835189756425727,178.18262684043174,0.2921040508892794,3.210049531289894,35.396222874938154,33.534533583553426,21.19629379763293,1,io
2026-01-01 20:18:00,28.370758002947984,183.50404096622648,0.19134252803296609,0.0,32.434174480153345,35.517592445911376,21.390708358425407,1,io
2026-01-01 20:19:00,30.848476458194586,170.29000081794214,0.24503685365421787,3.5158143382274023,27.840638086202134,39.65447028549091,17.138471469182225,1,io
2026-01-01 20:20:00,38.117732936877196,179.11435083497463,0.36660569532120385,0.3443153820584981,32.25750378361068,31.06638426215934,17.611792528423464,1,io
2026-01-01 20:21:00,26.535196215885925,160.76469449567807,0.0016024631203336859,2.2904520466351745,31.322685836413655,33.546764788445564,18.3664481313792,1,io
2026-01-01 20:22:00,41.72779013745768,159.81612968510996,0.17291513756803878,1.8249680437973272,37.137421522632806,37.68468004275728,18.85459499197044,1,io
2026-01-01 20:23:00,45.15318508559369,171.12071572685034,0.33257815706854277,1.672656238749436,38.754194135879565,38.86811268934338,21.802822717678158,1,io
2026-01-01 20:24:00,44.020079590698174,176.85788434430182,0.18093294940005117,2.9723689879521986,35.85731032019803,37.12572384241715,19.285818187309637,1,io
2026-01-01 20:25:00,41.20757885322993,169.5546543256586,0.4945806743126866,4.771675372265723,40.48225732203156,38.739132832143106,20.263933127397692,1,io
2026-01-01 20:26:00,47.645923567640864,172.95014377991575,0.13686732351143122,0.9750837969646873,36.825100478964714,37.36803345088283,21.00511900355181,1,io
2026-01-01 20:27:00,41.39242655681735,155.83579984331578,0.32231150885780074,1.4915663842893745,41.68886223698315,39.45501845249217,24.97376597229232,1,io
2026-01-01 20:28:00,52.169746875443224,152.01399605552714,0.0297520483236611,2.643326774655904,39.41122887206778,35.75166830720843,26.755425218285126,1,io
2026-01-01 20:29:00,37.41395556066368,160.26490016445882,0.28282771907374493,2.195811457183135,41.36157673967312,38.116838382656184,29.579777264013384,1,io
2026-01-01 20:30:00,45.93540468866105,149.32980225663897,0.36475056898208913,2.7854355856575705,40.424429020335275,34.518989199004096,23.246054856549016,1,io
2026-01-01 20:31:00,41.528872257274685,156.7198081605147,0.2710605726383774,4.0399269139867435,48.15674153951957,36.03464355213914,25.940287464225857,1,io
2026-01-01 20:32:00,54.28296985178918,135.9111164544522,0.2900962925642725,1.021517904322497,47.15044817028762,38.683162863450534,31.788218101314065,1,io
2026-01-01 20:33:00,53.06433633910623,147.58292950235023,0.06977172498118206,0.549444150776127,41.98622519312776,38.68326848371632,25.087554730231282,1,io
2026-01-01 20:34:00,55.721773234124356,164.22215452009647,0.1735557297945187,2.595298510414275,39.729385854924296,34.810750986014185,27.535431291148885,1,io
2026-01-01 20:35:00,49.323172030084066,153.1619252098244,0.23037183571393838,0.7388871643615822,45.97634219603702,37.4917998244998,31.640587147372926,1,io
2026-01-01 20:36:00,53.797870257411205,154.12746568134563,0.3309257167403784,1.3258663857858377,44.626329174222604,31.687479336633153,29.283572193217793,1,io
2026-01-01 20:37:00,50.555372901021,143.97775527303966,0.31053381099648825,5.570504543644121,42.92020496672815,36.74982912896454,32.12562340821026,1,io
2026-01-01 20:38:00,42.96604511819477,146.65447518230508,0.12578411531697595,1.491644969962043,38.24175242869575,38.02890356237373,31.459333198872297,1,io
2026-01-01 20:39:00,55.70812984049138,145.20666765991925,0.16883550568068467,0.1946664868561765,47.590148817616594,38.467109554743736,34.469290137342284,1,io
2026-01-01 20:40:00,53.197581431306375,142.46063442414862,0.17937309259804207,3.5932077144383006,40.829325157304595,39.84662773101483,29.781609781956945,1,io
2026-01-01 20:41:00,50.61876148314752,136.91761993833316,0.1096212339221603,1.4807907515532648,53.011327561484464,33.02239065601033,30.452189075060613,1,io
2026-01-01 20:42:00,44.17970097141752,128.897080353244,0.1445077293638213,2.249373919469196,46.598252463940256,39.40586213934152,31.14441498869251,1,io
2026-01-01 20:43:00,58.19645149324084,149.2234183762888,0.05130291206785623,1.0425758681588262,43.50607221143057,34.758239633374735,33.536889373911166,1,io
2026-01-01 20:44:00,53.8781004017794,139.35154053377755,0.18449147408026495,3.1404616206708935,54.46164595713108,33.215104634297894,35.33795892954666,1,io
2026-01-01 20:45:00,46.66635851190347,127.95628738337606,0.33547326870130706,2.97388644387748,52.85083535414182,33.62955273438297,36.83341163933749,1,io
2026-01-01 20:46:00,51.788353333092985,137.2416919441713,0.1771478355095238,3.667912434213303,48.39433825623071,38.74788549326544,35.590323598417484,1,io
2026-01-01 20:47:00,58.82623853712984,134.43704264077002,0.08577022994097339,2.153697611200935,50.761346002290665,33.994188856595535,36.988851715376924,1,io
2026-01-01 20:48:00,59.160827505936055,125.11453091901491,0.28517009907141916,2.4399635585940738,48.03335430213216,37.623757595642374,39.81174053814487,1,io
2026-01-01 20:49:00,61.91264253267533,137.28431650936676,0.39851231286572597,1.8096421161904672,48.10383138507659,37.06425065119333,38.70447590335546,1,io
2026-01-01 20:50:00,70.25714366448551,144.52048118204755,0.1200092489420733,0.8615240839232177,51.88321779496581,38.035822301216996,36.487402712993614,1,io
2026-01-01 20:51:00,16.141268734540255,191.32370830112384,0.12960729316733144,1.3138235659347492,24.316417288047973,32.8537001633839,4.132751274856729,0,none
2026-01-01 20:52:00,13.066853106407804,188.6651401690451,0.4226703875462625,1.7382477380582437,26.040455476239963,35.044005376466906,2.3767829803959404,0,none
2026-01-01 20:53:00,13.690657743344866,186.85166461186344,0.33037873633398074,3.218361913764452,22.592753885376645,37.85177772836771,0.49305148135781396,0,none
2026-01-01 20:54:00,9.569616776443183,194.91412209029102,0.34840474861897863,2.6195512523143503,24.893218098487477,29.13770387715787,1.0316947223844575,0,none
2026-01-01 20:55:00,22.93366830742308,181.81194323444453,0.14373804259400924,3.0772669029511555,21.864751084176085,34.73595542240929,0.0,0,none
2026-01-01 20:56:00,23.620055129931316,191.54088330904898,0.12701320350287842,4.298293566608118,25.69780451445466,34.3211217054484,5.883444026013414,0,none
2026-01-01 20:57:00,33.92374583074638,195.61037316815327,0.2508123435495113,3.41502408230416,23.57739558208208,36.293785451283355,1.8915902854982591,0,none
2026-01-01 20:58:00,22.531175941365426,188.7227065809779,0.3403274051757652,2.983309739969266,15.206549346818276,38.16699961821575,1.2805605148785166,0,none
2026-01-01 20:59:00,23.286311377629662,190.35501501792535,0.5098472600701797,0.3828217863045613,23.43626841433672,35.79867096040996,4.594889873168281,0,none
2026-01-01 21:00:00,14.635931661326222,183.75407709314538,0.14507836767047094,0.0,27.962506257549855,36.848199336506454,2.114385081035093,0,none
2026-01-01 21:01:00,15.02818253717626,192.29677064547954,0.01921229303183608,3.183796363659237,20.54976385137816,38.71276458672649,2.85592323552859,0,none
2026-01-01 21:02:00,25.86747716587674,197.72123520348003,0.0,2.0327524637105405,19.360345203712797,36.39340172910872,0.0,0,none
2026-01-01 21:03:00,26.259696126529544,181.69481570340574,0.28093712504487967,1.318946065636356,22.675469929485445,34.56376192416832,1.0585202046067632,0,none
2026-01-01 21:04:00,21.00033980498346,185.22007062885126,0.308901701078635,2.8616325593122243,29.734068336737508,37.98073014610106,0.19078364631837585,0,none
2026-01-01 21:05:00,15.669457199370871,191.8159077774013,0.23250111448329713,1.7927387393168561,28.121688085424516,29.841833197438696,5.441636099073026,0,none
2026-01-01 21:06:00,22.989520059603404,185.14614376067698,0.31022216741343017,5.524614940780673,28.567334195637866,29.10416170981625,4.724306108725761,0,none
2026-01-01 21:07:00,22.771892417061895,193.72994557344498,0.3561297328836723,0.1459323400177559,23.518502404145128,37.97111595162188,1.8638080010526736,0,none
2026-01-01 21:08:00,16.981969808275288,197.33242658540254,0.3124333558531127,4.136436756023734,21.562142674111705,40.891505130729605,2.765674098910851,0,none
2026-01-01 21:09:00,24.019802769184217,188.96030883503428,0.0,1.9070412819720106,23.476707361995597,36.50628499362688,2.01839097982588,0,none
2026-01-01 21:10:00,15.988591112771257,190.15423769782984,0.17036314701382801,0.11054112223961798,25.912563938939282,39.90631769776331,0.44184069592000963,0,none
2026-01-01 21:11:00,14.997315905981164,198.72788522553782,0.1735091203949054,4.266737696619455,26.28019914239366,38.686405269956765,1.4007117854554103,0,none
2026-01-01 21:12:00,16.597219850203835,186.8382976923961,0.27237154667412705,2.02010960287964,18.082022236219288,36.918361664248984,5.6122517413808,0,none
2026-01-01 21:13:00,17.71676783977475,189.00069436854068,0.3023124638453696,3.4796078190401927,22.920636494114056,32.83994858845074,5.074306301327442,0,none
2026-01-01 21:14:00,23.10924482926674,198.4624377194763,0.46748056305654406,2.8004756794063157,32.84509390810913,34.49782391590387,0.46250236354240615,0,none
2026-01-01 21:15:00,23.968279733992503,186.86504987085888,0.38327033943393796,2.113979512295052,27.68648825979674,34.65260774740178,5.686183201646928,0,none
2026-01-01 21:16:00,31.265084197975355,188.2567549861504,0.3261524985104258,3.2018033977413936,26.72558084476735,37.818064307684445,4.579307583143686,0,none
2026-01-01 21:17:00,25.329678849595375,184.84286039129407,0.21060013197187283,2.508509015604478,22.485484130762366,37.927334894906956,5.5228417314324085,0,none
2026-01-01 21:18:00,10.229376386007653,177.18386148335523,0.3802296447566459,2.8534113820648788,22.316844939822186,29.780440294662,4.327910807972893,0,none
2026-01-01 21:19:00,19.15042861870001,183.53207764683523,0.40184355841099517,2.7101350259443535,29.543926666028995,36.22825271268236,0.0,0,none
2026-01-01 21:20:00,16.04866338631637,202.91121054370004,0.26984424100794424,3.352258572033386,30.89175115012003,31.406334586249123,6.859795569163681,0,none
2026-01-01 21:21:00,26.140142780151965,182.01628110956435,0.2652429247820151,0.3492668983439695,18.447157694473177,34.488080761936835,4.066965214781868,0,none
2026-01-01 21:22:00,26.65897669640236,190.03297108227787,0.4390975679555708,3.52074215721356,18.464464598558934,35.3140574558011,0.7259033745696297,0,none
2026-01-01 21:23:00,22.478998077196906,179.08619937016255,0.09229557333325536,2.343139649983633,27.919389462532106,36.3302707956109,1.940120775954461,0,none
2026-01-01 21:24:00,14.527459510601817,195.5425910170076,0.3338634854625522,2.161888959434455,25.11724020794537,35.84245828753258,3.1106844864135246,0,none
2026-01-01 21:25:00,18.94987794043581,189.75796724611365,0.20692470330268264,3.4828905036867432,25.846192907869703,34.52516694200254,5.689335020776676,0,none
2026-01-01 21:26:00,21.361034950940688,182.5043442402702,0.17175501788464295,2.126465571112755,30.157019067798274,40.53889447625584,4.649634367875666,0,none
2026-01-01 21:27:00,26.320950141845184,195.6571788721913,0.2613870860090588,1.571379076193356,25.18147064476412,37.49156416046148,3.8955717599615243,0,none
2026-01-01 21:28:00,32.14513258883157,192.021336433625,0.3255884055118773,1.5909860353434353,29.540468175838452,43.578456917873346,5.161313367756959,0,none
2026-01-01 21:29:00,15.835893294763629,185.20103649285085,0.5339312871016997,3.547803456052218,24.972067901360887,37.53224646477921,3.5129279622387894,0,none
2026-01-01 21:30:00,21.572816099312,186.72435016825816,0.4026881020719326,1.8608769060734478,27.49300804411057,37.97330325719001,0.0,0,none
2026-01-01 21:31:00,11.996708435738263,191.09408266120474,0.3916563508072377,1.0056666281345352,24.263745174942773,41.99384618181966,5.521428391204335,0,none
2026-01-01 21:32:00,10.03443860985679,179.49716308292082,0.1532395080800051,1.5168425749358803,26.383919449051163,35.09281218337673,2.817582559437946,0,none
2026-01-01 21:33:00,29.323474217225282,182.87068148325685,0.20296985500357953,2.096892858160478,24.75655909073827,33.45760923375612,2.737031538241543,0,none
2026-01-01 21:34:00,20.879255840204486,175.22251117870297,0.20622029955875054,4.616702943293102,21.615753805481916,35.5861677119442,5.933161177965338,0,none
2026-01-01 21:35:00,22.17348535141619,181.72216760223085,0.46993895172702393,3.73950330609833,21.962983348881465,39.16698887174245,0.7964053128399189,0,none
2026-01-01 21:36:00,28.91426201524329,195.6916555071381,0.13356845237132017,5.17197871744233,23.97077005553605,35.86540730208969,6.727290758353307,0,none
2026-01-01 21:37:00,22.43859791525706,191.45830923366208,0.39382020779329385,1.7937873759028908,24.954084976244975,32.54328350618723,9.070909971171615,0,none
2026-01-01 21:38:00,26.278960419637798,181.91684918641616,0.09379699344829487,1.8741588930905992,22.14574693267149,35.76777437119954,0.0,0,none
2026-01-01 21:39:00,20.776674785146543,196.02318302923334,0.00884390016326203,3.466123194659773,21.59639091939528,43.50597994810358,3.752878419444488,0,none
2026-01-01 21:40:00,23.394007682891516,192.45572960771506,0.41295818813583773,3.663536990514482,19.820817381311006,39.34201252170207,4.354520895024889,0,none
2026-01-01 21:41:00,27.17803597603954,181.47740889290628,0.1968236577268184,3.7944710352220508,32.68758932227297,36.333862200428115,2.3324145596562342,0,none
2026-01-01 21:42:00,18.68936571823462,168.09764895410615,0.0,3.49013361446787,28.466075667991106,38.97065939303306,2.0520351460735826,0,none
2026-01-01 21:43:00,7.531312851184001,187.62319942314306,0.14438487279658463,4.858566025656582,23.573607433303625,37.936742051773074,0.17737756139874428,0,none
2026-01-01 21:44:00,28.57924892929468,185.3773087227338,0.3892114016696876,3.6530086724458894,32.026207053531266,37.99484729127356,4.173691943753022,0,none
2026-01-01 21:45:00,17.559082182783026,187.52128546748932,0.38290970633032184,2.789120124690613,28.22836926994443,32.99279237292258,0.5532225531480179,0,none
2026-01-01 21:46:00,30.187126566003343,190.54977764348126,0.047931476570464815,2.3346102534829987,24.804380455271076,32.88317779338404,2.0318328480943695,0,none
2026-01-01 21:47:00,31.60045981949495,180.26983170966105,0.4849841434983157,0.71375515954551,31.14872536545745,36.646016041670926,2.2414677069968283,0,none
2026-01-01 21:48:00,29.587671188227475,177.70298686947572,0.41802203890178286,2.603104578433926,28.324113541254615,39.951260043389595,3.9816653224580487,0,none
2026-01-01 21:49:00,20.168045554248657,187.7738613917959,0.40346339353663485,3.267234151412857,30.21389988287394,33.94278530692726,1.5043621681189698,0,none
2026-01-01 21:50:00,9.89862421421256,185.77580261649868,0.4426783859888467,1.6957517769803636,22.804633062500756,37.54396356235453,1.4727612534197005,0,none
2026-01-01 21:51:00,24.43467426205084,180.3739430463182,0.3487350900874198,2.006241012650933,26.3575186453849,40.531411597563945,0.501977021266284,0,none
2026-01-01 21:52:00,30.190784654993898,189.0953336259895,0.2307828161223916,3.515303930923567,27.12958032953618,40.474920309232196,3.5953523666941027,0,none
2026-01-01 21:53:00,22.05209028270977,195.6163682625495,0.21990710061516644,2.5874230525994664,26.818240208352105,39.073761287344475,2.505439698308738,0,none
2026-01-01 21:54:00,17.521458011152045,184.85768159656823,0.5696354771703327,1.381241859378146,34.19403336948615,35.0032341227374,6.636713588700218,0,none
2026-01-01 21:55:00,22.825237840907324,174.30487283676158,0.37458863774849815,2.3216318390877264,33.23508237651282,38.739726866967594,5.701853002158192,0,none
2026-01-01 21:56:00,32.15336069749293,183.16647374389865,0.23131020065402072,1.5522663406686192,29.683758474476726,38.79705611988171,3.5672652221113976,0,none
2026-01-01 21:57:00,25.991822383293275,179.56352296243236,0.29843025269306134,1.8653119850000934,26.987872326063613,39.50393659691869,2.1943728955997885,0,none
2026-01-01 21:58:00,27.0421822150005,188.33400055296,0.41428176293597785,3.707168234488442,22.59631540108941,39.33313032287837,3.8525592645739337,0,none
2026-01-01 21:59:00,28.315274380594282,173.12021921572006,0.3351694960557824,3.3393118311915497,35.712651374424574,42.053227930384686,3.5688840024838675,0,none
2026-01-01 22:00:00,20.356559887818563,179.4567333951723,0.07914547865897667,0.8497375905206224,32.48651731896849,41.29692107870907,4.620732468637495,0,none
2026-01-01 22:01:00,25.470413603658443,188.0713908715469,0.3577660110920056,2.382587479277679,29.427336731886516,42.6602502964096,3.204136643940269,0,none
2026-01-01 22:02:00,26.91930809970633,189.93416309211767,0.13212193852570814,4.105137866854562,28.842161862509737,40.79711228198113,2.0502185482326176,0,none
2026-01-01 22:03:00,21.53392550723335,173.39757372933158,0.2678971950197413,2.7945627948270677,28.450243024240823,41.56025611935889,5.345521505214898,0,none
2026-01-01 22:04:00,19.5612202576763,176.7878072801178,0.27962339901000577,4.24060884744493,33.52485227133186,34.31458106771514,4.088975295303077,0,none
2026-01-01 22:05:00,32.04120229378482,195.38966288638497,0.14889693693786157,0.05815903214818485,27.017003138480533,39.75114133834389,6.194674626158896,0,none
2026-01-01 22:06:00,35.266242420049295,182.9160559852574,0.2742358608341717,3.3576198321573205,28.3202857035779,38.0231247174472,3.4949635189891963,0,none
2026-01-01 22:07:00,30.816831606397848,182.40267025316322,0.52415806859586,2.830982545084959,30.28412239512554,36.34357356363551,3.589984024202728,0,none
2026-01-01 22:08:00,25.426696433085862,173.81134789290311,0.1282525461209261,4.310156389134548,27.54736095946316,40.30164241234075,5.164503825395939,0,none
2026-01-01 22:09:00,30.28560474418453,177.1091912596924,0.24656647620514688,3.195070179575319,29.50355483541823,33.866631981662564,1.3277075382246628,0,none
2026-01-01 22:10:00,28.733565580010563,190.11117633825737,0.3286472155246005,2.8220979316698918,37.470763019588894,33.87066660802583,1.5935492214838738,0,none
2026-01-01 22:11:00,26.444678020363,174.53446747148817,0.0,4.517273396127994,27.01782740103718,43.560783310880595,5.622714070100849,0,none
2026-01-01 22:12:00,20.20269182493335,208.74406247884562,0.34595556962627133,2.1721061989596446,37.16480114697884,40.242887739814805,6.491882182100642,0,none
2026-01-01 22:13:00,22.05038245045798,190.33112552163502,0.2930257729494615,2.7156851941818374,33.87729646666012,38.29678818971773,1.898365255022361,0,none
2026-01-01 22:14:00,31.52766637205321,182.67354770285934,0.03121076771227277,3.220345029740497,26.044333684555966,37.81695336439526,4.542371407573505,0,none
2026-01-01 22:15:00,23.453246242720503,176.03161080649502,0.0,2.32472008237356,35.54141689253299,35.24510720232034,2.8852885109982043,0,none
2026-01-01 22:16:00,30.24436729570502,176.30925685603643,0.2843690986539629,3.130899611309987,25.28520459583116,38.85356866115367,2.012010840890569,0,none
2026-01-01 22:17:00,24.853986974856703,193.24115123376845,0.3193799355300366,2.683538029794614,28.98301735259273,44.42789138535748,2.0563140354770364,0,none
2026-01-01 22:18:00,19.043674729050746,178.85631934209226,0.304632418678705,4.327004312438746,29.25922911489971,36.58777877804396,0.7139220311105672,0,none
2026-01-01 22:19:00,19.07157791781082,175.2991816718728,0.21296206213053953,1.9833878751654086,29.000461878244483,34.81582339034581,1.9833464441917492,0,none
2026-01-01 22:20:00,22.538543152730753,163.0588330778749,0.2629566698665226,3.3427396262515057,28.442132619192193,38.592464490746394,1.3144464028676706,0,none
2026-01-01 22:21:00,20.60207257369242,173.06342088087905,0.3896775840008382,1.95394059611789,22.8496924800544,36.58579191102425,2.475743647868188,0,none
2026-01-01 22:22:00,23.730512008113376,187.18779156296358,0.22026846429466415,5.517998634369862,31.568472514763787,37.08503477550728,7.690154151469391,0,none
2026-01-01 22:23:00,37.76806411470583,187.63766154205464,0.4070478589499298,4.801832375569569,25.935193336080157,37.02472137824357,2.9039354507524084,0,none
2026-01-01 22:24:00,33.88856756458104,179.49378269209004,0.14810344740459586,0.2537912768902646,35.99871128711993,35.24816557990208,4.368186778178903,0,none
2026-01-01 22:25:00,31.519016771374176,182.89900622969066,0.16120063111710398,3.007354680006391,30.96466230157247,43.71549412772947,5.985153376625976,0,none
2026-01-01 22:26:00,18.54111624180746,184.8840946087706,0.2731371852389279,4.513169884469451,35.135349550535715,44.61132420423759,5.607220171545638,0,none
2026-01-01 22:27:00,30.318343186191555,185.56325344308854,0.38544655659953714,4.534575218686825,34.371639854566105,39.95217309651884,7.458588626832729,0,none
2026-01-01 22:28:00,21.872439958958495,183.84298207006614,0.6423522752165838,2.6063105390264774,25.66026321665288,40.18049896130462,4.317789289922622,0,none
2026-01-01 22:29:00,24.552171647285526,186.8743951395223,0.25984608354655414,2.3291854174954896,28.5671762826908,34.39010021175508,0.9778731071433748,0,none
2026-01-01 22:30:00,26.553703017224137,189.16017834517265,0.2160993052310402,0.3810640628553572,30.707647270072293,34.19521597941125,3.63507066965202,0,none
2026-01-01 22:31:00,26.346116062739455,170.74596205430703,0.29631104407400216,2.7932203547578744,24.82693205960221,35.38182580281498,7.205923150312426,0,none
2026-01-01 22:32:00,18.844022259041555,174.8168085231191,0.28741352139467724,3.6669357845007937,36.853299294053095,37.49253717099714,0.968850725005316,0,none
2026-01-01 22:33:00,33.04179123895254,177.0599175976757,0.30474631609808955,3.5003592330508364,30.332368553282784,40.465693854659115,0.9205595454593705,0,none
2026-01-01 22:34:00,24.989251077719885,178.65133638364256,0.6770063397158902,3.677169580753265,26.089665339652967,40.473907124237556,4.761558606384551,0,none
2026-01-01 22:35:00,38.40347362436091,167.98604054511407,0.637612523513392,3.5755223359189614,31.656070868432874,44.94657508718528,7.687937323592096,0,none
2026-01-01 22:36:00,25.296616035002703,172.55579002604438,0.24117429168552887,3.3453141816999072,38.13334450591912,41.235324869678635,5.653329892839574,0,none
2026-01-01 22:37:00,29.076850463316468,179.6024514513476,0.2181942128978338,2.877935753444281,32.74257268887375,37.41141785005163,0.9767902907811967,0,none
2026-01-01 22:38:00,24.248648533787993,184.93851155750036,0.029244960322213354,2.8070830905579167,26.041450493149977,42.47651513111844,4.783162113888096,0,none
2026-01-01 22:39:00,31.383696746277565,181.64394236431633,0.34973963951146053,2.859137518551419,26.066355970652996,39.582210386586006,3.615880657466434,0,none
2026-01-01 22:40:00,17.720073972113504,179.10499734667755,0.35985774567073847,0.5555793956098207,33.34429889265447,35.36424204538745,3.353705525319304,0,none
2026-01-01 22:41:00,19.992306601856576,163.42238836050615,0.2578011481012489,5.064995037044391,30.887222034243536,38.781169608895084,4.903337414533694,0,none
2026-01-01 22:42:00,19.742183227264512,185.0457097127655,0.2460783145610898,3.2341626877266005,28.77428453253454,37.33781641309745,5.4855231432960165,0,none
2026-01-01 22:43:00,25.092776310166133,187.36337108987144,0.2582594409421407,4.399564468142724,37.8441681195445,46.033599608307604,2.935705543115355,0,none
2026-01-01 22:44:00,31.538456325831774,182.4945327133139,0.41305081742759664,3.6077049255312943,35.28036248868089,45.69911551545766,0.0,0,none
2026-01-01 22:45:00,21.81667123404248,174.42747617116547,0.32012922699540386,3.2471267788207157,26.62036593367316,40.84306022150699,1.2958518456761765,0,none
2026-01-01 22:46:00,31.595427727645593,175.70381561940695,0.41481988861178204,3.0343933562827776,29.08540590211251,40.925489544024785,5.933375616756951,0,none
2026-01-01 22:47:00,26.324432811359113,165.13611227370947,0.27765499562307017,2.93238171931608,36.84017166945596,42.40946061036945,0.0,0,none
2026-01-01 22:48:00,28.85768162557059,171.41292496347128,0.23012261325603686,4.147210124666313,30.63861694304895,38.45077580884602,3.845557742771761,0,none
2026-01-01 22:49:00,31.56438441021062,169.52895101365695,0.21402395825066822,1.6227168033037567,27.207586249365136,42.74008416585785,2.0625637316725496,0,none
2026-01-01 22:50:00,23.20279625233033,169.87720288717756,0.41424271187545475,2.28992468079066,27.84275439927099,37.64731303874441,2.034865566260458,0,none
2026-01-01 22:51:00,17.037056517632692,175.09170896985782,0.36710683625614965,2.94453601062187,35.79492823842333,40.78063961627064,3.092895946061165,0,none
2026-01-01 22:52:00,14.898914525968323,175.68849147840237,0.3439001320858842,5.234545949561871,28.812993828926224,36.91703684161277,3.549650410553107,0,none
2026-01-01 22:53:00,21.148262111553585,172.88281435743244,0.24962187064225672,2.4605265444157887,32.82014172343611,37.83017655053284,6.619009242070539,0,none
2026-01-01 22:54:00,32.9847797416047,173.44024986894792,0.3256731086511458,2.36263483889133,24.944627352958626,38.61003659383577,1.83583858897155,0,none
2026-01-01 22:55:00,17.815606996547423,185.61265573024204,0.7495164750566728,3.7771489148643003,35.15442257037625,41.90146714319951,5.558978834600798,0,none
2026-01-01 22:56:00,28.848966810059803,180.67957582371224,0.1845734461067446,4.978196550566103,31.05326926027922,41.84595203530819,10.714101456997735,0,none
2026-01-01 22:57:00,28.472408994452486,189.2655154111411,0.3517733832772636,3.980474252321774,38.0299730658084,39.91152860727363,4.379249374043291,0,none
2026-01-01 22:58:00,33.19038598605449,173.7094931945371,0.19574890878634263,5.779617851281775,32.58944690180066,44.673503108591696,0.0,0,none
2026-01-01 22:59:00,20.350979718535573,178.3641453573349,0.4329730400053731,2.7253371194443927,25.7532163062734,36.458963225399145,3.6523980831875598,0,none
2026-01-01 23:00:00,29.718743399074683,174.2679922682716,0.2910505342732712,2.7480682138166967,31.84157095068423,44.226194373120606,3.293877190611897,0,none
2026-01-01 23:01:00,22.49482338922281,163.90863327751202,0.408372238416582,3.826961980231098,27.576643418545014,36.636520289225444,3.3649991248493514,0,none
2026-01-01 23:02:00,30.301045555123565,167.34542931527992,0.2846315203957764,4.6081034397201694,33.1182799253778,40.719459039113886,0.0,0,none
2026-01-01 23:03:00,26.63398029385016,169.8663009316944,0.35257947419956676,3.8598733761473256,35.24925403713448,43.05593994913056,3.626606145669824,0,none
2026-01-01 23:04:00,24.909547809005993,172.96711558715876,0.38880791743247006,3.6047974720622626,26.734698892259615,36.73513000064883,4.810340635525977,0,none
2026-01-01 23:05:00,35.04560431715956,163.22453316162094,0.37460140229503536,4.541282333159181,36.10442460759459,41.13862506984988,2.528981297858347,0,none
2026-01-01 23:06:00,26.606905990058735,178.45878693039478,0.4065033970137374,3.4859548097387774,31.9143284366637,42.332050595941375,5.369346875801873,0,none
2026-01-01 23:07:00,36.176085824725405,173.82780916667429,0.3946120233808061,1.4783313085221392,32.7112070824557,40.608869984377534,2.3390446373519334,0,none
2026-01-01 23:08:00,35.726588272994576,172.01294491017688,0.1668999943966136,1.7915413202861723,27.776149932083992,34.39697534857071,3.98211238953626,0,none
2026-01-01 23:09:00,30.627556676707908,189.587735568256,0.4913348748372435,3.4694638509375553,35.092218518246945,43.471403059572204,9.261296170116875,0,none
2026-01-01 23:10:00,31.361920581980872,186.77198089623576,0.3092136373301711,3.0466725213191417,34.11661911549132,44.05961445926519,5.257313741424525,0,none
2026-01-01 23:11:00,28.353245434384387,171.88598804166796,0.4183447269086749,4.466203191923867,31.426399953286438,38.60547851516039,2.9892003192970984,0,none
2026-01-01 23:12:00,24.23241093280724,172.36364586915735,0.14980946331183229,2.737530866636873,37.482821465665296,37.34066446224592,3.7971118887529682,0,none
2026-01-01 23:13:00,23.151303897114637,183.81157899443767,0.20539052386061107,3.8451320119738552,35.7596508359456,38.17296337019098,5.255122287562579,0,none
2026-01-01 23:14:00,28.100911255156237,165.18834807597423,0.31685471466410964,2.4229877942034523,25.839337516032444,34.27901314398784,2.1930871151209876,0,none
2026-01-01 23:15:00,22.74297508135065,182.76025423982165,0.33489824286340236,3.328107696309784,31.602804498462582,30.828458166827588,3.3907916192582688,0,none
2026-01-01 23:16:00,28.42491550234999,179.10227834106644,0.3760603153825128,3.794465885370828,32.10091560392647,44.27854057328246,5.557067431499503,0,none
2026-01-01 23:17:00,32.32446821325678,169.4743721183078,0.508830309625685,4.33964630349901,32.67522588969635,40.51108993677853,8.426983184779345,0,none
2026-01-01 23:18:00,31.600391563353632,177.3874344800835,0.0,4.698577046443693,33.98209234757621,44.04202541367468,5.0255365410361765,0,none
2026-01-01 23:19:00,14.797100818157556,165.31832391505986,0.1437453428163143,4.2109591079414335,35.11399778908589,37.1345936042662,2.075752227017152,0,none
2026-01-01 23:20:00,23.67284303203588,169.19313609392242,0.31750295702941633,3.8428875957478184,38.804342742651016,40.13308367231864,6.292663217769512,0,none
2026-01-01 23:21:00,31.70856003061849,163.02431219156114,0.44067799090639426,4.001413141187589,40.54847893695847,41.45020122135294,2.6888554137085565,0,none
2026-01-01 23:22:00,23.855376054677055,177.07352048204436,0.4149940005433448,1.164500213275241,33.55305117059177,37.52949907934085,4.701663456402749,0,none
2026-01-01 23:23:00,27.642901018179444,183.4831461914668,0.3238687584849559,2.308711929609874,32.32626873572956,37.56488557671711,3.290706708087307,0,none
2026-01-01 23:24:00,13.658719788444174,165.2383013268124,0.4429463059364506,1.688244961189262,36.232257530784416,41.40056557573833,4.293484342603314,0,none
2026-01-01 23:25:00,27.346108461152998,169.22852521055376,0.2800720054097391,4.39363921528978,31.804752598983463,36.10484911729877,5.417985442858534,0,none
2026-01-01 23:26:00,31.298531128146642,172.48734145281495,0.30272278962795063,2.024598506786088,30.072354378109445,37.317297032962166,4.860851388782027,0,none
2026-01-01 23:27:00,24.853529066397158,175.08902320962534,0.6422202163430494,1.0994507322880578,39.3037335766116,43.09479488242928,4.391973460659802,0,none
2026-01-01 23:28:00,39.39526147658944,187.81119858351758,0.2940013879805702,5.68336156109038,54.466441959720896,39.115562393680776,3.1915155977171743,1,cpu
2026-01-01 23:29:00,35.09421300465643,160.1030665761601,0.2756347309183247,4.176937391331682,67.39888079710138,37.133099630698055,2.6287070565053368,1,cpu
2026-01-01 23:30:00,32.80405781697318,176.1976281651772,0.45686348820305334,4.4500135268708725,64.80381932580951,41.688912990046006,2.253872236206261,1,cpu
2026-01-01 23:31:00,43.17774724164363,178.68522195002646,0.28046712471607926,4.665031602595387,64.54748734519043,38.10123402612776,4.031456115931984,1,cpu
2026-01-01 23:32:00,32.457665862296125,173.48896576219425,0.4225562695437073,5.389053077995909,72.84505853029222,38.317761702324155,4.757823705851846,1,cpu
2026-01-01 23:33:00,38.28103033156244,161.63888774756916,0.2844223016760329,4.52214297197866,67.34983990245148,43.076454544261104,1.0226529634106356,1,cpu
2026-01-01 23:34:00,45.341407295759005,171.302701277153,0.3703616908648171,6.368660565501547,78.11756042853632,41.8570040519782,6.9552540035896815,1,cpu
2026-01-01 23:35:00,53.767785294025416,163.05449511630493,0.6945741644529411,4.090977656578607,73.73558753558629,43.277104186626154,2.9590777210689003,1,cpu
2026-01-01 23:36:00,43.336370275244064,146.44183527163383,0.11646192563072638,3.8696170475691494,73.93028092937931,46.28376168844325,4.255350204679174,1,cpu
2026-01-01 23:37:00,59.582422791301624,161.3043261965043,0.37515279194152895,5.717492128682197,84.62211764953014,36.85888359534187,2.560169280037648,1,cpu
2026-01-01 23:38:00,42.86543230722201,150.18521948291604,0.6298453316053827,6.350125344668039,83.11793015282325,42.53532378042068,5.87563853633829,1,cpu
2026-01-01 23:39:00,39.51701929796289,145.53122766793035,0.5545839135367179,5.089510412980142,74.06783931311912,39.094038712784375,5.733578314114571,1,cpu
2026-01-01 23:40:00,53.83481871350902,144.3780451313117,0.338606671067077,7.134432238316499,82.73097812779739,40.887339494675345,2.2048406738403115,1,cpu
2026-01-01 23:41:00,49.739457333318136,156.62185722488448,0.31741377324181597,5.062810733740909,82.99316065535196,40.37125040298392,4.08940065904155,1,cpu
2026-01-01 23:42:00,52.94315052997203,154.05245613775256,0.5989301916819632,6.394354270883319,87.21853961768142,35.864215366226915,5.241863049572642,1,cpu
2026-01-01 23:43:00,57.56986168090583,143.56963427292257,0.5097998234621484,6.304805032939225,95.06363129269877,39.14785544719033,3.518851219448112,1,cpu
2026-01-01 23:44:00,47.9132071687968,152.06030160579104,0.3786221031566479,6.122960632493653,87.26591359948716,46.91271093934015,4.497517006099436,1,cpu
2026-01-01 23:45:00,60.24920024357907,148.4030696417151,0.09558416435958017,6.25868426125428,91.87483565700549,43.47766083413948,8.814404591441477,1,cpu
2026-01-01 23:46:00,51.012137344728224,156.36809368005024,0.4591730480130982,4.997527964253714,92.73364326906318,42.758251516088585,0.0,1,cpu
2026-01-01 23:47:00,69.49584127342344,140.47787304985394,0.509884387118562,5.749830219656615,91.57373055996099,38.30411643877558,1.0651310757165255,1,cpu
2026-01-01 23:48:00,48.19205772828186,148.52183630360975,0.4405151694341282,5.816368700073016,100.0,45.94398186666021,4.648668070505957,1,cpu
2026-01-01 23:49:00,62.59595574019562,132.09005318725139,0.30492309677722884,6.615110193827286,93.8868853613275,46.751603329437714,7.4506540971123965,1,cpu
2026-01-01 23:50:00,73.02132651025907,156.86176707990944,0.6176768716477143,7.238642679988546,100.0,41.272892724124844,4.488239612388522,1,cpu
2026-01-01 23:51:00,59.97347965317489,157.9602126053891,0.0,7.4653425230128105,100.0,39.99478517523055,3.099943770524728,1,cpu
2026-01-01 23:52:00,29.61134070805704,156.71697082099644,0.1443884570778145,3.132320509865335,37.45112913896844,44.739558249152985,7.127921318462083,0,none
2026-01-01 23:53:00,34.95061692662878,159.5354248662478,0.2687112544280144,3.5840895714350682,43.42634477984474,42.260752884066186,1.9399310490941213,0,none
2026-01-01 23:54:00,24.735017998510923,166.1180364355618,0.5008504152450273,2.8994008050675886,39.51854942712695,42.80026882523005,3.4825254244841912,0,none
2026-01-01 23:55:00,37.85600069735319,179.57707266813995,0.16233706894892774,4.636863126650297,38.82585292048023,46.30237632223776,5.275207981109743,0,none
2026-01-01 23:56:00,14.86925541293682,159.32064423598857,0.29538687477962766,4.382976967833465,38.67553566701869,43.88956882736927,5.276018648854575,0,none
2026-01-01 23:57:00,31.914315291954217,179.330620938893,0.16316002517473682,3.7741143398861228,34.79295446223544,41.269571858169186,3.9078668849915044,0,none
2026-01-01 23:58:00,26.14235384885136,155.16678065745194,0.4662474939281105,3.264068412272842,33.396685839598405,38.35035423128377,4.73930338084584,0,none
2026-01-01 23:59:00,30.06822611321427,167.6508321490989,0.4436048970292915,4.456603690153629,34.76880734267725,41.00603901018454,2.6938342872280936,0,none
