timestamp,latency_ms,throughput_mbps,packet_loss_pct,jitter_ms,cpu_pct,mem_pct,io_ms,is_event,event_type
2026-01-01 00:00:00,33.38245497377008,170.10087590261537,0.4696852223972477,3.6457889516939654,38.36150942486356,41.7938135617402,5.955662448425945,0,none
2026-01-01 00:01:00,31.892801062271158,173.22936326720614,0.46204848617979927,4.122279766803485,37.49163523266963,39.41996067750004,5.665240476779497,0,none
2026-01-01 00:02:00,37.470624067745234,165.88340754232763,0.4938790759013454,4.146380606396842,38.374260425808735,43.148056906983925,4.8865847440783705,0,none
2026-01-01 00:03:00,32.15943568543565,167.97023736882232,0.47694558937222464,4.6496361516138975,34.59611420062796,40.79578998931032,7.3120942115761025,0,none
2026-01-01 00:04:00,32.93737476362241,164.05967962312872,0.46096086794674995,4.112128264680993,36.994967839360044,40.92375251938142,5.184408499747065,0,none
2026-01-01 00:05:00,35.93764829705514,171.70191316130067,0.45329980667775127,3.4054196915398602,34.67508050694268,43.78964939934296,6.562979782203454,0,none
2026-01-01 00:06:00,31.008747044135927,167.67045268769652,0.4225686128299596,3.799206529126352,34.32381256976828,42.68173178959561,4.531618594779127,0,none
2026-01-01 00:07:00,31.698458099262208,176.18466647035606,0.360662608805196,4.586455047408221,33.84328811155573,39.434146680569874,5.9955416073070475,0,none
2026-01-01 00:08:00,33.31145016045534,174.93130651723476,0.5198325284509788,4.131691749227923,36.27328287629066,45.110375802569635,4.976177312198918,0,none
2026-01-01 00:09:00,32.33100778142964,162.05153874732198,0.4166617522628204,3.9564915803581533,36.567957579861634,41.59306238443251,5.375394527868494,0,none
2026-01-01 00:10:00,30.659713117223088,169.49894381930417,0.5294791959779533,4.198821730259705,36.132189847753665,43.43090865057035,6.9960771077180475,0,none
2026-01-01 00:11:00,32.68997358534162,169.50884054348944,0.482390205627869,4.040323235070367,40.24749723021806,44.64878641726154,6.506147506513846,0,none
2026-01-01 00:12:00,32.43654155903431,169.11379076006094,0.467873451565803,4.139848370213044,40.29902262974758,44.39525759404989,6.28334268725737,0,none
2026-01-01 00:13:00,34.41560304976121,170.02936560019083,0.39077681787426566,4.370743059399583,35.321667414225644,41.1253185469748,6.5752495082470634,0,none
2026-01-01 00:14:00,29.933529685242316,166.95952428794533,0.3237607265187126,3.4368512495187016,37.39881432044331,42.8164968049913,7.703287203827449,0,none
2026-01-01 00:15:00,31.917181039996887,172.72466853069383,0.6028751905773599,4.727492518508709,40.812853617569516,45.87550421641282,7.030001244907721,0,none
2026-01-01 00:16:00,35.674737940775906,171.09184525183278,0.3666219405333101,4.506733294598431,39.55760345073233,42.72313391374945,5.973562617328257,0,none
2026-01-01 00:17:00,37.141018141905114,169.7489430437433,0.44226900022706955,3.5794357143420887,37.604805054270955,38.95628610405444,5.628250132993395,0,none
2026-01-01 00:18:00,30.458379581221337,164.7810963693346,0.4480028201299907,4.1967370707690534,39.805655254632605,43.036599078441526,6.08360891258569,0,none
2026-01-01 00:19:00,34.824797615688105,173.17225028632046,0.4339389955377193,4.419196589691292,38.62569349511772,43.709736288746775,7.458366313632243,0,none
2026-01-01 00:20:00,31.628231013908483,160.33525496158282,0.41972355175457526,3.4365160930015675,38.768988254464844,43.16932131091793,6.536627122324922,0,none
2026-01-01 00:21:00,31.93006392386035,172.25315210878753,0.39390761244233996,4.754229475065427,41.51770915277315,43.211513423272514,5.731356160969777,0,none
2026-01-01 00:22:00,31.954313539991496,170.10425711777705,0.50730664007015,4.0457862545786805,40.85970981578795,41.86534773570515,6.4263167694795875,0,none
2026-01-01 00:23:00,32.90733491182617,162.74084678383707,0.49173459511244844,4.516040068668049,35.25920311474856,42.23316584117987,6.399936840988074,0,none
2026-01-01 00:24:00,35.79948544467239,169.04233385482385,0.46730835326103726,4.456046976780937,36.5355452517437,44.468377322230616,5.482937817461551,0,none
2026-01-01 00:25:00,35.2856784774027,178.4302428143248,0.48416614282432036,3.5313699416363895,35.85435352316502,40.74953711525485,5.666736048359134,0,none
2026-01-01 00:26:00,34.03332865853692,166.77273390515904,0.42365739728217766,3.3670389870985264,36.61382954794121,42.328064786270936,6.749188625572577,0,none
2026-01-01 00:27:00,33.242595711259135,163.44304291723347,0.5012078578420611,4.419296808555569,38.75699094659703,45.15816678953992,5.490758776098599,0,none
2026-01-01 00:28:00,34.02994447843257,167.26698466620311,0.4289158013004029,3.568524134154798,42.295009062775364,43.114810851228924,6.281643069272764,0,none
2026-01-01 00:29:00,33.86562623008302,169.1473281586393,0.5802509781959225,4.919331296017158,42.91620539462143,42.36464935541191,6.200056533561608,0,none
2026-01-01 00:30:00,35.71768404167458,174.88248130113612,0.587916853598188,4.397195930521428,44.52134359591854,45.20456300697601,6.018512660416921,0,none
2026-01-01 00:31:00,32.9224933688371,165.02509322707567,0.5152779898841813,4.203657464997622,44.42788813180358,44.51251598497427,6.545761344843126,0,none
2026-01-01 00:32:00,34.227273945029296,170.68132073051322,0.407160416543228,4.286613303140998,38.82773318878817,42.873075103868096,6.8353631955562495,0,none
2026-01-01 00:33:00,34.091522551271254,166.74054381422047,0.403949647751831,4.569014412905484,38.47223008171734,39.873314474511474,6.220610134602963,0,none
2026-01-01 00:34:00,34.243001337416416,171.71193639685995,0.5051151739794936,4.5185397048438585,40.363984066511755,42.26263050992333,6.286158844168489,0,none
2026-01-01 00:35:00,34.89997764450378,167.5521071777313,0.6040106337146842,4.34982195696626,43.389695694447546,43.060576622890096,5.782749291960844,0,none
2026-01-01 00:36:00,34.85075099508788,160.36323773469275,0.44538410139655193,4.482759719697629,43.12962290884811,43.23194609155537,6.55307202694977,0,none
2026-01-01 00:37:00,37.178979218531,168.88647107429622,0.5027697035420733,4.208633843929527,40.98336307453778,41.62823965459686,6.1837116172435165,0,none
2026-01-01 00:38:00,34.38934386070319,170.70047520193458,0.58559883933425,4.084400018884861,39.475128514027396,42.84076508790906,6.574766862239804,0,none
2026-01-01 00:39:00,37.73993338501059,163.97374490106313,0.40891326366373165,4.167813203873182,38.80479724726181,43.12011618899296,6.781299911277825,0,none
2026-01-01 00:40:00,34.05889617850337,154.41124453178492,0.5732018918292968,3.582419236075453,42.900552275060335,43.48180066227637,6.964102619020546,0,none
2026-01-01 00:41:00,33.76883148386659,160.10202490282276,0.6173226438222624,4.23500673504455,43.897896962401035,43.55392700679264,7.427983764072291,0,none
2026-01-01 00:42:00,34.97942044615755,164.7207352822954,0.487304808019393,4.4851175604939755,37.735108735980226,46.58494709422854,7.115955442149375,0,none
2026-01-01 00:43:00,35.54242739480789,167.89311287135752,0.42288763704495275,4.3878903555153315,37.27512357784367,42.78571999052717,5.725732133224845,0,none
2026-01-01 00:44:00,35.42433725510021,161.74223179898112,0.40347950112941483,3.7379459921916314,44.23321834464547,44.77386122138033,4.821911792786807,0,none
2026-01-01 00:45:00,37.52255579197753,169.18186469884142,0.5505434302585182,4.42127757728663,38.85023648158031,45.030458142940624,6.5908612848980885,0,none
2026-01-01 00:46:00,37.27078513786553,161.4509459363446,0.4760393295211961,3.7606256629725623,42.74055069037333,44.393282004100634,6.047731718599846,0,none
2026-01-01 00:47:00,36.0344026854944,157.08659706905925,0.6056414754098177,3.9763956459815626,44.78064797768471,44.779582497233726,5.788133453538561,0,none
2026-01-01 00:48:00,34.42622361694889,165.9551997440014,0.6000335799944783,4.30470114774093,38.197108221369426,43.416028282349664,6.6307904448398824,0,none
2026-01-01 00:49:00,34.950992209341365,160.25739516325257,0.5665315792676352,4.537217457189034,37.117622783018525,45.42849243098309,7.375405316469594,0,none
2026-01-01 00:50:00,38.03229121006985,170.0610432375435,0.5305076082846611,5.053534268668626,43.58087593283113,46.67985361022111,7.120007568522029,0,none
2026-01-01 00:51:00,35.701226183470766,168.82667267701552,0.5232951198772442,5.347042705038243,44.25247810385907,46.13302805024945,6.295756485461224,0,none
2026-01-01 00:52:00,32.69034191253883,161.24857192212457,0.5496840979744506,4.718187768555294,37.279335662102824,42.11671739024811,6.477793989759615,0,none
2026-01-01 00:53:00,33.98587442243381,160.01636299638545,0.6621256302938856,4.457473732710879,40.51981707083742,41.40845858644745,6.2169120508446065,0,none
2026-01-01 00:54:00,34.263040581736,164.0851848151378,0.43241425158365415,5.0222614383077175,38.00925320141948,45.9807374187495,6.487875739074783,0,none
2026-01-01 00:55:00,37.77548319482852,168.5369801376448,0.6045482703339422,4.509819835797398,43.63817552376374,45.13692035462752,7.01112892844298,0,none
2026-01-01 00:56:00,35.30969572534755,163.40112563019716,0.48316628117867044,4.347294879843728,42.683316564001714,42.01853384059274,7.358275123971964,0,none
2026-01-01 00:57:00,40.09712971030296,161.97537847479282,0.5669918642213316,4.984956454801373,47.63398595274719,42.544318685140276,6.556548603586168,0,none
2026-01-01 00:58:00,36.942988991201375,167.86513432142084,0.40231528422524165,4.7573595654465555,39.57350069867437,45.851791842574386,6.9050800661722835,0,none
2026-01-01 00:59:00,35.932138003229475,165.6897243111115,0.6219938476443928,4.162379705212457,45.518774695059776,44.402662142614865,6.956666582878501,0,none
2026-01-01 01:00:00,34.86383022572453,158.90277328866216,0.44990072114371515,4.289291226106,39.58493273252197,43.052366613541025,7.124933517871464,0,none
2026-01-01 01:01:00,37.732248800083035,158.8542936776718,0.49533118602831,4.371105046286839,42.40219493351794,44.068010698051275,6.8324322577753716,0,none
2026-01-01 01:02:00,35.35905741645007,151.07159914683643,0.40295215769996207,4.714330476734742,41.868813675618846,43.2201566702786,7.969683372664443,0,none
2026-01-01 01:03:00,34.24475871647919,160.62099808379145,0.5040235684880329,4.691506851082816,39.90887165780008,42.42570911742354,6.218957520462501,0,none
2026-01-01 01:04:00,37.08173238317426,159.81052373721292,0.45924871279995705,4.0580252325355195,47.79508923665209,44.69000759519744,6.696807235656629,0,none
2026-01-01 01:05:00,36.02337930879973,163.93275963601377,0.5207346111032201,5.025264232911522,43.06565251716165,45.32627133102433,7.238323689890278,0,none
2026-01-01 01:06:00,38.42831326044812,158.0281208426148,0.6485677061375021,4.981506776322649,40.35003914177932,45.77792348398057,6.7388691266973115,0,none
2026-01-01 01:07:00,35.955266714178435,159.18187691054615,0.544086858798039,4.623122101758539,37.890555262134406,46.550693479016786,7.024105151597022,0,none
2026-01-01 01:08:00,30.435270375789095,159.2088865101193,0.382852937837869,4.104414113554371,37.11073267938605,45.37637991354052,6.959258645296952,0,none
2026-01-01 01:09:00,37.785502495554596,158.41318973838165,0.3106860536609386,4.5720594663582,40.69448256058667,43.113146714304754,6.655698476247358,0,none
2026-01-01 01:10:00,32.50334072590889,159.3905475300867,0.5121826283258857,4.682150342208443,41.45386041439008,43.94769518045079,7.5111053837707695,0,none
2026-01-01 01:11:00,60.45317531668282,122.71978976800207,1.2549132798835716,7.215325196555954,44.69671467366809,44.5378071495068,6.2754527617915015,1,congestion
2026-01-01 01:12:00,62.918095869256845,128.04619701721856,1.5169098569292159,7.027697327592964,47.15227108291275,43.48629833865315,6.69964911442933,1,congestion
2026-01-01 01:13:00,60.32093344602633,117.95275081387035,1.521480669159733,7.852876662848399,52.64313494930304,44.64637166997026,6.447442411059887,1,congestion
2026-01-01 01:14:00,60.74514769600921,117.2169309764364,1.668622454910958,8.152880966319385,53.47051976218692,46.02158151690669,7.413134408317962,1,congestion
2026-01-01 01:15:00,62.179883252516596,113.583553045764,1.8471261440150546,8.187693430209443,52.26519947841783,44.6298445927474,7.795804412745935,1,congestion
2026-01-01 01:16:00,68.61874383316896,103.14666985125623,1.8959962463138949,8.855560337297579,53.821635757864414,45.221643593640955,5.2906808601938335,1,congestion
2026-01-01 01:17:00,68.368524044882,94.91083685903124,1.8943974993966348,9.359980144292006,57.809671655674634,45.3514874617618,7.097049337722102,1,congestion
2026-01-01 01:18:00,69.4752878823032,95.6569371213558,1.9393744038021032,9.086161438824282,56.23152465367491,44.13044761402839,6.981592565937747,1,congestion
2026-01-01 01:19:00,72.08433625566167,96.14971673429258,2.20432384242847,9.661150009486251,53.54684865447865,44.56321981194029,6.608303003764702,1,congestion
2026-01-01 01:20:00,78.64729252426613,94.45696377384465,2.1930372247856846,10.005961719262597,59.31634391958196,43.76503710184648,7.031255936228089,1,congestion
2026-01-01 01:21:00,77.06310789953125,84.14356558060516,2.3172585712271703,10.02635621312024,60.931437713564975,43.88241878195668,6.667723582542019,1,congestion
2026-01-01 01:22:00,79.75964687208258,90.6907683020376,2.3694565313311293,10.334922812520379,57.76690620110648,43.57630917937424,6.962998046705972,1,congestion
2026-01-01 01:23:00,81.72084853787905,82.37381213386683,2.547196096944348,10.603260501269082,54.03829031279387,45.93504464910937,7.1944311446439295,1,congestion
2026-01-01 01:24:00,84.10263169074096,84.65002872454713,2.547209398078193,11.362613541573953,60.89994242173154,45.55130646473629,7.550710988831909,1,congestion
2026-01-01 01:25:00,86.08716308535708,72.5123915515284,2.608088617291317,12.661380022389803,54.842751746572965,46.37929959201419,7.389673936708903,1,congestion
2026-01-01 01:26:00,84.44211184388507,59.40289342225999,2.8118115732474953,12.312621766920227,64.24630891254316,44.14455908148346,7.724479394175,1,congestion
2026-01-01 01:27:00,87.33116644223624,72.93644840063209,2.8144358315911857,13.102564399024317,62.98246568000637,47.967773713139024,6.782204048809877,1,congestion
2026-01-01 01:28:00,88.13843055310532,69.06417051741846,2.979241793957453,12.852058709962511,66.1767307444334,47.431602761552924,6.529838892475648,1,congestion
2026-01-01 01:29:00,90.13594468728033,74.5532184972984,3.0760667879690056,12.742306273530257,60.30298789021549,44.05745594682659,6.963367642573071,1,congestion
2026-01-01 01:30:00,95.73951648080526,60.317882010014884,3.0427629121596085,13.604730644132669,66.42563772297407,43.449260212693225,6.512389733220517,1,congestion
2026-01-01 01:31:00,36.33037592607126,159.59872179736297,0.6430563454035237,4.372731351249926,42.82098734882452,45.860825065766626,8.020443664897057,0,none
2026-01-01 01:32:00,37.22583638374964,166.59179824081278,0.6184377247601422,4.424797759005925,42.01270658135908,44.468731318393615,7.399206384213931,0,none
2026-01-01 01:33:00,36.048645520791695,144.0465209945169,0.6676951143105239,5.591880722574307,46.59726306588843,44.057050253821416,6.571167740684555,0,none
2026-01-01 01:34:00,36.297557819479344,150.4524922499723,0.5522713422648925,4.953597199688242,45.950009267579816,46.147307608137154,6.618385391132699,0,none
2026-01-01 01:35:00,39.11080951031358,147.83028231794003,0.588277213363964,4.472526074802083,49.86261607414647,42.71793580818463,7.667599655759943,0,none
2026-01-01 01:36:00,36.693348055450286,159.08517040370774,0.5846451866947788,4.1586246930626025,46.78074095812801,46.998915662236215,7.43621874508546,0,none
2026-01-01 01:37:00,36.66974528425402,155.98443803261185,0.656790077986931,4.2706824602767774,44.23514791826819,49.015618403054155,7.633063212256548,0,none
2026-01-01 01:38:00,38.670780855105846,159.74519402960607,0.4440797192231267,5.085510957911616,43.75780511923891,45.250234073184195,7.528525172185933,0,none
2026-01-01 01:39:00,38.73422137421192,149.07654800609987,0.5176255377700896,4.758898514786584,45.72240620897024,43.70634945182834,8.068229786695856,0,none
2026-01-01 01:40:00,39.36757350637201,153.12854917415402,0.5682920385777138,4.808567836110771,44.96440520764537,45.156231684051804,6.910027531051759,0,none
2026-01-01 01:41:00,38.173638153699365,156.41739576330633,0.5965011576129402,4.340575317287179,42.95099298488084,44.011668983899376,7.681000420079243,0,none
2026-01-01 01:42:00,34.3739069891496,155.51536657954875,0.6359635016891547,4.5747827875711256,43.91610430813827,46.02182316289679,7.9892525190631485,0,none
2026-01-01 01:43:00,39.19115867073421,154.81662842488734,0.6325192375485466,4.841067476320655,46.57228203796092,44.8945447730483,7.524494369533368,0,none
2026-01-01 01:44:00,38.97629776426398,161.38839181691878,0.45221957688411163,4.594164195279711,43.71545437945503,45.78384703456286,7.444504079840449,0,none
2026-01-01 01:45:00,40.06488384686673,152.3995345435193,0.5546472478571695,4.6585239899026565,50.749702319716214,44.848506250490125,7.621425284511639,0,none
2026-01-01 01:46:00,36.38453543011605,153.47416630660885,0.6940883925772555,5.2757875300315495,48.26878771958339,45.417972294938345,7.114133567370725,0,none
2026-01-01 01:47:00,43.16784578127792,153.22729598699462,0.40034611623412164,5.500521343259879,46.746884666877314,43.869411154183425,7.874286511389083,0,none
2026-01-01 01:48:00,35.71010901713779,158.73964699026044,0.6322326727445091,5.222622062084913,47.68274623257735,45.9984619375074,7.2700611509885045,0,none
2026-01-01 01:49:00,39.67733046034156,150.34247317282777,0.513890212089477,5.298950142863885,46.416004685355645,44.00783174658266,7.490874495965988,0,none
2026-01-01 01:50:00,38.3637681136425,150.1599520506192,0.5509003895287815,5.589971422853423,46.66559499412227,46.45112682814082,7.211462332362005,0,none
2026-01-01 01:51:00,37.345916213041505,150.37106733896707,0.6098270065939154,4.545548879910711,45.34438997170756,45.71275964503552,7.983239833885902,0,none
2026-01-01 01:52:00,40.00065925713692,146.8557027057943,0.6920117515883014,4.437698408283324,46.780473410539486,48.080725321958695,7.039914348502394,0,none
2026-01-01 01:53:00,37.85363559738721,153.82443364780542,0.6071185061002573,5.3214219941470535,44.62989054139686,44.32025151050795,7.545544523313144,0,none
2026-01-01 01:54:00,33.7932408613573,151.5036699304892,0.713353316431337,5.802059662646079,45.113629172070596,47.093150449269864,7.785707893911637,0,none
2026-01-01 01:55:00,36.177802712071994,144.2946352993434,0.6465043145861376,5.225265228174071,48.917743005580945,45.67160163852677,7.893328301677614,0,none
2026-01-01 01:56:00,39.47543639625185,151.6980752491554,0.607558978861775,4.93836880061815,48.75243385428678,45.77826664110642,8.280954082492174,0,none
2026-01-01 01:57:00,43.08369674218447,154.54324670385842,0.7008534493707194,4.479124124630397,39.92656727929263,47.15532394393263,7.615694773551538,0,none
2026-01-01 01:58:00,35.69277609834132,162.05857922089777,0.7088623412291422,5.46902613642285,48.777328935378385,46.287711316895354,8.116957850885532,0,none
2026-01-01 01:59:00,38.66881566048472,153.57434135265137,0.6064159689518774,4.594990047413731,46.32155269688313,46.55154445081222,7.336479787810833,0,none
2026-01-01 02:00:00,41.65146708703715,160.73364314215706,0.4078413459082997,5.48251513211826,45.485102243408924,48.2056083510646,8.256059209017437,0,none
2026-01-01 02:01:00,40.010915351352786,154.84022038059322,0.6779136530300534,4.958330590168784,48.73863697715717,44.94020306426296,7.33514117811781,0,none
2026-01-01 02:02:00,38.092987848851664,160.38587356705114,0.39283811968117055,4.687135445222211,45.25126910472033,45.31613912435797,6.68798313195701,0,none
2026-01-01 02:03:00,36.04731447776626,147.60236732397559,0.44415050651691346,5.054123174347128,53.73016465031084,44.475663238314624,7.73018812543574,0,none
2026-01-01 02:04:00,35.37567334036164,146.7147504846598,0.5118670188556195,4.739260599563384,46.55683872744239,48.07747487759195,6.967105674854007,0,none
2026-01-01 02:05:00,37.488854152380355,152.29731237652035,0.5147895424110313,5.026838956261043,47.72598087336263,45.631360496513864,8.350953624008644,0,none
2026-01-01 02:06:00,38.29441299697917,151.74932152504238,0.7050379541337258,5.112308020334356,48.314461990379385,46.48470226464808,7.544300098060131,0,none
2026-01-01 02:07:00,34.57943778876141,153.3746886256647,0.6961675322592646,5.272073734467852,45.57996933531116,44.29451619614834,7.30706761186215,0,none
2026-01-01 02:08:00,35.73664072123068,155.35483012147563,0.6583545055507455,5.341216472863978,44.032681290158656,46.076805011335374,8.279658021109794,0,none
2026-01-01 02:09:00,39.77747837956162,147.18556101178032,0.6361906196353359,5.017826510424215,44.38058873968802,47.90942046468524,7.452025380610463,0,none
2026-01-01 02:10:00,38.398260428259746,153.9676266252858,0.44946971529517493,5.30659187740406,47.33386190240327,46.86082507331924,7.733729159336957,0,none
2026-01-01 02:11:00,37.752519711277415,150.020638282232,0.47105387025696605,4.592545635417757,49.94693009195551,45.50253043374832,7.335073567512579,0,none
2026-01-01 02:12:00,38.49294960728348,162.52152334519045,0.6218975249857754,4.595351515242724,44.63862197777034,47.282011951699225,8.255531155781009,0,none
2026-01-01 02:13:00,37.72841584678632,151.69301596258833,0.6503608106421801,4.815892751395406,43.705483255223385,48.04665448604869,7.255090393587853,0,none
2026-01-01 02:14:00,41.254244732234675,150.25931188459413,0.5877589998291879,4.577895624292443,46.556792999108474,46.271610289731335,7.042639065644503,0,none
2026-01-01 02:15:00,42.724536045182546,161.26183741155194,0.5258782722389971,5.225619277654119,47.86017163311676,44.89904920453169,7.90996360506426,0,none
2026-01-01 02:16:00,43.63714235069786,144.4472948664105,0.6086338822963963,5.537923998510469,49.0060786042704,47.32238626033428,8.250692665060788,0,none
2026-01-01 02:17:00,40.954657315775975,160.5900596990625,0.6067052982868644,5.403196438565751,45.835041930480415,43.79550682205108,7.925696330476003,0,none
2026-01-01 02:18:00,41.0743831459798,154.05362347288855,0.602776558547614,4.674563918986801,46.35291114348308,45.54027054462568,7.758537941126166,0,none
2026-01-01 02:19:00,42.5511504918005,150.0346436091042,0.5404512632048087,5.374316427157915,45.427299626390884,48.04180841881619,7.704463857166372,0,none
2026-01-01 02:20:00,43.146603082863436,150.0287817274122,0.5931018325762819,4.928718448509592,49.5136632047449,45.43567522072492,6.992039699431303,0,none
2026-01-01 02:21:00,42.6447246443317,152.1237767506036,0.6640853154754323,5.23642806154633,46.874640071510434,48.50165390704296,8.078081564438149,0,none
2026-01-01 02:22:00,42.183353757475444,153.46928329804393,0.6754815744690861,5.7608750746399675,46.62797009324722,44.52650071194041,7.028976011883592,0,none
2026-01-01 02:23:00,38.5338158212347,148.13955959109364,0.4102687662455965,4.539042723165616,54.76300400053677,47.76319316142554,8.064785275908541,0,none
2026-01-01 02:24:00,36.64791864587943,153.54970871115253,0.5825876050880433,4.9939818311298145,53.70131909833579,47.66507921802852,8.512665954454093,0,none
2026-01-01 02:25:00,41.64567622891826,155.20444780681166,0.6398510771890272,4.711581359975137,49.49014829248236,45.20817087000959,7.67156729829883,0,none
2026-01-01 02:26:00,39.74761993705968,151.57361816070974,0.6780992843421271,4.605649861883691,45.66561767250645,45.12469270629763,8.367370840498719,0,none
2026-01-01 02:27:00,39.867715437757404,159.04164663241522,0.5071377575743881,4.294315096910626,49.62539038315766,47.03130569771786,7.480078379451896,0,none
2026-01-01 02:28:00,38.24384632117733,146.67404015196215,0.4803370669022988,5.442433972032069,48.580123417424154,44.94319780451248,8.27800678548533,0,none
2026-01-01 02:29:00,37.46427194714509,151.82032737227664,0.4933483830402377,5.171725566157312,49.83092088159913,47.273285428537214,7.232403424380936,0,none
2026-01-01 02:30:00,42.913851103360706,156.01188758505006,0.5332537257344678,5.055897144399406,46.906047006844,46.05353115204656,8.628199755760585,0,none
2026-01-01 02:31:00,41.082917987858,153.33711066903135,0.5183010829463021,5.258644295497555,46.19228536896822,46.10798155209637,7.367444366439195,0,none
2026-01-01 02:32:00,38.065703202806716,158.39982317117887,0.4938931540134838,5.229326474137518,48.593719717134974,48.970774995181166,8.041598759714361,0,none
2026-01-01 02:33:00,41.0195155824627,155.68581201952983,0.5952105976309289,5.135924980075282,49.80029518868446,47.84218432475346,8.362536593289782,0,none
2026-01-01 02:34:00,40.8926333023869,145.40190072048685,0.6738405500086175,5.622045483972276,46.64260792331608,45.886910882351,7.521362269304363,0,none
2026-01-01 02:35:00,41.3677423829334,157.8426399966224,0.5543460026609934,5.457914723646314,48.09306025448701,46.4718327341199,7.494694627343936,0,none
2026-01-01 02:36:00,44.83304651561276,147.81865016141347,0.5235261991942836,5.784626484571347,47.49584408534693,46.595314910885534,7.32858445997033,0,none
2026-01-01 02:37:00,40.33941240457014,156.22609588338983,0.7446401764383801,5.589272292834303,51.518752701811756,48.06517147624911,7.859623378641893,0,none
2026-01-01 02:38:00,37.891731388942866,150.78248977159865,0.5336067782956201,5.416542662967268,51.095472346817274,47.50671500462737,7.806095279035055,0,none
2026-01-01 02:39:00,40.566072807731814,156.08887418634257,0.5502976150866256,5.566538187317482,49.11746251774199,47.84382294074808,6.962908683210823,0,none
2026-01-01 02:40:00,39.242131950034135,138.47513413284446,0.6085880058401367,5.253419767967881,47.15270271611507,46.77583078120131,8.036426337783597,0,none
2026-01-01 02:41:00,41.6736854192502,153.93896148497205,0.6171571559465298,5.31063516454813,51.23837350371943,49.00295035772956,7.530761740397124,0,none
2026-01-01 02:42:00,41.03918551618387,149.45122274195245,0.6559563446805226,5.059875796466711,50.53663426079385,46.70903502621007,8.50840373203586,0,none
2026-01-01 02:43:00,41.352500406736006,157.79353275032474,0.4929081451842367,5.614188975675961,50.19901332059652,46.44812100565911,7.6007418646672384,0,none
2026-01-01 02:44:00,39.56663552584696,157.94082566638392,0.5981076008138998,5.922518346980375,47.23735046269323,49.87735248090756,8.619760255408938,0,none
2026-01-01 02:45:00,41.569180305437094,156.87446491647884,0.5506339728066438,5.014790153593881,48.24739979916468,47.51809426361664,7.10480519259014,0,none
2026-01-01 02:46:00,39.76223849054415,149.2334076304812,0.4954238524389258,5.72230223275686,55.56285007001506,49.355565269413006,8.042148496371889,0,none
2026-01-01 02:47:00,41.85803953444285,150.15342671739262,0.7679158274829924,5.9789881992102565,48.401905923747385,48.92261947502085,7.789681530538172,0,none
2026-01-01 02:48:00,40.26212232271743,145.57912020746184,0.617187456511722,5.503014473741621,51.72175377078129,48.40310170192836,9.121683220910668,0,none
2026-01-01 02:49:00,38.6677722303706,149.38606733528053,0.6612432552990961,5.240896146125615,51.10785191554438,48.64700578003755,7.492139798119169,0,none
2026-01-01 02:50:00,41.94192484243288,150.18248125117935,0.629736202269992,5.729979266413146,48.58983619641301,46.12015234774949,8.32342650767415,0,none
2026-01-01 02:51:00,39.572821579287094,152.21862161297165,0.5719463172945507,5.352062269951384,47.46760453809457,46.37286010380629,8.158610574458413,0,none
2026-01-01 02:52:00,43.91274170753351,156.35996443500468,0.5953718676434461,5.982503310287831,51.275934084580605,49.4488923955869,8.285144074027693,0,none
2026-01-01 02:53:00,41.950699900807365,145.04062904234675,0.7982234626130378,5.022764678356995,54.67889172536745,49.22534404285325,8.098052660084544,0,none
2026-01-01 02:54:00,42.03984262542946,150.23126385379834,0.633159637916705,5.64524598233263,56.00822208585539,46.28039841550224,8.312163481681756,0,none
2026-01-01 02:55:00,41.34660277756247,152.372826640186,0.63727263396745,5.853179354202156,46.95391657756834,47.77331529939255,8.287376527641948,0,none
2026-01-01 02:56:00,41.06452566898184,148.35183487885504,0.6652618200459107,5.776480196668186,52.225764752135476,45.51618242246831,7.350073519556528,0,none
2026-01-01 02:57:00,36.44898525926225,140.6129383816612,0.6070526616466863,4.7350593916493535,51.651502876009054,45.807910917991954,7.431122912825527,0,none
2026-01-01 02:58:00,43.7057069175043,146.62095653631738,0.6098363723907066,5.1983896506671305,51.418337028679815,47.69878794071771,8.39574678229251,0,none
2026-01-01 02:59:00,39.67236004020649,145.77061953821217,0.5163995572035988,5.346576047675353,52.10150982333694,48.28187285451733,7.648491351126248,0,none
2026-01-01 03:00:00,43.251358479593385,142.90358309219607,0.7453239632119282,5.066603099772145,48.95819197020619,48.56560355152974,7.86091785186729,0,none
2026-01-01 03:01:00,40.100296084450065,149.5289137136865,0.6133154828195989,6.184462336272773,47.209283393555026,47.41987932444444,8.16714193497479,0,none
2026-01-01 03:02:00,41.129377779112986,146.45456318601853,0.6600739400455048,5.1956082722288786,46.65501234312751,48.779099112944685,7.878438818349984,0,none
2026-01-01 03:03:00,41.00539462766313,147.0240578945108,0.6918380143760472,5.599741659865318,49.4949818054309,46.080836233058285,7.981263412451181,0,none
2026-01-01 03:04:00,39.41475702401442,148.77207731977563,0.5913148254163633,4.6126016456744825,50.85829691549254,47.265389229635765,7.689625186033339,0,none
2026-01-01 03:05:00,41.18613142886836,147.64465919817283,0.5542054121137101,4.69503965902503,46.12107612904933,46.55262253918919,8.431142984928245,0,none
2026-01-01 03:06:00,42.51987199034722,150.60702417445597,0.636820373502464,5.76716156171631,49.360309678454165,46.58719009444448,8.903574261579458,0,none
2026-01-01 03:07:00,40.7762805923542,150.50703585998056,0.6293984873574291,5.645776956454339,50.60002777770677,48.05256405937766,9.12191788593001,0,none
2026-01-01 03:08:00,39.11375458395264,148.88224711277218,0.6995361526068778,5.505966691236232,55.0561971554622,44.39449358922372,8.287910503950284,0,none
2026-01-01 03:09:00,40.53260025591841,149.71359274980844,0.5164285351598145,5.300145723739838,45.67076783275373,49.67834381198366,7.86524557594288,0,none
2026-01-01 03:10:00,42.21560134196899,151.2486301067643,0.4790583387882825,5.604811853871671,47.87508965559864,44.73284753924658,7.435570761225899,0,none
2026-01-01 03:11:00,44.047130756815235,145.7875658588006,0.6213297606405984,5.410551389337782,54.73487956439438,43.737244395167004,7.496309106925402,0,none
2026-01-01 03:12:00,43.46119823201184,152.61249306918674,0.6071816930732011,4.857355339657092,51.69850287774555,47.453832551031184,7.988053844538593,0,none
2026-01-01 03:13:00,42.4005244783481,153.91143789150888,0.6298139533494721,5.254955238601635,48.48496087572639,46.3284474430138,7.924141084204328,0,none
2026-01-01 03:14:00,39.87075391203619,146.64270151202675,0.5287877936296964,5.2673880683365075,55.23018928063537,46.20894346940546,7.669707602564202,0,none
2026-01-01 03:15:00,43.71177652861909,153.93683325118695,0.5831044141762101,5.557820407092211,49.79690542789446,48.89120614283998,8.224922768065918,0,none
2026-01-01 03:16:00,41.9822912415569,149.9999710592314,0.7943908624220636,5.249166431325384,51.89259884170915,47.93624510895009,8.432484280585873,0,none
2026-01-01 03:17:00,41.48959883541853,149.5031201441731,0.637112569783054,5.17056052841376,53.18429808870764,49.56681448373169,8.156378149197021,0,none
2026-01-01 03:18:00,43.825295697814006,155.90511069962713,0.5728244175623415,5.371484409608337,48.138542985794174,48.826814254122844,8.315343302031264,0,none
2026-01-01 03:19:00,43.27609537396017,140.4979179764829,0.6642273339902217,5.3752735471221085,50.02456844988678,47.40563601727723,8.007546459829161,0,none
2026-01-01 03:20:00,43.074791626717875,151.0039655455912,0.6753989330233692,5.094224770208116,51.090073104537225,46.881291728165706,8.21738139807134,0,none
2026-01-01 03:21:00,39.80743441036737,143.47532885011248,0.5189814149473635,5.52185328307632,51.48608879770604,49.033099728873374,7.1144899211316215,0,none
2026-01-01 03:22:00,40.92427449107221,147.62800288110535,0.6395446144642611,4.65320579441047,51.71960672218236,49.61479999698578,8.771834987002425,0,none
2026-01-01 03:23:00,38.77213723598727,135.69345257779312,0.7004191217474377,4.997679608740493,54.454488545318,51.541568919243275,9.798011015997105,0,none
2026-01-01 03:24:00,42.60319927381153,150.59988149745757,0.5177575464030031,5.472162514761267,52.1380705014795,48.712808422195025,9.288589935393825,0,none
2026-01-01 03:25:00,42.30503853561826,152.22531573710734,0.46847654610316253,5.14725195832515,55.11480852984202,49.25254023450206,9.253675070193815,0,none
2026-01-01 03:26:00,44.14772297328912,141.14204618346074,0.643284079955554,6.01567024788556,49.81007625764861,46.741445048383845,8.09447832732475,0,none
2026-01-01 03:27:00,42.74054827354866,153.96632845157512,0.7154781233866006,5.865312019563423,47.23550132951442,48.068325196518934,7.028242260408284,0,none
2026-01-01 03:28:00,41.61424528298156,143.0791878143763,0.8223450216710393,5.348724682036754,54.079904490188866,48.31526856854396,8.022949700777096,0,none
2026-01-01 03:29:00,46.60659648054454,145.1269730331933,0.7469682422785104,5.4727194360433336,52.4505358568191,49.98922887634981,7.794198913821149,0,none
2026-01-01 03:30:00,40.3577697651701,140.13621211934205,0.8301522511276368,6.093314686656395,50.257066256284475,47.12453627213028,8.279777872456888,0,none
2026-01-01 03:31:00,39.77746441323969,147.7237765399982,0.6047298002884881,4.90562600844458,45.861353419591715,47.69692715479781,7.741655359054147,0,none
2026-01-01 03:32:00,41.26180916000909,143.44313333110918,0.6849439898051026,5.77647708642058,48.67748470103023,49.17847527902059,8.261756967330925,0,none
2026-01-01 03:33:00,43.56506118358483,144.22145097745158,0.5401029999852343,5.823055236238075,53.09337876020818,48.11160310728422,9.129269612912104,0,none
2026-01-01 03:34:00,41.8495945066179,145.41855059726598,0.6503956664550903,5.575395755601884,52.58634970450224,47.79849621637097,9.487196557649103,0,none
2026-01-01 03:35:00,41.699080628046595,139.51235038536743,0.7783544408826584,5.1924614325786385,56.33915277463261,48.385989031315376,8.903069694141974,0,none
2026-01-01 03:36:00,40.37013722789115,147.3169998489042,0.6508151194319788,5.7136572992185135,49.78174326613615,49.62560672474415,8.963428256654609,0,none
2026-01-01 03:37:00,45.59036423400315,143.19049004269817,0.6324510843270679,5.6011406725026625,51.163977393559676,48.78444327151735,7.8918102716619005,0,none
2026-01-01 03:38:00,41.42969950440132,151.22074738624013,0.7273452962094447,5.377579178990614,51.42225793014576,49.31519052221675,8.070327647474343,0,none
2026-01-01 03:39:00,40.54661553502848,144.07549075718063,0.6138183676136753,4.824689475685275,58.759037897584285,47.94485992103091,8.812893800716221,0,none
2026-01-01 03:40:00,42.49434036822415,146.76412343331594,0.6757285018060479,5.329624898307921,51.30958427536925,48.451565708025626,8.59473844000957,0,none
2026-01-01 03:41:00,41.155100533175144,146.31002507040415,0.7114516932506757,6.403462724534554,53.00458110786029,49.101058238451074,8.357503282074509,0,none
2026-01-01 03:42:00,42.33646491014446,150.12095875285763,0.5506160826858951,5.585423384941629,50.55743019811465,51.09096902545727,9.064151742388265,0,none
2026-01-01 03:43:00,45.50267253734166,151.1302079139488,0.7738369126287263,5.288375173444994,52.99543549898741,50.82212556927365,8.628272949605321,0,none
2026-01-01 03:44:00,41.970056203553,144.20685735882878,0.7614644355882687,5.648309773980886,51.717827091953446,47.4442917421159,8.36772287913973,0,none
2026-01-01 03:45:00,42.793792785158715,138.93773294339806,0.6910798689864557,5.092924294004023,50.15514648019154,50.99851898049621,8.122607524255269,0,none
2026-01-01 03:46:00,42.18648321767791,143.486362693122,0.6877999709070641,5.633576760505338,51.77769316361319,47.149494636964555,7.965344409839845,0,none
2026-01-01 03:47:00,42.570097811193556,141.6456347847911,0.6637958246883688,5.922281264823153,53.71751380955718,46.603520600526174,8.194599201499248,0,none
2026-01-01 03:48:00,44.622741939470245,146.71246239840428,0.6543373851239748,5.624541750901625,50.96803294217726,50.38334846937639,9.599472807684847,0,none
2026-01-01 03:49:00,44.07625511064191,141.98550804970424,0.6694929987706841,5.714791366305684,48.36356025198118,49.59821002404876,7.816148911951626,0,none
2026-01-01 03:50:00,42.35916300086365,145.0095632333629,0.8122681708269428,5.96636271633606,59.332402422710665,51.229823065331715,8.549121164276082,0,none
2026-01-01 03:51:00,41.209796810246004,144.30853084231833,0.7515773240646542,6.138427121299641,45.7552161884753,50.8156808869727,8.293624681420681,0,none
2026-01-01 03:52:00,42.83216721339339,144.52831635825467,0.7294641290736193,5.803525283909866,51.99269354274775,49.947137325785846,8.095948948552472,0,none
2026-01-01 03:53:00,44.7945900384932,138.3955255700431,0.5593176700501349,4.991254781960124,48.64974835256543,50.67515726996798,8.480092060145171,0,none
2026-01-01 03:54:00,43.123295516522,148.48396197555897,0.7494867693884504,6.0291845136674,48.84502007554071,50.21384050606043,8.709144946362025,0,none
2026-01-01 03:55:00,42.931081939504665,140.6259077960929,0.7038174605577159,5.055000022444834,53.988314586898625,50.207364266876915,9.391052684045107,0,none
2026-01-01 03:56:00,39.59875801034439,134.88101469011028,0.505877644571862,6.0349340626998265,49.02753417754026,49.43999849253667,8.58246271449847,0,none
2026-01-01 03:57:00,45.23051809751154,139.06782084815978,0.5107491747467252,5.688602471450274,53.52917309173231,49.45191860708714,9.099406075752084,0,none
2026-01-01 03:58:00,40.28810678788256,141.01202236649394,0.6604119821102836,5.335331381057103,56.63879712105809,50.08458449848169,8.629617529711812,0,none
2026-01-01 03:59:00,40.73372885493112,140.6532411801525,0.6435433169445443,5.582980121446936,51.99062775827457,48.008596565110174,9.116631794201027,0,none
2026-01-01 04:00:00,42.57390272774358,144.543494723287,0.594640108495083,5.9686800972188845,54.2431008385461,49.79804479920991,7.707825024096779,0,none
2026-01-01 04:01:00,43.42177293264986,139.8477628541937,0.8033501122475486,6.148083557593467,56.05125860950599,51.12381779044112,7.260573752573189,0,none
2026-01-01 04:02:00,43.469602515416476,143.65675714546265,0.6628039030720324,5.769536892749547,52.42560963255089,49.71410268822048,8.367004080028735,0,none
2026-01-01 04:03:00,41.87870630271727,147.06949882075168,0.7359162945826812,5.5737279536361255,46.323261604975976,49.61241091451794,8.837122404107975,0,none
2026-01-01 04:04:00,42.80646932484918,138.24921990366596,0.5812088479763293,6.070724321235782,54.203263413653076,50.09518434398846,8.393879321124938,0,none
2026-01-01 04:05:00,42.24510537519141,139.3110104422197,0.7259791846634998,5.771890222233225,50.50287277010055,51.548549056092135,8.257912705257684,0,none
2026-01-01 04:06:00,39.8661114506272,149.72887320914788,0.7569922066310284,5.701561139951692,48.11233698017218,46.51592257716819,9.33601000362947,0,none
2026-01-01 04:07:00,43.000098743025234,144.85585065146668,0.5970568545567217,5.719335731378666,58.86111375923316,47.192815314199215,9.06448439248607,0,none
2026-01-01 04:08:00,42.14924621710296,146.94717188256115,0.7917418412374462,6.084859323894241,49.45253224904012,51.04930639674106,10.257417666488823,0,none
2026-01-01 04:09:00,44.400740983568355,141.788877316144,0.658365392090886,5.551377532813958,51.53723620855218,51.79199221851291,8.00559408026883,0,none
2026-01-01 04:10:00,43.29723504160365,142.46190679392868,0.7166920387742719,6.10568870216732,50.93317246308481,49.24046451442257,8.68617826761848,0,none
2026-01-01 04:11:00,45.54031686833588,141.87545967385088,0.7318056610439688,5.754563893909151,52.31686764634523,48.42871639224325,9.151976419953208,0,none
2026-01-01 04:12:00,45.030025528808004,138.5337502873119,0.5840986167739266,5.186064432256531,50.53994582198474,50.806848928336365,9.334553730495202,0,none
2026-01-01 04:13:00,45.461047717391004,147.86119714572857,0.7944751174827662,5.426563322627723,52.51987566681712,47.61205668141346,9.024977611057508,0,none
2026-01-01 04:14:00,46.10343566632923,136.66547890826965,0.49125067984497156,5.917142583087657,52.58587616328609,47.120502282913996,8.366705144111231,0,none
2026-01-01 04:15:00,45.097416677783286,139.02949156204926,0.7378950496491746,5.89197468609503,52.01702240711942,50.284726436042995,8.772754302295626,0,none
2026-01-01 04:16:00,43.40220435600964,136.55327189651166,0.6446739124778097,5.587246483709771,60.150279070032525,46.138447374250354,8.515104817583955,0,none
2026-01-01 04:17:00,46.46495421254632,151.29371832280896,0.6387687850618903,6.215269038564667,58.21162387159442,46.984048279228425,8.111006791983831,0,none
2026-01-01 04:18:00,41.925063028338975,137.79247234986386,0.5708002393025248,5.60571916807738,55.67755467856996,47.82804724187199,7.406788982663505,0,none
2026-01-01 04:19:00,43.73474434428728,147.85337520483316,0.6678991218448833,4.561268927603128,53.528812903650554,51.184313258009546,8.39335374956166,0,none
2026-01-01 04:20:00,45.54813924148373,135.45297471170835,0.8705377124011924,5.51366249488143,59.437788842309175,49.45294771228585,9.176016224874669,0,none
2026-01-01 04:21:00,43.276796453599104,152.0703981951848,0.8314727171319294,6.369839969485226,52.04256501993309,49.0576270783986,9.193408007595409,0,none
2026-01-01 04:22:00,45.30441577843166,154.39177916400905,0.7007194780282654,5.970091147144704,56.625886282179785,49.12163901043893,7.8931351164920045,0,none
2026-01-01 04:23:00,42.29012034308319,141.77969609455235,0.5172481044679758,5.758393015681131,57.79499117060729,50.595636684532465,7.991917124273755,0,none
2026-01-01 04:24:00,42.83835430455108,149.44890839533574,0.6064982712904899,5.668397707326199,53.92147502069389,48.54535607570604,9.38718799867981,0,none
2026-01-01 04:25:00,45.03374834172986,135.57699065413465,0.5884449085254158,6.080217283242445,50.718519620575066,47.87608334648794,8.43718525377952,0,none
2026-01-01 04:26:00,45.38702945085136,139.7029445279731,0.5307707934321634,5.68879323595887,54.13903538899527,49.379392605444636,9.08588068966388,0,none
2026-01-01 04:27:00,46.379199107425336,148.16210814319794,0.6759381371445156,5.644017027790841,52.537378487186515,49.80815922340405,8.0870195212263,0,none
2026-01-01 04:28:00,43.86617661805017,142.26914818054772,0.6174990489943972,6.106272278618475,47.325100919146735,49.38514785673896,8.470612740954424,0,none
2026-01-01 04:29:00,44.62396638933316,139.40029659105457,0.6645817887036513,5.699589336710006,52.1202627440675,50.040022312203234,9.129856271585101,0,none
2026-01-01 04:30:00,55.20166259444199,137.12787086628046,0.7646223592876763,6.679510994151567,80.83074047969961,46.748315721832356,9.118932030694653,1,cpu
2026-01-01 04:31:00,55.376369508031345,133.44894475593821,0.7680671541092197,6.779411368395946,87.42023867288893,47.50104183576454,9.653260448834068,1,cpu
2026-01-01 04:32:00,52.32827027764365,132.33342701114253,0.5425905707972749,5.517074585090213,85.96187337508182,52.90074531764864,8.917431821490958,1,cpu
2026-01-01 04:33:00,54.28512093834257,139.8237823863408,0.6180962534507095,6.936573649543982,90.49996025458358,48.35061927460107,8.708944302198681,1,cpu
2026-01-01 04:34:00,58.802766314597555,125.27551487380921,0.7176890808460072,6.660090025682762,89.42038680640066,49.52302128344639,8.581013201445243,1,cpu
2026-01-01 04:35:00,53.920220660004986,131.26411357652793,0.8295456787421647,6.759470515749285,81.58658874472783,50.75101722483909,8.876616756238379,1,cpu
2026-01-01 04:36:00,58.15709442433584,133.63887609484038,0.7724523177363661,6.845824060207852,92.30179804746356,49.99524591170202,8.23200116246977,1,cpu
2026-01-01 04:37:00,56.539050166524405,137.62931792344855,0.7682973559859696,6.134288371507079,90.69287312259002,49.1228931358376,8.23361020774811,1,cpu
2026-01-01 04:38:00,59.88733165101037,133.40242461169717,0.777252176761829,6.598393360944154,89.3289531138704,50.70893900749172,8.42725937721548,1,cpu
2026-01-01 04:39:00,56.81501251519819,129.96355202422342,0.8431541224616362,7.0419077738886475,91.96187752539404,50.258438357258996,9.250855835613903,1,cpu
2026-01-01 04:40:00,58.95948892138883,120.4771566016066,0.7063856464314275,7.2753099424241725,94.01066085882084,49.59897277464745,9.374956114587292,1,cpu
2026-01-01 04:41:00,55.29880418283219,145.3765876967228,0.741487530606962,7.782779651170321,97.92867113720729,48.87909785360498,9.504808584675946,1,cpu
2026-01-01 04:42:00,59.75751957530959,126.73522828335537,0.6644754192513224,7.827587278488133,88.65076254729084,49.66169211502924,9.7638910829977,1,cpu
2026-01-01 04:43:00,62.48003781828589,133.42429515024222,0.5915965989856361,7.5597098937696074,94.64564212071538,50.53317240006896,9.360587355176222,1,cpu
2026-01-01 04:44:00,57.818568766913394,123.2927375987227,0.629243004322002,7.747482643642308,90.21862840232998,49.547455192381925,8.746697915249472,1,cpu
2026-01-01 04:45:00,63.68088672789761,133.53529937078986,0.7323342778552919,7.220273751126434,99.04607717835859,50.43466782001155,8.243718818330056,1,cpu
2026-01-01 04:46:00,60.36812031417206,121.56165725160298,0.5871403684701122,6.531535541063738,94.22635105783351,49.72636112786227,8.754148348160433,1,cpu
2026-01-01 04:47:00,62.18446500320715,125.08772942419063,0.683426714974317,7.416487519422193,98.0284566542967,49.33479068913549,9.428482610444455,1,cpu
2026-01-01 04:48:00,57.226208575768375,127.91961973779469,0.6007242641166513,7.550797399803176,95.43762886110686,49.56266475522677,9.213513410333722,1,cpu
2026-01-01 04:49:00,65.42083846945268,120.8974087401651,0.6675595929169666,7.44038573551681,97.26561597701183,47.462537036108245,8.835360410688757,1,cpu
2026-01-01 04:50:00,62.00019062969523,130.4204583898808,0.808004458704923,7.229550860009061,95.36774592820333,52.00570964708116,9.036922830972967,1,cpu
2026-01-01 04:51:00,63.163097114300655,126.24233315932015,0.6592475823044267,7.834451186864525,96.95496724569279,51.48751040201003,8.199843461633863,1,cpu
2026-01-01 04:52:00,62.17041036627918,131.21437118874073,0.5607097490845825,7.347669177025749,100.0,51.32055449497214,9.31542246947744,1,cpu
2026-01-01 04:53:00,63.22860130029817,129.40667530982432,0.7966858050633585,7.7195773916782695,100.0,51.93525409233947,8.595521802394712,1,cpu
2026-01-01 04:54:00,67.9880665114532,122.60926466925049,0.6935253449237135,7.2143304217201,100.0,50.269083408689944,9.036266487854759,1,cpu
2026-01-01 04:55:00,65.16990790102241,118.28132806427888,0.7214040400962332,7.583451471262682,96.7467081722269,49.129692403773184,9.116328348560742,1,cpu
2026-01-01 04:56:00,68.46466886271091,121.87910868929237,0.5928120227714101,7.780719014719314,100.0,50.709160212822184,8.089086372353917,1,cpu
2026-01-01 04:57:00,66.80864537699918,128.39220545298627,0.8019023527870885,7.630550194015118,100.0,50.433994200857214,8.943705360118022,1,cpu
2026-01-01 04:58:00,68.33937512369128,114.62843319284008,0.58834246149698,7.976911516396072,100.0,51.43561489549561,9.30946452049357,1,cpu
2026-01-01 04:59:00,67.12051467854003,127.40967862314824,0.6025381332171172,7.501153954566247,100.0,51.47294830179281,9.053556032615845,1,cpu
2026-01-01 05:00:00,69.47316012558363,113.84280160755127,0.78261882810957,7.8657467471386795,100.0,49.945959240654076,9.110961903797891,1,cpu
2026-01-01 05:01:00,74.2814385325339,123.89074972876978,0.6027935091503053,8.333470116797987,100.0,50.54358144427714,7.6269579745814875,1,cpu
2026-01-01 05:02:00,70.89532252689402,123.0269937233295,0.6050892524846132,8.142477351580748,100.0,46.0731917397981,9.614095143858147,1,cpu
2026-01-01 05:03:00,71.08622281552292,115.71986471653769,0.7425934881889257,8.201773729343584,100.0,44.95394592999407,8.819842087949416,1,cpu
2026-01-01 05:04:00,69.60741764534035,112.49991208705086,0.5857282584014768,7.693324412416102,100.0,52.31878327739891,8.370018238642103,1,cpu
2026-01-01 05:05:00,73.06568194795341,118.93463605132195,0.739303373514761,8.278150297197296,100.0,52.26918402826983,8.08643634290696,1,cpu
2026-01-01 05:06:00,74.24658041050932,121.11751769171191,0.8287819247939338,8.480925197765568,100.0,48.8612686028294,8.501618417098483,1,cpu
2026-01-01 05:07:00,68.60808112907216,111.75680586851726,0.7286986036260268,7.616355185319128,100.0,50.697819656213156,9.23343994753728,1,cpu
2026-01-01 05:08:00,69.73544754957223,119.76062128633436,0.7727439053304233,8.219909897721775,100.0,48.782483118296575,9.736399430561969,1,cpu
2026-01-01 05:09:00,77.18328443988474,118.32144898016686,0.6783858324491383,7.983651929694545,100.0,49.56028019488787,8.369619400807546,1,cpu
2026-01-01 05:10:00,74.31491635896204,110.30749522070896,0.8209178244428742,7.939016216640907,100.0,50.69920162392673,8.860002396508374,1,cpu
2026-01-01 05:11:00,74.20467309152241,106.77352027122018,0.7126856431519546,8.103518406752691,100.0,51.490579673389504,9.535079545208609,1,cpu
2026-01-01 05:12:00,75.55511970603797,115.49816313742494,0.5905047059643338,7.63167334759982,100.0,50.72554579427818,9.508774267972727,1,cpu
2026-01-01 05:13:00,46.931597854766025,138.56935728355202,0.8163889116040868,6.555112074284778,52.9609325237029,47.59259146834819,9.41536625494436,0,none
2026-01-01 05:14:00,46.3506965092664,133.03032798342372,0.7470621061919989,6.803819125659322,48.49222710945067,50.940483276002944,9.236836756503951,0,none
2026-01-01 05:15:00,44.31364947147106,135.8126236965399,0.8084183799482676,6.291133750914388,59.527140717895406,51.38616946320798,8.221927531896066,0,none
2026-01-01 05:16:00,48.89768112131217,150.84092911834833,0.531165167741318,5.455554540935125,58.72362980312023,50.17443922469001,9.03758473158955,0,none
2026-01-01 05:17:00,44.80587697439787,143.39259611549937,0.6438317603004176,5.473379160712684,49.809034331923,50.41314471884165,9.306940081295952,0,none
2026-01-01 05:18:00,43.041138750334916,142.8065679437855,0.7906453607172725,6.115645934444907,51.90676481038053,50.90306542921774,7.940525582197124,0,none
2026-01-01 05:19:00,43.68634995934358,136.25993284398425,0.6079832746381537,6.109607409005094,53.499849920971165,50.893944838293926,8.511168871572577,0,none
2026-01-01 05:20:00,44.54549301174,140.10916667653478,0.5946159594373931,6.009088325152703,59.496664475708705,48.39323403043857,8.921351847435478,0,none
2026-01-01 05:21:00,44.06100076781873,145.66520480976376,0.6202542676939671,5.590567942532416,55.76798918796636,49.58406493928071,8.452359468932894,0,none
2026-01-01 05:22:00,44.452982606822836,135.48827643140064,0.748385567196109,5.470845544776135,53.24275633538958,49.84107833160349,7.280737337431671,0,none
2026-01-01 05:23:00,45.46838688244307,137.07768283780902,0.6993974993292458,5.857883685178463,57.58423266940607,51.281536404253856,8.691949182441125,0,none
2026-01-01 05:24:00,38.27827336218591,138.14127071213832,0.7030557510906336,6.506896186694276,53.94052801585885,48.54285579436871,8.478709681546576,0,none
2026-01-01 05:25:00,43.29713237540049,137.4425083942404,0.4721705683318716,5.475728758400509,55.53295709501038,51.01801630829597,9.370850538125095,0,none
2026-01-01 05:26:00,46.76338770811462,142.8010129832205,0.6785576049171707,5.888139441911922,54.29615202100919,50.6669174615897,8.738259298676518,0,none
2026-01-01 05:27:00,45.996644937984435,136.19878686058598,0.7414789290670221,5.867618242672016,54.3500829221971,49.42829710799412,8.738254989201566,0,none
2026-01-01 05:28:00,43.51704272856124,140.7898824365835,0.6748799520207077,6.170343738541526,52.28717456131075,48.8572284954457,8.88710313135864,0,none
2026-01-01 05:29:00,43.63681693645101,141.3609380936185,0.7258155314522143,5.625769779717303,52.327423739315556,50.443562091852506,9.167073417774438,0,none
2026-01-01 05:30:00,47.17405264336002,141.37635518059986,0.7192210274914664,5.875319956405797,47.4132049328013,51.341358222463384,8.883439858279484,0,none
2026-01-01 05:31:00,44.40460398456031,141.0656531246965,0.6618128827117595,6.180677651908897,57.03049248827996,51.188161384976496,9.199500916349784,0,none
2026-01-01 05:32:00,43.84641634572066,132.98718739801404,0.640082606396763,6.654154126000417,56.21526465655046,51.529739899102005,8.836272027938945,0,none
2026-01-01 05:33:00,48.62478452053329,133.4266984569432,0.6583585302524215,6.3654785246589425,57.09410810222748,48.152328267114086,9.09510341297803,0,none
2026-01-01 05:34:00,44.1799039426132,130.9429272262795,0.8118177334096768,5.625618586295488,50.33331420163713,50.141005432198625,7.516917513599419,0,none
2026-01-01 05:35:00,46.29419786013919,140.80672702851075,0.7661643070081174,5.046257181711471,61.87871256099081,49.92518074985888,8.188208311181377,0,none
2026-01-01 05:36:00,44.840183097986476,142.72364006550342,0.7442978672909984,5.836591187985826,56.63583850416092,52.3954646539569,8.87993800024844,0,none
2026-01-01 05:37:00,45.03867977779047,142.3666550257222,0.603587877366469,6.737285841123147,55.10543030242902,48.971822073674204,8.85650326711343,0,none
2026-01-01 05:38:00,43.04800136751326,147.5994384633819,0.6260222470925723,5.963006781437947,55.9020202674278,52.993229801315316,8.668608874947688,0,none
2026-01-01 05:39:00,43.29358675796454,138.70924515537055,0.6962646877972581,5.4541622031451045,58.598702128618676,47.874763672946834,8.8213009691041,0,none
2026-01-01 05:40:00,47.46858093949973,145.39533531197245,0.6405281761048921,6.289282317581734,53.8308896340338,49.07656382885181,9.249724166548198,0,none
2026-01-01 05:41:00,42.67928826473616,140.86199550463243,0.5740286564773707,6.509832664747874,49.1711061900295,48.99461470965215,8.600592615231013,0,none
2026-01-01 05:42:00,45.5161869065294,144.28526654624778,0.6106558747831764,6.367523693589345,52.419084417491675,49.99233289562646,8.802491860953564,0,none
2026-01-01 05:43:00,42.5767353849105,136.4084497239881,0.6490304794041366,5.916470818071651,61.431590748948835,50.607696449308925,9.583157512817293,0,none
2026-01-01 05:44:00,44.48867695843379,139.5481949396327,0.7065965230056385,7.002072490248894,54.12380145028808,50.283352341632664,9.636538008511124,0,none
2026-01-01 05:45:00,44.898820008851,135.85312190474605,0.7133051725131376,5.802955827813012,56.24322524406415,51.059736043272395,8.092795212463406,0,none
2026-01-01 05:46:00,41.717328182478845,134.42601631061788,0.6087841686025539,5.669201968736041,52.89437567106789,50.62182574743383,9.425254189163304,0,none
2026-01-01 05:47:00,47.249622632662394,129.1662626086536,0.7408704038876992,5.784473203146333,54.446197234479634,49.60992200209759,8.96287039218926,0,none
2026-01-01 05:48:00,44.61527032139156,144.88279273389884,0.5462910204091038,6.086735248699367,57.00913869831629,48.08028705484211,10.011019676956034,0,none
2026-01-01 05:49:00,47.41508028787019,141.75633739478926,0.7244424877582099,6.337666543209652,52.04922211102446,48.783502124923096,9.36810292362624,0,none
2026-01-01 05:50:00,43.1195455797924,154.29739716192574,0.7103320123748432,6.0620020638923275,51.25013057639523,48.639727502131294,9.503941584331326,0,none
2026-01-01 05:51:00,46.814087779015026,140.32807708766788,0.6868366434586378,6.264304446666544,57.28267508980995,47.81073500787405,7.777904888005181,0,none
2026-01-01 05:52:00,49.66086552793854,141.9665816580424,0.6324147122868373,5.411088917054796,50.65475066999838,51.86847978611989,9.115930670350284,0,none
2026-01-01 05:53:00,45.42723379680956,134.90472525405937,0.6687670575991256,5.69178651253557,53.216463690577555,48.79461013318247,9.210129815319275,0,none
2026-01-01 05:54:00,43.701579607486295,145.56215754330972,0.6986280758599099,4.8295221029879105,54.319831101204706,49.98956902799913,9.101269135950606,0,none
2026-01-01 05:55:00,45.95443744813318,136.79504681147282,0.7162075626282527,5.222894041277792,55.41901711374771,51.49496445898723,9.016235461072581,0,none
2026-01-01 05:56:00,45.27975049489808,150.56706797641095,0.6697433148988025,5.404260306732638,58.63970670304555,50.57271445036921,9.215866930802676,0,none
2026-01-01 05:57:00,44.57893189263157,152.2329411004547,0.650551275169428,6.2184047034892425,50.04209885292393,50.950861946302474,9.988679967723323,0,none
2026-01-01 05:58:00,44.758510750271036,130.3813990719781,0.5636818802785862,6.519766104174364,53.79063280007622,48.42249004726586,10.074324262291286,0,none
2026-01-01 05:59:00,43.84222944396558,136.52865832557504,0.7054853243364406,6.559369503162019,55.23026390825557,48.87322145864872,8.398191033592994,0,none
2026-01-01 06:00:00,45.84773518658333,133.50731374050056,0.7963851336395824,5.9719399223427825,58.55842545927261,52.597098669525174,9.255565151927518,0,none
2026-01-01 06:01:00,44.22521828230919,135.95884324870534,0.7954205325763894,5.860466220611136,53.93886551583784,49.3302244311933,8.634167362598552,0,none
2026-01-01 06:02:00,43.285787741662084,133.7428514708927,0.7502334837384822,6.102327673466009,55.32135375641082,49.799918083689406,9.21297083346948,0,none
2026-01-01 06:03:00,46.62955688082127,141.92406418101223,0.7545861405535976,5.940852133765998,59.40705130378614,51.424578907547584,9.55685535434999,0,none
2026-01-01 06:04:00,44.66646415321721,146.553010593034,0.7425083237654416,6.506984840267415,58.31036219696252,51.662113642513525,9.173110599538926,0,none
2026-01-01 06:05:00,50.28773222928678,140.68619727679175,0.7806541849173037,5.101894983559064,56.81463555613849,51.25946728661483,9.300395194426724,0,none
2026-01-01 06:06:00,44.4967768090651,147.09820098396804,0.7398593864716441,5.908153765053879,54.34380897958763,48.38314345954723,8.95411341572417,0,none
2026-01-01 06:07:00,43.55949409558469,142.56820514403887,0.6406669448543865,5.745190162020683,52.11746521429444,49.86776864612853,10.115695099363625,0,none
2026-01-01 06:08:00,43.893390673011915,145.63237046874298,0.7334055797546248,5.987700055385504,55.47384788403019,46.918622993366455,8.768781925730826,0,none
2026-01-01 06:09:00,45.73253685417876,147.84038948320224,0.7978080981247526,6.28006030204629,58.92220811484493,52.39974657521143,8.820906885151372,0,none
2026-01-01 06:10:00,43.59341115819228,136.0536692946093,0.5810711573583666,6.054380321045262,54.794405128885344,49.27647317858485,8.991218502289637,0,none
2026-01-01 06:11:00,42.45900250472964,148.6794239072691,0.6762496532944778,5.781197924615,52.629185319596225,49.866503008242645,9.296490593433806,0,none
2026-01-01 06:12:00,48.26129385402014,135.8342501468415,0.7384511084185276,6.019406060123647,55.5493757954848,50.03536112020408,8.774575963659686,0,none
2026-01-01 06:13:00,42.499606610147,135.45395986394715,0.7418419538566526,6.2317855472153765,52.26934957445509,51.36683726938804,8.542149174532565,0,none
2026-01-01 06:14:00,48.00397651626871,144.46037512370262,0.7372727636112939,5.562978013146867,60.969776982575155,50.3761504857044,8.515231970862773,0,none
2026-01-01 06:15:00,45.25534967362253,135.72301942235643,0.6926135604525656,4.833846940545244,51.69144626570029,50.74920142775321,9.513515457727463,0,none
2026-01-01 06:16:00,42.845354710471156,134.9072293589748,0.6691153514679112,6.020963620918811,53.290634576816394,49.292181019987986,8.253349210309748,0,none
2026-01-01 06:17:00,48.29838811688169,144.19281046302157,0.7869186781082687,5.3145096686448925,54.47180689157325,48.97098028554824,8.49211964875075,0,none
2026-01-01 06:18:00,44.55455946362285,138.8127753547934,0.732094724339377,7.36493646165706,57.03285588894175,47.938617350536,9.080332157808675,0,none
2026-01-01 06:19:00,42.94197372506541,137.2922187337375,0.7422419090438801,6.022239186291786,61.79358831127475,50.46446339302162,9.961129899206327,0,none
2026-01-01 06:20:00,45.083252844707154,136.36131847474144,0.6228306784596458,5.724846161193392,56.258963552696535,48.450411198392445,8.836538729528087,0,none
2026-01-01 06:21:00,47.52045307126737,135.47744677874766,0.7728961061632417,6.49672091648004,50.587924136169846,48.05104542210316,9.976709299720532,0,none
2026-01-01 06:22:00,46.30993911402793,141.30869470562473,0.7631693610289488,6.437906941730273,58.573903877122454,49.386391674935616,8.802906491309582,0,none
2026-01-01 06:23:00,46.589596070007595,139.3718385328084,0.5981100646386378,5.737451395994197,54.3684425599957,49.62636296816319,10.07453706305979,0,none
2026-01-01 06:24:00,48.44019634059321,136.98488737840083,0.6286970577029724,5.873829195274973,59.84339302788971,49.05498797908921,8.66072368129541,0,none
2026-01-01 06:25:00,45.354832196837144,150.75696023448918,0.6602555052411638,6.330101421033865,56.299159900188485,47.600575981635764,7.966674964053679,0,none
2026-01-01 06:26:00,45.67127776678014,143.47923226905874,0.667637548601404,5.487775683937863,57.07966052075058,50.106746671350265,9.281393454535815,0,none
2026-01-01 06:27:00,44.46138738093473,133.88854233978424,0.750658507925343,4.841951067523371,53.25842439709366,50.59584124739788,9.101745419076764,0,none
2026-01-01 06:28:00,41.99743915330859,141.77913764548654,0.8691242658736605,5.782583735874546,56.45498882004394,49.249767927202015,8.5654342563492,0,none
2026-01-01 06:29:00,44.61099255143363,136.78107340816752,0.7851639045028637,5.533771968557877,57.07724433777266,51.0374579150904,9.139682017931923,0,none
2026-01-01 06:30:00,48.12701837819222,137.63386549761697,0.6194234888154843,5.701960135327632,53.685008695647355,49.178144462218285,8.630125420114638,0,none
2026-01-01 06:31:00,41.42371646111093,149.83867159938055,0.6682089764145686,5.533037745933861,56.51354884342275,49.39035189353908,8.353931063608808,0,none
2026-01-01 06:32:00,47.56624312859159,146.83286935370208,0.6386330659717472,6.060505146895083,54.30209550478859,49.86055496957188,9.018946932410364,0,none
2026-01-01 06:33:00,45.39372148303852,141.80653898241482,0.6499304074511959,6.443154367406622,58.07417892374222,49.282242404091335,9.612464530013105,0,none
2026-01-01 06:34:00,43.04165958417172,145.92551237216006,0.6410911602512012,5.666485408090334,57.9702578263563,49.10365832158952,8.7765408356689,0,none
2026-01-01 06:35:00,44.985457862359695,133.06324888392882,0.6678868460498448,5.506822010069638,61.393354525011176,48.08103563811613,9.261177569950103,0,none
2026-01-01 06:36:00,48.39874851573605,144.0000775059754,0.6528214023026397,5.9133271137550185,53.85534569295012,49.23868263312762,9.08817064956182,0,none
2026-01-01 06:37:00,43.691188205253304,144.394801858972,0.6941761520110148,6.0627084550185915,55.82951805424898,51.053856811300825,9.389886111580608,0,none
2026-01-01 06:38:00,46.409757245009544,136.82044268682066,0.6878080682776291,5.100220905373754,47.114666489123465,49.57655980151341,8.295204368117211,0,none
2026-01-01 06:39:00,47.08247868569772,132.04125654376833,0.8628866761240171,6.19509810753829,49.847811162911995,49.113745589851774,9.111018138933298,0,none
2026-01-01 06:40:00,43.01590891763787,143.43093252756074,0.7018748931771743,6.483121914641919,58.3670507589698,50.2966540105123,9.357422401621118,0,none
2026-01-01 06:41:00,46.06593244447512,141.91351982543966,0.8012158197451302,6.108622060096169,50.01751479872747,48.8677308874313,9.967389626465794,0,none
2026-01-01 06:42:00,45.860996649792895,140.05678780743844,0.9026047820573936,5.143427443610952,52.154311063687835,47.868900693239624,8.558792213458778,0,none
2026-01-01 06:43:00,43.83232515094305,140.8464183780425,0.6051052963964962,5.912668459651128,52.23450223777165,50.97693139874468,9.915047900867167,0,none
2026-01-01 06:44:00,46.14031162185213,141.0497508144128,0.747127198873965,6.365005637278375,55.029692991787265,48.68541553459401,8.08325407923706,0,none
2026-01-01 06:45:00,44.037427634539924,145.1341840816652,0.6919068066895467,6.361983102463934,58.482750637511735,52.13310056711095,8.487738980287276,0,none
2026-01-01 06:46:00,43.5941989388111,148.01557322822708,0.7705743953057924,5.555871110624844,57.72904721962295,49.231196916421084,10.072479384792011,0,none
2026-01-01 06:47:00,42.26860940779256,138.3582429037377,0.551261795417345,5.7085070959652,56.61650108655066,50.16788037199604,8.481727554309408,0,none
2026-01-01 06:48:00,45.49780479567415,147.13493240160173,0.6360220282918468,6.226181489857316,57.655124039239716,47.742424306900375,9.113155186346772,0,none
2026-01-01 06:49:00,43.85700884587433,138.38687539085356,0.6989028502720253,6.148687853691913,58.48386225128894,51.12568635160668,8.695575536860458,0,none
2026-01-01 06:50:00,43.58584754750902,137.0859032069951,0.5587576092617936,5.526911424072205,53.88452520861106,47.99212737936295,8.771689458210654,0,none
2026-01-01 06:51:00,42.39377905155532,139.41689331776863,0.7436480650561069,5.556922273938805,58.30380671058355,47.53148956129877,9.223958522726353,0,none
2026-01-01 06:52:00,41.949314257285344,143.91162610113116,0.8836937305974589,5.409473201715201,57.313582752338064,51.11280565618755,8.784871419115882,0,none
2026-01-01 06:53:00,43.08876270011222,143.24401304946193,0.6889004547977164,6.035442042309984,53.76157519102734,47.85102910550708,9.406141693795504,0,none
2026-01-01 06:54:00,46.11454364042473,140.60238804546262,0.7936625069527432,6.242282149521292,54.961265822714594,47.57152439187357,8.49303727530956,0,none
2026-01-01 06:55:00,43.014012137498405,135.54352218069988,0.6289739589551956,5.879334921206128,52.946654274876344,48.92178329724807,8.666331829507762,0,none
2026-01-01 06:56:00,47.51841557369855,145.65709248338564,0.74180585937488,6.465470343911597,51.11389428894376,48.05053346166308,8.900653626289303,0,none
2026-01-01 06:57:00,45.43190528826657,139.19297077583707,0.7882002252878737,6.072556054524174,53.60477916986106,50.68339322214268,9.077285483474647,0,none
2026-01-01 06:58:00,44.91797579280224,140.6462124845007,0.7499908039030011,5.869945908232192,48.92985617373484,51.855784512035726,8.309111835941174,0,none
2026-01-01 06:59:00,42.18159290578764,136.77515308103693,0.7325291941781257,5.8445130105545555,50.47280773018844,52.518087138542924,8.223937094316526,0,none
2026-01-01 07:00:00,48.48125018791786,149.67961446242444,0.6737690818388361,5.579633927391818,53.012097567753145,51.042691546957066,8.926327229380469,0,none
2026-01-01 07:01:00,41.67857455183773,138.81473904164616,0.7365437877720404,6.499918231790534,53.43968520924252,48.30815320743383,8.054212495745936,0,none
2026-01-01 07:02:00,45.61353088404705,134.10890654659494,0.49953370301612887,6.267465924967785,53.10818554739619,48.68078588818761,8.99243536258356,0,none
2026-01-01 07:03:00,47.919347102533095,145.02168293126405,0.6444733084489155,5.626903171207411,49.892766187753296,52.18157824926677,9.093689021308746,0,none
2026-01-01 07:04:00,44.117876750854855,140.82809625734933,0.721832586822607,6.314185955917582,57.84198650752447,49.37471385154586,9.571489406714702,0,none
2026-01-01 07:05:00,43.1335718222325,145.33074837698297,0.7132536993078605,6.884815006113097,58.03213472015211,46.93159390849641,8.890947140313306,0,none
2026-01-01 07:06:00,44.44725044073265,145.25082361488035,0.7943175014362576,6.30339818229815,56.493872941457994,50.03403545956043,7.931522368289862,0,none
2026-01-01 07:07:00,46.300967200693364,132.3586687431476,0.6489380449050685,5.748727564714643,57.28918642009834,49.989955528889354,9.970299989662623,0,none
2026-01-01 07:08:00,47.17122391011203,139.8606959298279,0.8490786665105907,5.543183572042189,51.958078796740786,50.0360298440136,8.946846420982448,0,none
2026-01-01 07:09:00,45.64662467409696,152.85682272580488,0.7839060312153769,6.3357157651727,54.88712151845265,51.61336055259371,8.529556684363424,0,none
2026-01-01 07:10:00,42.28263063534019,143.7974953004923,0.7327800658896854,5.161693344607496,51.863654626732355,48.76670389303878,9.072829223023234,0,none
2026-01-01 07:11:00,43.05656789637017,143.85361402483085,0.6279285073517733,6.679394849567112,54.487944766332355,47.76325458004206,8.725678701226519,0,none
2026-01-01 07:12:00,44.79502255918332,146.4602991567968,0.615390483898698,5.196775428771619,56.834957323453686,48.19649856545527,8.406679158204042,0,none
2026-01-01 07:13:00,41.818908755592965,147.67610993902096,0.7418880290337893,6.334575343805972,55.14662772462398,46.00878565749929,8.418145634345995,0,none
2026-01-01 07:14:00,43.8734390258143,141.67964056254053,0.5764401334191401,6.445808119197489,53.15622658562101,50.32262935127957,9.39825316442919,0,none
2026-01-01 07:15:00,48.81853375821192,145.9943914520769,0.6792518286532521,6.203514812862072,53.73355775154443,49.69849221178509,8.844261952696913,0,none
2026-01-01 07:16:00,42.20405836420163,145.43956942410796,0.6895930144030336,6.202637895085665,51.93467503409073,48.98188241568331,9.326412776266398,0,none
2026-01-01 07:17:00,46.62223077780601,142.8726499545711,0.7058257909384338,5.625763144285032,47.20578272993252,46.53589450464335,7.898891418689256,0,none
2026-01-01 07:18:00,42.4170497675231,141.67033230103684,0.6661839179920458,6.0193536284080995,53.53315240254091,51.45770379802884,8.639501392691232,0,none
2026-01-01 07:19:00,43.58325241771447,145.58997495015694,0.7830409177258578,5.802591254712222,56.17290897421082,50.49834096546189,9.079593340562983,0,none
2026-01-01 07:20:00,44.10589550114641,143.659590786342,0.6004130514204342,5.533610990664285,53.78758575507984,50.23764418397795,9.174166251208883,0,none
2026-01-01 07:21:00,41.21634539386412,137.16998150652657,0.8410032547879948,6.163454555206619,55.029470551974036,46.459315073592535,8.625192006083397,0,none
2026-01-01 07:22:00,43.99824269893808,135.38075244521994,0.8083725401724053,6.314304931483762,48.95423096035851,48.43277028468512,8.821012668998945,0,none
2026-01-01 07:23:00,46.78283177686182,141.7055545219957,0.7944555878852192,5.088909427763984,50.12400209404373,49.59839084455802,7.827465754049556,0,none
2026-01-01 07:24:00,45.6041403276235,141.54229142053654,0.6090461955080779,6.577494649021011,56.803587421620755,48.47226458520923,9.144056097717348,0,none
2026-01-01 07:25:00,45.5456405807546,149.11659627410208,0.7097011263576988,5.836013495940287,51.23791199316076,48.395011976887986,9.757678863925788,0,none
2026-01-01 07:26:00,42.521223916633446,141.97019762675697,0.7681243699611208,5.387675570227562,51.54150031407052,50.390333505603074,8.05382818402469,0,none
2026-01-01 07:27:00,43.82001584926375,141.91098945857124,0.7215654702060529,6.002647340934525,49.950044524753636,49.69555123987384,9.434172420679154,0,none
2026-01-01 07:28:00,44.4944439812449,140.09789798654037,0.6860562502613002,6.17219340720067,55.47265488750049,49.82683500536096,8.750766072478902,0,none
2026-01-01 07:29:00,45.42665539904201,143.19657948570924,0.6577072769212386,5.766609963681583,55.67660661770533,47.695261465752885,8.289056700779192,0,none
2026-01-01 07:30:00,46.73351791586991,144.18955895874765,0.6001385644682531,6.237620342281975,56.36857423934594,47.558754689403514,9.730677252526252,0,none
2026-01-01 07:31:00,42.028850677007895,147.76550062729075,0.6424556953832734,5.846891189278058,51.35467985634156,49.75318097776271,8.153927950189395,0,none
2026-01-01 07:32:00,47.40540684821664,139.82162117551533,0.7764702551122333,5.615738343511419,54.39683878953003,47.548813302188925,10.096784945386066,0,none
2026-01-01 07:33:00,43.412457659870135,144.97016685474847,0.746695920022405,5.9216306477805905,54.38917253789821,50.663397098444136,8.190839448147152,0,none
2026-01-01 07:34:00,43.4599769979589,147.00688006849737,0.6509931086600271,5.734692571985814,52.02337329391489,49.97416610746835,8.579750886877598,0,none
2026-01-01 07:35:00,41.52449976612689,133.88779305031355,0.5550783274546495,5.827902618920838,52.29359444542696,50.14049675408505,7.661408144844604,0,none
2026-01-01 07:36:00,43.78372805122179,143.97203197777037,0.6146595386972065,5.845547914704788,53.0796678902848,48.17015652091853,8.253660949029648,0,none
2026-01-01 07:37:00,43.44065357595493,137.9782865573537,0.6278683858985635,5.267465900995064,53.0211706726076,47.01568959556377,8.513397845159439,0,none
2026-01-01 07:38:00,41.40550721892569,139.87168784390727,0.6113298024485668,5.624115893883993,51.48571816343958,46.78388058549905,8.72956824072444,0,none
2026-01-01 07:39:00,43.269022204509824,141.30129449530364,0.9609704881073973,6.3854289937683895,54.26078998480985,48.53594169591863,8.789502460897737,0,none
2026-01-01 07:40:00,44.07156170096182,141.12275161958652,0.7796305034933784,6.2661771129441775,54.002474163275664,52.5591105657459,9.916279858384495,0,none
2026-01-01 07:41:00,42.98282160612509,138.37976852262105,0.7080858091909794,5.732580707431526,52.46104058632883,47.62881876128581,9.560320922432776,0,none
2026-01-01 07:42:00,45.340836758232214,143.65141923572943,0.6697486102035838,5.909551097655224,53.45514206484056,50.9822722462972,8.86332832594759,0,none
2026-01-01 07:43:00,41.70935881996702,145.56793187035024,0.6910473365097742,5.67748273196036,54.986774334809624,48.862174696401475,8.98332288586423,0,none
2026-01-01 07:44:00,45.514689915257,141.4798067649078,0.7004211485812646,5.700120541827843,51.457227452609146,48.44905067536707,7.787847175513879,0,none
2026-01-01 07:45:00,43.338944334588746,137.50953416471987,0.719829219359999,6.027490319232649,54.953928823713476,50.481603692866706,9.025129383832025,0,none
2026-01-01 07:46:00,44.431219078922766,140.74940203898367,0.5797790134417007,5.123440884873442,57.58804392809785,49.50351473251385,9.5459124854674,0,none
2026-01-01 07:47:00,39.97186651998213,151.26254452268998,0.8213593548539921,5.588044221382641,52.391070133540886,47.859705272551736,8.132906236324088,0,none
2026-01-01 07:48:00,43.89587329551053,146.08080716033766,0.5330755553855139,5.9864395713851,48.50061372416794,51.58169718284075,8.94145985934155,0,none
2026-01-01 07:49:00,43.48891380616233,140.59565349241097,0.6454803530460055,5.934831476751536,53.50681473413874,48.87828474588331,8.639562849839708,0,none
2026-01-01 07:50:00,45.459051222850775,137.87063231003856,0.7387295420795366,5.615652681307886,50.69600646207944,51.01407112062194,8.92260643379404,0,none
2026-01-01 07:51:00,41.20253912674433,144.4857849308979,0.5909489634027169,5.2990949590983805,49.852364411011614,48.43910672723201,9.123736069922824,0,none
2026-01-01 07:52:00,46.264927927489055,144.41341780023546,0.518709001835562,5.6720425727586745,55.503804282051625,51.13320731420433,7.722430307911358,0,none
2026-01-01 07:53:00,41.34587188515903,154.39918660206206,0.5719571520464865,5.488832612226525,57.28290114709435,48.001553810988035,8.87011507454395,0,none
2026-01-01 07:54:00,46.11860228322998,135.6708478957801,0.631400471890806,5.526537054773383,52.46225909115633,50.23545233766795,8.427864071609692,0,none
2026-01-01 07:55:00,44.61547570045027,145.7026449849168,0.6671392156088313,6.136234776510755,51.875105653125786,49.69011509228826,9.059838866113989,0,none
2026-01-01 07:56:00,41.92382354265513,148.68555487180498,0.8536961936117748,5.489365462752958,53.83341025609849,51.57796528731579,8.675097513132451,0,none
2026-01-01 07:57:00,47.745723273511395,149.11251294214298,0.7370899013712222,5.130197083482734,49.32807785414092,50.31798943283624,7.861311748810384,0,none
2026-01-01 07:58:00,40.98819751806157,136.73787809638043,0.7595978406825388,5.288771169536209,56.155486712293936,50.5540597360108,8.762261569065956,0,none
2026-01-01 07:59:00,43.008536761643825,146.10430773654124,0.715140487644213,6.328127109438293,52.980068800432285,47.33385901987065,8.53739485033723,0,none
2026-01-01 08:00:00,43.73945165837218,144.45560218049582,0.6242617884585379,6.062338379213925,50.575021126245446,49.32131295165712,8.645432100363923,0,none
2026-01-01 08:01:00,44.341511304917745,145.70204573248287,0.7306678727838477,5.890022719007154,49.567236177226924,47.301550039214696,9.090999504901758,0,none
2026-01-01 08:02:00,43.72314308747155,146.17396299078408,0.7458834727561743,5.09729671576685,55.00122902619931,48.56494544123837,7.70030242563755,0,none
2026-01-01 08:03:00,44.8408406966707,140.61581335483564,0.6464511695006927,5.431263297479147,54.99738517839551,50.61716404778138,8.52346667314628,0,none
2026-01-01 08:04:00,44.13308287817102,146.67913803920644,0.7254831279361024,5.028026218421888,49.72083831195415,47.84530463811276,8.580007510327814,0,none
2026-01-01 08:05:00,43.25179772329368,139.89956751511096,0.754541314205518,5.632674844631779,50.72327450385382,50.97223969568079,9.514128100671474,0,none
2026-01-01 08:06:00,41.298876208111935,136.79809236382226,0.4617928568878126,5.483149781738745,48.00740348055051,50.50922027456643,9.596346102627157,0,none
2026-01-01 08:07:00,42.4393288026909,141.39964761439907,0.5907731624923468,5.749010228916306,51.43525749160215,48.284898407598526,9.299543777704777,0,none
2026-01-01 08:08:00,44.905560247648516,145.50120591123184,0.6490606624569654,5.9070151002377616,58.17322499470419,51.04500459508097,8.668083606011406,0,none
2026-01-01 08:09:00,40.73859915596228,152.77407312723298,0.455122981232575,5.389223019711121,51.94025181034236,47.77846485841784,10.01694089942329,0,none
2026-01-01 08:10:00,43.264376696052,142.54129617301513,0.6693558664933945,5.193516498390641,58.89371541279339,49.50693380527874,8.463507945549322,0,none
2026-01-01 08:11:00,38.91619450339202,151.99841710362105,0.7666669120473592,5.58258372812924,52.62400040917817,51.87588295738732,7.789796473472203,0,none
2026-01-01 08:12:00,41.59216020682019,140.43331978829832,0.6202696867779335,5.732592071083753,51.19852256275502,48.22638389583634,9.819379425050036,0,none
2026-01-01 08:13:00,39.707255774777465,141.54448568100088,0.5371469404223813,5.880698436014271,54.665336274048755,47.842118258313405,7.290146309938508,0,none
2026-01-01 08:14:00,45.41265433711793,137.50556889428134,0.6261893437129133,5.038890790301917,52.542241522563195,48.9478446457365,9.552945525008848,0,none
2026-01-01 08:15:00,39.247871766228876,144.42922792479186,0.7918193663443494,5.223209016674701,55.525050543333045,51.36001398101291,8.403338699636139,0,none
2026-01-01 08:16:00,42.383756859509006,144.65788194392252,0.6220440013221906,5.504963435408628,49.76474863117291,46.245481455587594,9.591660300752018,0,none
2026-01-01 08:17:00,44.28925799291039,148.98488623657695,0.622052128539504,5.2346345167533,52.84939886734838,45.940274868878234,8.56455326561903,0,none
2026-01-01 08:18:00,44.019345895442726,142.9787355707626,0.6678391923768133,6.278061893879386,51.85110236217702,50.080639934646605,8.83118985306941,0,none
2026-01-01 08:19:00,44.31695614829817,145.80984001554546,0.7208418885631034,4.522455960831185,52.639866055085655,49.51296694060462,8.189591076872563,0,none
2026-01-01 08:20:00,44.8641082120907,138.90535899221152,0.5960151831701066,5.595126406980105,54.80985665898751,50.03131309484783,8.217649303130898,0,none
2026-01-01 08:21:00,43.655029487120515,143.92406354857692,0.6394731034518571,5.440124535305526,53.30711682871055,46.41401171137899,8.091723570469577,0,none
2026-01-01 08:22:00,44.345639722801536,153.68294444668325,0.7204045319079668,5.43777897007717,50.481209409649296,48.00435576693186,8.59839984461273,0,none
2026-01-01 08:23:00,42.53639222304334,140.05600892424957,0.6895036917881041,5.884437363464811,53.8035126781152,48.24705029871038,8.950527544031969,0,none
2026-01-01 08:24:00,42.5614330541626,145.43062538350907,0.7678198127296513,5.149956666984029,52.99098407244996,51.72075996329438,9.198115427647359,0,none
2026-01-01 08:25:00,39.05975626508369,149.74339313731153,0.5936625085133961,5.7283813522421,44.72649276205962,46.83617631526758,8.708438310038353,0,none
2026-01-01 08:26:00,42.885621180775274,148.72860096324396,0.7695689511263377,5.01324680347036,52.70165037065873,52.903311084829134,8.569565170721225,0,none
2026-01-01 08:27:00,45.05022630348164,144.5067333995878,0.8283726209938578,5.121849072073691,48.32561844374164,47.964348541295394,8.298844574949777,0,none
2026-01-01 08:28:00,40.98704687660887,143.0247287924541,0.7915208922781668,5.470470855951194,56.82743538615275,47.966707485992224,8.319027259899602,0,none
2026-01-01 08:29:00,40.110530733875244,139.46056245046384,0.6453631892019681,5.327676152742998,52.665619968654426,47.53353992789206,9.39647831077406,0,none
2026-01-01 08:30:00,42.59938568511085,152.12387660562914,0.7279381038306671,5.068485352538195,51.09395279189706,49.45878532290421,8.266245850412636,0,none
2026-01-01 08:31:00,44.652457646000855,137.7160257595704,0.8266423741673782,6.209865274258616,51.99713207700995,47.74535620386394,7.483179590549214,0,none
2026-01-01 08:32:00,44.76328309212623,144.09449549037384,0.5616044282400197,6.257064460698304,56.37842537535497,50.132042922141615,8.924217818477324,0,none
2026-01-01 08:33:00,39.31553115247052,139.97110346001202,0.6365121080079419,6.158652125336279,52.495540694692906,48.08467899821792,9.205264769168446,0,none
2026-01-01 08:34:00,43.182643353741966,143.0400245324778,0.6033906066654844,5.699311519432126,48.69830139899612,49.0453643385145,8.154281629442062,0,none
2026-01-01 08:35:00,40.93605735465348,139.4181298551473,0.7010332117680572,5.704064654718075,49.20256374642105,45.641213569054266,9.599648002311508,0,none
2026-01-01 08:36:00,42.76926645603431,145.52660332909608,0.6652684687109054,5.074795570570658,49.97787807753762,48.4498151641677,7.930332088888489,0,none
2026-01-01 08:37:00,37.664502333836296,150.0335120055236,0.6689422305778804,6.078492745276452,49.309178412889665,49.717214589105424,8.06778392302126,0,none
2026-01-01 08:38:00,43.9888827130021,143.09462081320368,0.6826524238982304,5.703331955004923,49.32256323712562,49.19987888548928,8.137467305053846,0,none
2026-01-01 08:39:00,41.31933966680763,145.94063365773775,0.7060978500588273,5.7180153772438285,50.56874790564325,47.265058435224596,7.75871864669191,0,none
2026-01-01 08:40:00,42.48557488648757,147.0041302040269,0.6725013423282229,5.665587843523814,47.5479083221539,47.65097027473636,8.549910342105115,0,none
2026-01-01 08:41:00,41.681103822525095,144.3272508189357,0.5949176915661116,5.547195222530627,44.500121830652304,46.92406336135817,8.750876437427026,0,none
2026-01-01 08:42:00,39.93714264691416,155.14687272978279,0.735049359628321,4.723121078001686,44.111757934845755,48.29320700692438,6.581887305883583,0,none
2026-01-01 08:43:00,43.02063738906516,141.89764008980103,0.7866125135676716,4.3893674961979166,47.51330442486569,47.90161985169378,7.631406158236532,0,none
2026-01-01 08:44:00,40.97052876121784,143.92880751724795,0.6419320123926012,5.382185613939893,48.35314914827451,50.048316501877665,9.315173665322462,0,none
2026-01-01 08:45:00,40.52116532734231,151.32992425112607,0.6203022869432445,5.9062014379404095,50.556128139708825,50.647633254269124,8.636733086737205,0,none
2026-01-01 08:46:00,43.18033273318189,147.87200988202244,0.7645667437379199,5.1479499824374475,44.64555546300166,49.78222318904718,7.297830723201098,0,none
2026-01-01 08:47:00,41.65851395060707,146.33442885513549,0.6101250921872454,4.788035285750544,54.81534497016031,49.1207670607241,8.558873436249044,0,none
2026-01-01 08:48:00,40.390283771721855,153.02214893072212,0.7299422969971349,6.123146119046595,47.098013181740754,46.86269015210156,8.655078587042876,0,none
2026-01-01 08:49:00,43.63130288760594,136.58662183835094,0.6041823673443112,5.252486646693513,49.91152667276903,47.45924536249197,9.080410736142467,0,none
2026-01-01 08:50:00,40.535132078743864,149.0430341323084,0.611734492500476,6.24671469227496,47.95796069669864,50.04926855837081,7.568757721600823,0,none
2026-01-01 08:51:00,41.616329392614205,153.9797399814981,0.6289495358779411,5.58072348252693,50.24052567962515,48.71126534104231,7.436286029123825,0,none
2026-01-01 08:52:00,43.11036664476923,141.42773324509554,0.6215117218459021,5.255706492216244,50.513495169293954,51.74743510857452,7.526661021470253,0,none
2026-01-01 08:53:00,43.49205643129807,161.97685540140355,0.5827968144699117,5.577804999343644,48.884325379530125,48.434793442399304,8.690814334053446,0,none
2026-01-01 08:54:00,43.9675001169146,149.86449893368544,0.4602348464114482,5.157206719489656,46.29799576191768,48.86101832369543,8.09998410442277,0,none
2026-01-01 08:55:00,44.84303733928305,150.1495459644564,0.7626475946019988,4.964388955191028,45.2332547402466,46.931958123433475,8.97527909938464,0,none
2026-01-01 08:56:00,41.58171388196515,150.92234957030138,0.7896452874018459,5.375595994323018,52.14643945975984,46.02228200819081,8.805206845859118,0,none
2026-01-01 08:57:00,39.85742159231391,148.90088939693584,0.6724079944004104,5.59278957709571,48.0329710179948,46.35038169374273,7.477940708902324,0,none
2026-01-01 08:58:00,44.711698655769624,159.64166714933143,0.5178858852982879,5.900879353019766,46.69455496048138,48.35901303445091,8.290030216276907,0,none
2026-01-01 08:59:00,44.160532458186765,142.38033773437007,0.7440492684010218,5.902429937553233,48.57215694656025,46.54840968610916,8.226708442635026,0,none
2026-01-01 09:00:00,40.74011219837469,144.20482140318043,0.6740548611922741,5.851976416763806,51.198267220403075,51.0945519497428,7.938658110851087,0,none
2026-01-01 09:01:00,42.702593880484386,151.62548939068122,0.7739000365382274,5.961412940933708,45.519229126289346,47.892230484691574,9.228517800463505,0,none
2026-01-01 09:02:00,40.50616268226656,151.9332161754752,0.6231613464358664,4.39794475048259,49.43025886093906,47.06245423072654,7.619605509381386,0,none
2026-01-01 09:03:00,38.10777860638773,143.65999242857066,0.6484824675240108,5.9212108609123035,50.23727520527632,50.45948245708952,7.991821537917832,0,none
2026-01-01 09:04:00,43.259580866851636,154.56559542746723,0.6456318099257972,4.709343095994319,50.66929754290121,46.70513095071284,8.686742522348599,0,none
2026-01-01 09:05:00,41.83601692644906,143.16104371917342,0.5377814872147424,5.509746856157866,46.49249965815001,49.81432150026109,7.679977453364123,0,none
2026-01-01 09:06:00,41.34919574737521,146.0107160541722,0.5976750701616346,4.939004348977661,44.246615862601246,46.818808590096154,8.11424093998776,0,none
2026-01-01 09:07:00,44.444799454227905,146.86921643185482,0.5556917320111082,5.459935399048371,45.251867445004095,48.33205002663998,8.416473417606671,0,none
2026-01-01 09:08:00,43.8904037841343,149.91918445521083,0.6002910552795638,5.238592748583168,44.516026235291555,46.59313411250677,7.552233932646665,0,none
2026-01-01 09:09:00,39.70176207148716,148.529154117872,0.5492093978444507,5.26570702636665,51.283985436627546,47.264242594046785,8.86149642280249,0,none
2026-01-01 09:10:00,38.72782548282632,151.07145499260932,0.5826882283372304,5.1441679818113,43.99371152010054,47.213729819996985,8.095972018532503,0,none
2026-01-01 09:11:00,37.11517856662856,152.9840287337284,0.7101611710579911,5.439241529885245,44.454067159836605,44.47510177476898,7.191033390972298,0,none
2026-01-01 09:12:00,40.876577153788304,153.44590432335903,0.6405731363843306,5.581834001364294,52.18030719064924,47.20815931203855,8.471405739967018,0,none
2026-01-01 09:13:00,40.05127136052273,144.98608443232166,0.57286406996048,5.357516479014707,50.8567912980034,47.55032682772716,8.495047603327382,0,none
2026-01-01 09:14:00,41.509144909745125,147.03049683815877,0.6714749887868703,4.913227506163359,45.36949626171943,48.22199709070009,8.024163223453941,0,none
2026-01-01 09:15:00,40.767520186808405,157.17919283839703,0.7146866832053526,5.833376702932759,50.274623217758204,47.962618517656374,7.734305582335622,0,none
2026-01-01 09:16:00,39.38807310217319,153.42129653584385,0.5707814276519093,5.629463505176556,54.89501807305357,47.96646150219864,7.8724326727884435,0,none
2026-01-01 09:17:00,39.85079750678075,153.93837392549727,0.5332068042754536,5.771162972537123,46.677594993114646,47.10854213118449,8.013874816860472,0,none
2026-01-01 09:18:00,37.502087944898946,144.58788670876854,0.4720250324788619,4.520029470280843,48.9839076657298,47.23578165975549,9.049213362011196,0,none
2026-01-01 09:19:00,43.03330982010106,133.078907521811,0.6485664983827213,5.815296903890642,50.171679601703765,47.477611744725586,8.429072039541415,0,none
2026-01-01 09:20:00,39.46974087711912,152.58334955121464,0.6359193730655632,4.968384750772902,47.375234984808536,51.2864837685531,7.462898814762004,0,none
2026-01-01 09:21:00,41.71769965232487,162.31885263494527,0.436503992088482,5.476812932303994,55.388960823669905,46.11028467012014,8.241093451573024,0,none
2026-01-01 09:22:00,39.135481145100464,140.60820464319525,0.6986319492920152,5.181876783612754,49.577802132487236,46.31429465004243,7.759460876145281,0,none
2026-01-01 09:23:00,40.55052105846148,152.47348250490143,0.755830417146361,5.528505481597355,53.823812326910144,47.00923843917614,7.246102705012802,0,none
2026-01-01 09:24:00,41.62663848955746,151.69778015805886,0.6757411761223138,5.748249455154155,44.98667171506087,48.484792907176534,8.768084460450192,0,none
2026-01-01 09:25:00,39.77643997475768,140.62579155213305,0.7778511260850881,4.904796750572001,56.439136928297856,46.99635281437725,8.95833755618449,0,none
2026-01-01 09:26:00,38.65099268580449,157.55207082611588,0.5940139197382927,5.450053678835748,48.391443093503135,49.93647303987139,8.635905497716541,0,none
2026-01-01 09:27:00,44.88909514768466,152.4391360901442,0.48556919562454376,5.601028841618097,49.3280676638128,45.28991783135741,9.004123326856352,0,none
2026-01-01 09:28:00,39.798798800498055,147.56980679900474,0.6487370284475014,4.9500428539205945,52.11461722760223,46.81977426094671,8.434832778031472,0,none
2026-01-01 09:29:00,41.289262098242446,154.30238006038627,0.5700346068965502,6.079755229828924,50.64392718430112,48.49853374337145,7.5664806697044105,0,none
2026-01-01 09:30:00,39.94763708707595,150.41225628856276,0.6126855094155028,5.046942923527233,46.13808031256013,47.421308173805684,8.20471381568634,0,none
2026-01-01 09:31:00,38.519718680780045,156.58854835361606,0.5831955577159036,5.403818121606188,46.58276699485101,50.79596137993685,8.674265815868651,0,none
2026-01-01 09:32:00,42.65120637081995,160.70772529098227,0.39355311660158204,4.978759227177345,46.08240214216023,47.697743152086126,7.500965799875617,0,none
2026-01-01 09:33:00,40.76138220900566,150.54907379206023,0.5192538318172811,4.483652829680048,46.47302092379752,43.97662690018652,7.732573200514197,0,none
2026-01-01 09:34:00,40.61710917316923,155.20419708468205,0.5508946191785146,5.335126450080405,44.11562353248028,47.71877016755173,7.225327524273459,0,none
2026-01-01 09:35:00,35.3400618397534,161.1742104555127,0.6025114788010478,5.271663052869782,48.649058957316775,45.61443545124345,8.814203477439458,0,none
2026-01-01 09:36:00,40.42162116042319,145.7903563978816,0.6623927805873708,4.519218618073351,46.92907737075261,46.92538691403418,7.945549045449374,0,none
2026-01-01 09:37:00,41.482244399671856,152.57144208959033,0.7010016886467184,5.605770197283785,49.68631748215921,48.79266185217105,7.78370181517557,0,none
2026-01-01 09:38:00,40.324774682879,147.25352175223335,0.62961618463988,5.415307751002263,49.54986481980513,47.887609876327744,7.144157662187533,0,none
2026-01-01 09:39:00,39.417447126301475,156.47327447212484,0.6180551286802153,5.625818654202692,42.62809314564276,45.765625692824536,7.20460847713988,0,none
2026-01-01 09:40:00,42.05540263989364,147.10082875286605,0.5751270360114212,5.34836082258829,53.83094408002533,47.45693450045898,7.998282570187137,0,none
2026-01-01 09:41:00,40.11717539413896,154.58256624953634,0.5135298523224268,5.4208425566214435,49.38069309005284,45.83697140955225,7.2964915374563235,0,none
2026-01-01 09:42:00,40.74128278134551,150.44289637351895,0.5832770111138609,5.322401701674695,44.994887191142745,46.409643475426016,7.311294473623235,0,none
2026-01-01 09:43:00,41.60839835383668,154.46180594392126,0.5976421283182413,4.728355445140243,47.98545069520994,48.15624789742731,7.655018111007968,0,none
2026-01-01 09:44:00,41.49169097519285,150.82168501522892,0.5355620813464679,5.473553900659301,44.38095609609079,46.646373708317974,7.5303701144374715,0,none
2026-01-01 09:45:00,36.81614888491807,142.2392062346917,0.5203733213050833,4.980025045724032,49.20848566110875,45.27770137983912,7.265802172354707,0,none
2026-01-01 09:46:00,40.0718078743648,144.66131704399632,0.627818218588087,4.866042687881561,44.18983284202161,47.406859118192884,6.768682737549502,0,none
2026-01-01 09:47:00,37.83042143068002,159.41922131558954,0.5840700440656241,4.996920204861676,47.39433624602309,45.86044129529528,6.261591555330459,0,none
2026-01-01 09:48:00,35.29241979285031,159.77976443610157,0.7129055800007057,5.5185730103308,45.76353345988274,49.21244669616267,7.225205732677387,0,none
2026-01-01 09:49:00,39.83303024971214,151.81530173106538,0.5527329377971122,5.3496190450209395,45.29272194815766,45.82136363081343,7.738476303255441,0,none
2026-01-01 09:50:00,35.74040292654915,155.02772495020375,0.5099112877136455,4.4370825347174945,50.89648275590365,47.52406765645914,7.289000447501048,0,none
2026-01-01 09:51:00,38.237219037521236,148.16306739571604,0.5323152736635222,5.653912131048469,45.941281255111754,45.924229140134365,6.68721972961259,0,none
2026-01-01 09:52:00,34.10552111178589,148.85163554556183,0.724113330834497,5.150815207134727,47.25105938310706,43.87808824015947,7.953566651853611,0,none
2026-01-01 09:53:00,37.03562932391559,145.74802435196196,0.5983801028489293,4.921715129997454,46.828693492094885,47.88432426525185,7.67508611972625,0,none
2026-01-01 09:54:00,38.091614801843384,152.28114390298194,0.49375087705357223,5.607172276237723,43.043202532001125,48.963224449361725,7.721724426171352,0,none
2026-01-01 09:55:00,38.96914881834135,162.8419216937981,0.6257945439768303,5.218018307926172,46.21023625624517,46.45310821398451,7.619098592421878,0,none
2026-01-01 09:56:00,37.85825515502076,148.13447774899367,0.49648023655585805,4.641184210605843,48.44272296917514,44.8001691202769,6.978670965774942,0,none
2026-01-01 09:57:00,37.042288562388386,158.8123178200264,0.5296128472030873,4.273181379572332,43.12258193417459,48.82743777321279,8.362797218047618,0,none
2026-01-01 09:58:00,37.04217433019565,157.07113318481316,0.5549082276333057,5.155833359987512,44.14157681724338,48.47213826352522,6.482379759647095,0,none
2026-01-01 09:59:00,41.86160068690562,157.63007007976432,0.6130361707125872,5.888978560980122,45.94307369944117,46.30130710005061,7.955790763962176,0,none
2026-01-01 10:00:00,37.8087049708399,146.28797026896555,0.4759895713786733,4.751002314088911,50.623271165055485,49.318721349014574,6.814218965632305,0,none
2026-01-01 10:01:00,38.506905346176836,148.96542219308432,0.6634885510418762,5.606145712264405,44.33796412887117,45.13018211470953,7.538140644919859,0,none
2026-01-01 10:02:00,42.42363300655579,160.22719469841303,0.5414794014172628,4.773046459309762,48.640476650627974,48.25346181172142,7.102540742393118,0,none
2026-01-01 10:03:00,35.12250095323834,146.01461049142347,0.5077346060056303,4.62983249786265,44.70313070179516,46.82016652659179,7.041806293021871,0,none
2026-01-01 10:04:00,34.422330624533096,154.39757793787194,0.5797760795708564,4.426156905739759,47.08011347507192,47.58550906649617,7.847376898965357,0,none
2026-01-01 10:05:00,36.46795408628795,153.50025712811217,0.6386641635977347,4.707915098498025,50.78548815297329,48.404274514415434,7.582557983951435,0,none
2026-01-01 10:06:00,37.673032836889696,154.81038137973962,0.7362930999121482,4.78610432184245,47.725083624364615,45.15431849276458,7.171057566416719,0,none
2026-01-01 10:07:00,36.121506937435655,159.72294443535003,0.4544847033926267,4.647656113423119,51.23937308992783,47.58793412035205,6.602597961093978,0,none
2026-01-01 10:08:00,38.28218443325173,153.00439116926114,0.5645795413150155,5.11734627880043,46.18163835768258,48.639396203574094,8.72555498939542,0,none
2026-01-01 10:09:00,38.14158618129746,160.87269309445637,0.5235647063516097,4.429606958955038,45.30520748464407,48.218475686147656,7.5255549836016415,0,none
2026-01-01 10:10:00,35.16901592639517,160.228129613488,0.6326222921735815,3.980965038294199,47.756948226202155,44.982406585419874,6.79799401622912,0,none
2026-01-01 10:11:00,38.54496808991561,147.42658678709455,0.6612264381974529,5.270277687739471,43.287968616815746,46.37280380831811,6.903358209955869,0,none
2026-01-01 10:12:00,35.301081507756564,156.39619745787218,0.5624663999846299,5.067947753907426,50.073670045708646,44.8756292981501,8.643880927999225,0,none
2026-01-01 10:13:00,39.5223456315143,154.11088008630756,0.670254055902326,5.269411032246061,48.80932092124018,44.237198208740054,6.512817190742661,0,none
2026-01-01 10:14:00,38.516057153970216,156.47662625327843,0.5779748120045626,4.583527592663293,52.5776666020333,46.51955145509166,7.7696630586141495,0,none
2026-01-01 10:15:00,42.40212496157896,152.55457817085554,0.6917158964508805,4.686918406566294,44.90363805066894,47.06411777451856,7.656007627349922,0,none
2026-01-01 10:16:00,39.621524985605745,156.0575758927062,0.5121927925272781,5.51140921299402,44.94370199834178,47.17805715364026,7.2687544271737625,0,none
2026-01-01 10:17:00,37.509007379800615,163.4635962127274,0.6980924401844378,4.8301866902425505,44.56442240173794,49.41131488502477,7.212148470380666,0,none
2026-01-01 10:18:00,60.99548470130228,120.02575388435035,1.2383347974830534,8.539621043085308,52.61254071636454,46.0135139701898,6.552835248611253,1,congestion
2026-01-01 10:19:00,62.04677201453815,110.96297058764159,1.406144655480111,7.4841507618174195,51.69228241024902,44.113299071794025,8.35826378941463,1,congestion
2026-01-01 10:20:00,61.71930910706749,115.00820754902354,1.6468901842287917,8.037750393798364,51.163856244103584,45.67831842159381,7.419258122036185,1,congestion
2026-01-01 10:21:00,61.73912376747104,115.00078370773667,1.7577185569851108,8.685766221495863,57.588831288240385,43.42111759110056,7.4901599480506755,1,congestion
2026-01-01 10:22:00,68.28996764186084,101.25091667938112,1.6288030894119156,8.94390409193878,58.06134154194241,46.304988029953876,7.370502006390047,1,congestion
2026-01-01 10:23:00,70.57667230483806,104.0286523929189,1.7662939694897173,9.306810564930622,57.99966835118742,46.8981003663899,7.907770980335466,1,congestion
2026-01-01 10:24:00,68.05753103672319,101.610439785679,1.9035025365718934,9.010911239145505,60.33699962816689,45.40014053728475,7.394552330641544,1,congestion
2026-01-01 10:25:00,69.9146026263296,105.31496362111486,1.8946633198060248,9.435424473140934,56.1651645696097,45.797682412317386,7.37662809171496,1,congestion
2026-01-01 10:26:00,70.90778624673787,97.30800307587099,2.112528432632016,9.510694881785465,60.246890106892764,44.87125823873099,7.911917247852726,1,congestion
2026-01-01 10:27:00,75.34510659803513,95.39958034112777,2.006199941446081,9.263235296330944,54.03065203648632,42.84212262450427,7.44366298955857,1,congestion
2026-01-01 10:28:00,77.19028498718336,96.1551741973647,2.2709763483763514,10.481907086489802,56.882699033972,47.091733102671405,7.315953190069963,1,congestion
2026-01-01 10:29:00,74.4717349372884,94.49889913268325,2.3605280987783432,10.03225444789896,58.70251863839387,43.69576406565186,7.892250133099166,1,congestion
2026-01-01 10:30:00,76.98095500674472,86.87958431522175,2.3312792754129976,10.338112795385197,62.052442711518005,43.71406084967117,7.520485391881629,1,congestion
2026-01-01 10:31:00,78.03486024230648,96.5383601190572,2.299230573587046,11.461694767183086,53.13306649299277,43.89207853076077,7.167284548585337,1,congestion
2026-01-01 10:32:00,80.98105116293155,86.343808146142,2.4263472168757922,10.501585032242271,61.916053268012604,43.3807998807257,7.571991201567034,1,congestion
2026-01-01 10:33:00,83.53545816918407,85.6741911283452,2.4440947047816617,11.440654770657083,65.17733259471734,43.104454723305466,6.458310276145645,1,congestion
2026-01-01 10:34:00,85.58440670766082,77.42128837325195,2.5081751376787818,11.439606314177283,59.331664842298046,44.22998280926022,6.587992185373897,1,congestion
2026-01-01 10:35:00,84.33706653791849,74.31659335648428,2.476458451289086,12.070631964218567,56.53319981675784,44.68956765943915,6.045821824679711,1,congestion
2026-01-01 10:36:00,84.36619402058946,67.65772660222568,2.873752123589618,11.235682503876044,62.16167204955822,43.84384658458187,7.327410854722161,1,congestion
2026-01-01 10:37:00,88.85865570168987,59.81394903547415,2.754846244898923,12.2888594433083,63.94358703656766,44.820998394261785,8.819441666303714,1,congestion
2026-01-01 10:38:00,90.41446668141224,74.39574888555039,2.821584727419729,12.550412421819528,69.64739724529791,45.73042099645325,6.698779388583347,1,congestion
2026-01-01 10:39:00,89.97071861546577,65.37887350107495,2.8548913676730625,13.431508411329474,62.70079467957931,45.714391374173054,7.397669714078263,1,congestion
2026-01-01 10:40:00,92.45400066548581,57.83934435777876,2.994738849839991,12.55903597850115,59.89196853053816,45.40583882717623,7.689276703418409,1,congestion
2026-01-01 10:41:00,94.27937467664879,59.09708744663156,3.0740814509268537,13.677208941331482,67.85618011862353,47.21607052310552,8.191141514298815,1,congestion
2026-01-01 10:42:00,96.76921699525556,61.88382996726048,2.9346189506063842,14.31088881237711,69.93113826623917,42.6553115935139,5.642907576124429,1,congestion
2026-01-01 10:43:00,96.59602881694421,56.00696297526943,3.322398552330336,12.834833917153679,63.84078068929678,47.82866152941006,7.466141975892874,1,congestion
2026-01-01 10:44:00,37.5382820314439,165.93099887676243,0.5365859780296088,4.107852213950462,45.416176634274215,44.84559008906847,6.538941452138565,0,none
2026-01-01 10:45:00,36.87138293459216,152.6759949084062,0.5350954819225486,4.923146598651359,44.39723485435147,44.53285589705766,7.4513449767223054,0,none
2026-01-01 10:46:00,34.52974728623176,160.36942341729312,0.4080106814512007,4.838580253281121,45.739592923526615,47.02925424800063,8.104162514971318,0,none
2026-01-01 10:47:00,37.819298209265696,159.36900755536098,0.5095606405693407,5.256858802082641,42.917089496542346,45.26970822810826,7.405154963415166,0,none
2026-01-01 10:48:00,36.55910067398318,167.74008854589422,0.4867672624230427,4.638247596230124,43.230232585731166,46.44650434792881,7.79732708938549,0,none
2026-01-01 10:49:00,38.417055523453506,163.43341368979108,0.6479282755116387,4.922801494558855,42.191203997522784,44.51632310187952,6.96900401338617,0,none
2026-01-01 10:50:00,33.88435134657698,164.40921126532342,0.45753340345427346,4.212881727053034,40.225219492511215,46.21782582662846,6.297005561929642,0,none
2026-01-01 10:51:00,34.8010119703682,167.63902754346813,0.5377048622287993,4.2798608977534816,46.64901065363867,47.81856631078599,6.950022022560924,0,none
2026-01-01 10:52:00,36.80613297240187,164.4551393218814,0.4824795693182955,4.621102788007906,46.48872706750062,45.013433497287785,7.66050726902304,0,none
2026-01-01 10:53:00,32.66925389072521,153.68742987299865,0.47772136048444463,5.555507805430823,42.61690164935881,43.69888338938546,7.269279071716444,0,none
2026-01-01 10:54:00,35.782280099785964,168.61837024957842,0.49196970642155863,4.543104371368569,45.55277000080904,46.275867187159534,6.425141927771769,0,none
2026-01-01 10:55:00,35.10157733908773,164.88222946562607,0.38787836554539235,4.5913831281539865,41.326552936802116,45.3730515618969,6.490587754372877,0,none
2026-01-01 10:56:00,35.11496277494393,161.13904650955826,0.5355475017074806,4.561197759319838,45.11127912565793,43.595264077226176,7.260358489171753,0,none
2026-01-01 10:57:00,35.38819218009952,164.06500816689743,0.5733880053763961,5.15819393160907,45.26287065416485,45.241425342482216,7.252394614040344,0,none
2026-01-01 10:58:00,31.381556796780377,170.35975843203084,0.5567599447752855,4.16096406334953,41.26326880729545,43.26688262033933,6.667009793217005,0,none
2026-01-01 10:59:00,35.87093703645558,166.24681393336328,0.5536836032763721,4.170095136618892,46.21979662022841,45.841552346987925,6.537580817498476,0,none
2026-01-01 11:00:00,35.883524819210294,161.8900323492914,0.48717003550847365,4.242490417166352,45.20769881745508,44.87974225474881,6.904984459232808,0,none
2026-01-01 11:01:00,37.781552965060506,165.39239933561976,0.5535168442640301,3.8650028968714545,45.431716607247665,43.76524333620334,7.043513625469435,0,none
2026-01-01 11:02:00,38.51740125583604,158.5917638699159,0.5016860640092743,4.628322435120049,35.37156260713893,43.162591749519194,6.902804509134546,0,none
2026-01-01 11:03:00,36.2863273632835,165.11158720067604,0.5244293020308546,4.382822145978021,41.47678107348001,45.373562309626514,7.0091137307898475,0,none
2026-01-01 11:04:00,37.37474303003459,162.68523402266288,0.5893387517349384,3.7403577329993656,42.77634726912821,42.82158263054895,6.907949991134409,0,none
2026-01-01 11:05:00,30.68331509044546,164.91822475876015,0.5496992140727534,4.1273724550456485,39.019687802522256,47.48224286911658,7.133370046627153,0,none
2026-01-01 11:06:00,36.51227460800515,153.8956270238834,0.5345945456953111,4.390362896171243,44.27337290130425,43.59603297313317,7.163437784364581,0,none
2026-01-01 11:07:00,37.575382663883765,155.7120724685344,0.3931607245424592,4.534232193979474,44.851543520825985,47.66771010831757,6.2520778274418465,0,none
2026-01-01 11:08:00,37.05220122494121,176.96618702077905,0.30953526106990215,4.2153992706997565,45.08284161913282,45.702703621931654,6.075335655747418,0,none
2026-01-01 11:09:00,35.7331836597612,162.1870627447689,0.4939074445266435,5.147381354999416,43.41782714397138,42.27119232584039,5.524501457648817,0,none
2026-01-01 11:10:00,34.49386223554481,162.89970579427228,0.5153837594937984,4.151837388169932,41.761526473376115,44.233440779657165,5.00894858099815,0,none
2026-01-01 11:11:00,34.42287169104917,166.39607614638936,0.5041138960804945,4.730400397401952,39.93243050891267,44.533538616945194,7.894858733154022,0,none
2026-01-01 11:12:00,35.1453770628088,162.5848301192807,0.5136215668950103,3.6465847234834308,40.79961255308707,45.473732502173576,6.795712135385418,0,none
2026-01-01 11:13:00,35.9033552591544,165.71495126044007,0.42852480507091273,4.974576454662754,38.77765484442675,42.91966201058068,6.6044832351508225,0,none
2026-01-01 11:14:00,36.135379481507904,155.2078571627012,0.2549377995650267,3.9881788210703295,43.77284742274635,47.29444090632836,7.133070193265751,0,none
2026-01-01 11:15:00,34.74953860629151,164.1792641975232,0.5435373935263295,4.825123883504238,37.29210332499263,43.06510541456341,7.164755585005687,0,none
2026-01-01 11:16:00,32.37217794899263,164.25133332435084,0.5394178978822277,4.534803786914476,40.66978849998675,43.99435123517771,7.075195000000521,0,none
2026-01-01 11:17:00,38.477877351631236,155.34357797864715,0.544453667154097,4.179757725353923,44.140863319265954,43.1459060997108,6.573803407645452,0,none
2026-01-01 11:18:00,33.04717909732914,157.06984409244603,0.6140320474874953,4.16335438627544,39.954188603474634,42.22774194557835,5.302631529729233,0,none
2026-01-01 11:19:00,29.36738269332944,169.128065631645,0.6338171557429977,4.665768108585922,40.266427618124226,40.915408259952784,7.366330924932896,0,none
2026-01-01 11:20:00,37.52264920121032,160.54948396906605,0.547770144944337,4.294831923279962,38.843019914890796,46.090735200139264,6.70064500453584,0,none
2026-01-01 11:21:00,36.643082815884775,161.1383704665429,0.6020402165354747,4.378481861160898,45.46690314507881,45.3141563273987,7.368406676014724,0,none
2026-01-01 11:22:00,34.94028644289515,167.1331374444668,0.5433971722175811,4.185518117576666,37.706473029237394,43.21836641772921,7.170371455585955,0,none
2026-01-01 11:23:00,36.455132753026085,163.35896750506052,0.42392879090052127,3.737890869933501,39.535241777419046,43.67029778683005,6.214651505601261,0,none
2026-01-01 11:24:00,35.34509851223419,154.32722344108436,0.46082989623328474,4.692526341359731,40.96690972038087,45.105185505287814,5.86384609999303,0,none
2026-01-01 11:25:00,32.736169085818396,163.4394115258629,0.3952602690322626,4.679737448299437,44.52231052619434,43.105310325139385,5.9482999154939025,0,none
2026-01-01 11:26:00,34.58017699467733,163.9137274268526,0.4379612107863764,4.276733861021626,39.38278150632234,39.880296186360795,7.592213235887305,0,none
2026-01-01 11:27:00,31.821992247140784,163.84613928049336,0.4978680843278537,4.809522187959401,40.60417212122766,45.3397148808978,6.095664945298247,0,none
2026-01-01 11:28:00,32.9399847986214,171.73908295036705,0.47121326512386463,4.438217698672151,39.1072409465387,43.36689588020679,5.892278809833844,0,none
2026-01-01 11:29:00,32.452161315555884,167.9462474295183,0.48920852782263813,4.253275635338417,37.11662537615554,44.26862178833205,6.241007622000927,0,none
2026-01-01 11:30:00,34.443996643512996,162.15629698988135,0.3628799609063646,4.21669176693575,38.43931667127341,42.67582002907771,6.710164394771484,0,none
2026-01-01 11:31:00,36.20414923458437,179.2019481723387,0.39394485778102384,3.7445984852135084,36.50371898326061,47.39843372047971,5.543934297133239,0,none
2026-01-01 11:32:00,32.73245096629064,166.02417430977331,0.48913950461520833,4.109453481064263,37.89583745437699,43.872906204107174,4.865237587592189,0,none
2026-01-01 11:33:00,34.88980322998334,158.82199747021644,0.548050335530446,3.9266383971246865,34.830059396949366,43.96181396368012,6.144018531219701,0,none
2026-01-01 11:34:00,29.650868933005068,163.895628743013,0.6546157427672841,4.653995673494313,40.482030560436705,43.13130268433844,5.467519559656197,0,none
2026-01-01 11:35:00,31.71668309690052,160.37376889935865,0.33674837043095784,3.9439407073884634,37.43305108195049,42.141912613184004,5.1562401102304944,0,none
2026-01-01 11:36:00,34.87728527644641,162.3796817127659,0.3873371275646289,3.821890234115014,40.07800814516787,40.24181597348998,6.300467209063718,0,none
2026-01-01 11:37:00,35.66798809056847,166.66289928692456,0.5169815968350233,3.70438044681713,43.28806621864583,42.5982390792352,6.8807194890634955,0,none
2026-01-01 11:38:00,35.58461068360002,161.9026441803637,0.4555539796179281,3.914281361670237,30.844145451614438,42.37403657027339,5.854862696954456,0,none
2026-01-01 11:39:00,35.78260343674291,172.60682330832608,0.5026534462730282,3.792719180208163,37.52572506567226,44.60358607964072,4.824191453190493,0,none
2026-01-01 11:40:00,30.31194557892054,168.5268129796234,0.5616425651519574,4.40711159714616,37.44903875529233,43.67922401106564,6.4482424773664295,0,none
2026-01-01 11:41:00,32.49383143484145,165.1241413073375,0.39023036197792293,4.918346495094477,36.644698302884706,42.950841452613666,7.174224852299899,0,none
2026-01-01 11:42:00,28.321000660494658,165.5651998242949,0.39460050524930007,3.5767726061130576,35.58469392989159,40.56323016705465,5.76634134936254,0,none
2026-01-01 11:43:00,33.11459265153854,167.29267379664756,0.4469669813124685,3.5306663085170054,41.94563799922019,43.04799919969482,6.056143902785088,0,none
2026-01-01 11:44:00,33.84172494410366,167.64279269047398,0.4904048585870187,4.013850289170387,33.534860061879726,43.42131352667725,5.498754985590146,0,none
2026-01-01 11:45:00,32.63843484736884,164.04183239380995,0.5073031107596412,4.466811624705822,36.49174147152271,43.44943815798291,6.950355249213215,0,none
2026-01-01 11:46:00,31.40925366042506,171.78661361542544,0.5324129615261965,4.198501010503413,44.58620698938633,44.644464602361595,6.924754657262639,0,none
2026-01-01 11:47:00,34.067628312693586,159.4035753333195,0.42670121081597545,3.9154450224228636,38.81393541693923,41.96731852603019,7.08914693527296,0,none
2026-01-01 11:48:00,34.21751795740357,169.336419607928,0.5050253284481919,4.089316670769752,41.25675309161355,43.65411419051613,5.896691465409697,0,none
2026-01-01 11:49:00,33.366917053283764,170.2040835624783,0.4681568476193303,3.5504879940500613,41.52935320015711,39.712872693271215,5.450009000289477,0,none
2026-01-01 11:50:00,31.838580366411065,170.0674778101168,0.5984974811462983,4.0253296394039895,38.13866982130489,43.26159586185896,6.552105679646915,0,none
2026-01-01 11:51:00,48.26761705351773,148.2819772071587,1.1790986945689612,5.778870928465576,40.04981756282763,40.13125681466934,6.309876835916554,1,congestion
2026-01-01 11:52:00,48.76645656242427,138.5953520467077,1.1509418728043865,6.541658295948556,43.500824695771314,44.876975857719515,6.493861213041491,1,congestion
2026-01-01 11:53:00,49.54479317614502,145.51081126425473,1.0937487075571712,6.52446973193301,39.36899556374963,42.76626335759639,6.0120554933214425,1,congestion
2026-01-01 11:54:00,50.668898913229974,131.4745017425429,0.9464919605006125,6.687016503177416,44.78396548491965,42.32499966962817,5.642615306494272,1,congestion
2026-01-01 11:55:00,49.78503645195785,135.70966386242856,1.2794360511551157,6.705412532990968,41.35661979667799,41.44777399247081,5.558864479804479,1,congestion
2026-01-01 11:56:00,47.36257112609702,133.3295487126527,1.0735451363913402,6.589267235846615,47.196448734217874,44.92394209104495,5.328193768054666,1,congestion
2026-01-01 11:57:00,50.119522616472494,142.47991556695638,1.1110996254600936,6.014072149019897,46.081053475723586,41.9554224314933,6.2709117356642965,1,congestion
2026-01-01 11:58:00,51.82416193827123,126.85848084192718,1.259294993823291,5.900289483328055,37.6790546938068,43.99543339477808,5.655100108911165,1,congestion
2026-01-01 11:59:00,50.61692347584443,142.04709017081834,1.3528441764661294,6.862794685150669,47.81940645339027,43.78696968985816,5.838473236831724,1,congestion
2026-01-01 12:00:00,52.34676331111612,136.96172625686887,1.2455249929925438,7.250139269595949,40.71988835735311,43.52980181207794,5.890469075748792,1,congestion
2026-01-01 12:01:00,50.95514308224829,133.1984187167623,1.2457635736996615,7.219654219513176,45.126009952119304,42.723201612738535,6.193284538178079,1,congestion
2026-01-01 12:02:00,55.42516462002092,128.52567319628562,1.2559275093670204,6.9446140264919745,46.23371439833377,39.99174790200247,5.812398670515134,1,congestion
2026-01-01 12:03:00,53.961193606045924,133.16043428902182,1.353171374498173,7.437443689775405,47.972889837529436,41.74203836031627,5.852701500410962,1,congestion
2026-01-01 12:04:00,53.847631683053805,145.58466051154753,1.3670348666099885,7.245299934543333,44.890028968367595,38.92457539726018,5.21061541301897,1,congestion
2026-01-01 12:05:00,55.495986762175306,122.00477735749223,1.4071789019059928,6.926535461711858,47.79719160302987,43.27610832410923,4.976249717772153,1,congestion
2026-01-01 12:06:00,55.92332904128348,129.5404809921094,1.2510390299919854,6.982094310363873,45.19534140525283,40.97050276875299,4.740349840029253,1,congestion
2026-01-01 12:07:00,54.991054859622736,134.13040782727128,1.5032226345890947,6.883969602506072,41.677304793822074,41.05381855399815,5.90454365868627,1,congestion
2026-01-01 12:08:00,57.22710815172999,132.8236146222785,1.3498251882651946,7.6084158801921244,44.92428957338779,41.49381366954697,6.577782798604172,1,congestion
2026-01-01 12:09:00,56.95012574181298,131.8842342911011,1.4122066361811716,7.272024009375468,51.564743991057355,42.69501802988768,4.755593182994256,1,congestion
2026-01-01 12:10:00,56.48248875815409,127.16843543974488,1.4992526109435156,7.3083719882008165,46.74317155209653,42.30213597472241,5.446583361865508,1,congestion
2026-01-01 12:11:00,56.473630763801616,128.49499931280468,1.5600882767930657,6.843649459961741,49.67811686494062,43.958424028376335,4.8738070020556465,1,congestion
2026-01-01 12:12:00,54.66593649384601,122.42735089111416,1.5012391182961915,7.980599136197308,42.43224156139409,37.68761574809551,6.27739844361404,1,congestion
2026-01-01 12:13:00,57.68312070499958,132.243175434634,1.4205599426221407,8.13938334126064,42.15024139786111,42.382941895898156,5.519642669793618,1,congestion
2026-01-01 12:14:00,58.066014833855704,123.19148815051788,1.6198831074468016,7.985583439257439,48.23626752172252,44.66567424209783,5.375627216156097,1,congestion
2026-01-01 12:15:00,56.458601156181764,122.87245238443441,1.5820615348493547,7.705106959030541,47.50506557226695,39.24672952324353,5.990575388349048,1,congestion
2026-01-01 12:16:00,61.26292660748746,128.98668755312417,1.6204221301817792,7.670834579074118,48.81463262400954,40.96826067664898,6.460739679503435,1,congestion
2026-01-01 12:17:00,58.94599647596794,123.10048321588866,1.6013918546385255,7.294942460657165,49.4781020573369,40.32048975864111,6.050895340594989,1,congestion
2026-01-01 12:18:00,57.22456921702447,128.55682127933613,1.67723185574636,7.915692894890813,47.91717547101102,42.266147144825226,6.1428782245007545,1,congestion
2026-01-01 12:19:00,58.94772311742014,120.29630429406794,1.7517406842366152,8.089828823339815,44.94484540842735,42.462409499481275,4.686464958614809,1,congestion
2026-01-01 12:20:00,60.113537871423596,118.44765553284688,1.7095944073258438,8.725891309738532,44.872359904438255,42.067128668982605,5.687658353177816,1,congestion
2026-01-01 12:21:00,60.54155756388229,119.7445798015724,1.7412302313702104,7.98722667129563,46.5335923570335,42.32721191660701,5.643804324024761,1,congestion
2026-01-01 12:22:00,59.46644683377504,118.836850871429,1.674784583253924,7.853596191132098,44.97465248566777,39.18047641605445,5.415930278974168,1,congestion
2026-01-01 12:23:00,61.51191594443284,117.87517681004385,1.7619254988344097,8.543857988844696,43.618411613129936,42.25723450672448,4.437684423014346,1,congestion
2026-01-01 12:24:00,58.94179869869946,121.16708947910634,1.703927493800434,8.140502893640273,45.720814518446076,40.849090846549096,5.310000201026338,1,congestion
2026-01-01 12:25:00,61.411476248130946,120.01379015702842,1.63485029817137,8.742091820479354,49.240928114202774,39.992845161475145,5.022087011987052,1,congestion
2026-01-01 12:26:00,63.55485052073577,117.56865769330723,1.8082601962482185,8.221567021610607,51.06656719150265,41.3448870358227,5.610693979425754,1,congestion
2026-01-01 12:27:00,61.75315884686461,120.47926342446024,1.7853347053570774,7.79177352916329,45.333766410493475,43.34244556870996,5.474583913479946,1,congestion
2026-01-01 12:28:00,64.8078920195598,118.85591330731773,1.7818067316643034,8.877993814410784,47.38540944343099,42.468452894060924,5.821822458160976,1,congestion
2026-01-01 12:29:00,65.53120814585569,120.31255036913556,1.7783887166362222,8.326739503900543,51.44850094130014,40.03198434087078,5.93140811215461,1,congestion
2026-01-01 12:30:00,63.1540912132317,114.18428162048389,1.9163141470210516,8.295837400618076,51.357023615593036,38.79453060977387,5.442541119123782,1,congestion
2026-01-01 12:31:00,59.960531327512946,112.82800678763459,1.8739375719947877,8.883553241034882,45.640581171666426,42.4620711951124,6.882948728774441,1,congestion
2026-01-01 12:32:00,66.93508588068269,113.78833371336356,2.0164249319196497,8.48520544455545,45.870857854406175,44.006833149475526,5.745526912116955,1,congestion
2026-01-01 12:33:00,68.28361513301014,122.28513627852124,1.8224354132185039,8.621541360965807,48.415760351761406,39.73942492780178,5.478626744628373,1,congestion
2026-01-01 12:34:00,62.82204956633408,120.1271294115991,2.071129127180445,9.358659202656556,47.569018378310815,42.64712948963157,5.244154633708626,1,congestion
2026-01-01 12:35:00,66.8385450846791,113.13505108228512,1.9688211258191985,8.758770717240672,50.143652346156735,42.22519872873546,4.404786255107779,1,congestion
2026-01-01 12:36:00,67.48653442652085,107.13052901605354,2.05201556567274,8.688924823948959,48.5271584642395,41.02682349025704,4.984178352134618,1,congestion
2026-01-01 12:37:00,64.01867362856171,113.9717421665387,2.0235114631070488,9.25785222244442,51.34299306448244,39.074830587617505,5.2749276551213375,1,congestion
2026-01-01 12:38:00,66.59319484140367,116.9861052569218,2.0757307838839534,9.098346274625934,45.62907092977515,38.592104707354544,6.1147900048925585,1,congestion
2026-01-01 12:39:00,70.59279932720736,118.26505703362305,2.1780361386945457,9.325310828792755,45.92892748469491,43.663904624359674,6.106073202259815,1,congestion
2026-01-01 12:40:00,68.95584845736647,111.79734190700012,2.168717351135076,9.434936270431667,43.31525458697941,39.8946547193156,5.5319869273057405,1,congestion
2026-01-01 12:41:00,68.96835652818719,101.88702593267168,2.0812908567998814,10.271662458675728,49.15466028991162,41.04688486251934,5.630555474155459,1,congestion
2026-01-01 12:42:00,71.66687650936322,101.72130572043945,2.1870422435550716,9.813127726823426,47.42590974225618,43.255079740943124,5.36318929351979,1,congestion
2026-01-01 12:43:00,68.5918045416319,103.31420630110735,2.137969141055419,9.736706280000153,52.07160468977503,41.91801665175234,4.661024019715726,1,congestion
2026-01-01 12:44:00,66.5853159338915,111.33861546466274,2.0509036468601516,9.514702965775733,48.3538475121407,39.308127950503085,5.192652371424032,1,congestion
2026-01-01 12:45:00,73.30889090564168,102.56685981245923,2.199754270946528,9.67437376519569,49.37533820793261,40.11112554528802,4.6856764208370665,1,congestion
2026-01-01 12:46:00,28.484308263427,178.58132213297463,0.448893640384623,4.491661329932847,30.560119710005186,40.95083470759506,5.603869409872634,0,none
2026-01-01 12:47:00,29.990023434105257,168.52226789871372,0.5409147732548569,3.9249118544624833,34.54498994777779,40.50766492194676,5.6629536208731945,0,none
2026-01-01 12:48:00,32.27436867706305,180.17324660351264,0.5361246032802527,3.2542351404592944,31.426239017951655,42.88856164981838,5.379633404332585,0,none
2026-01-01 12:49:00,30.461106630066887,178.69752181141652,0.33219939248743857,2.9314229821004627,34.708002225149606,40.95844663172986,5.906219309484162,0,none
2026-01-01 12:50:00,30.187302538761763,172.71761590031124,0.30790336820174835,4.071437024894635,28.56043896660951,41.04012132036472,5.9471361868407895,0,none
2026-01-01 12:51:00,28.588612376733597,175.2639828451291,0.25265261725917254,3.8810277001511557,29.65070650378405,39.69705117278252,5.291819574855752,0,none
2026-01-01 12:52:00,30.913566905860325,174.17387778193802,0.3507622571888399,3.274498850915422,37.143733462115854,39.34415488667219,5.94663425949836,0,none
2026-01-01 12:53:00,34.098938706808035,177.79754159900497,0.2700134500699249,3.6470732777052834,40.52231769678566,41.51120618756286,5.155541366344768,0,none
2026-01-01 12:54:00,28.499841068097336,174.74150107582747,0.541311418234814,3.663544129096379,30.42741338887532,39.773151029642406,5.348335464346867,0,none
2026-01-01 12:55:00,27.372234883716235,172.80078287326828,0.3882823500283049,3.901246281779482,32.65352320211421,43.19287857979886,5.184863927619628,0,none
2026-01-01 12:56:00,30.159541267986278,175.71415443417703,0.48277318916408196,2.9084094190821723,33.96479261573685,42.24507708127558,6.043955592736758,0,none
2026-01-01 12:57:00,28.041091575255823,173.7845341855052,0.4551545505203569,3.382620020384204,32.40046359419597,41.61853943023466,4.625163915775715,0,none
2026-01-01 12:58:00,29.70290988081977,179.05967004765768,0.41699273461346836,3.8570569387829945,34.81674988152186,41.772449064466606,5.99012313184921,0,none
2026-01-01 12:59:00,29.447258630454918,175.45012287313241,0.4598374361152903,3.231263255498802,29.631146611610298,39.826716531167136,5.904635404071084,0,none
2026-01-01 13:00:00,30.340886810655167,173.49056242612377,0.5349047506776424,3.0701745457200427,34.72316869494472,41.12897360893695,4.889802110049875,0,none
2026-01-01 13:01:00,29.69688577985084,173.6546570742743,0.5013275593348961,3.1198483946992646,37.15550580440709,41.5980990532536,6.483486888212447,0,none
2026-01-01 13:02:00,29.87644544858108,175.23178971824595,0.5363197471301655,3.510753492131388,34.03047116309677,39.790729867854104,3.9111293901725386,0,none
2026-01-01 13:03:00,31.74179637440067,177.4360648068707,0.35120260556020144,4.098164444920803,31.17480116660155,36.69538083882021,6.698074297847583,0,none
2026-01-01 13:04:00,27.20947586954122,177.20732275396668,0.37341122812496613,3.3599352103889246,36.2618420065331,39.77823907235418,5.693336433023624,0,none
2026-01-01 13:05:00,29.193035169859666,172.79427026583951,0.39322876433021375,3.3340787931456233,28.84844576757911,40.78170886098403,5.670419191440446,0,none
2026-01-01 13:06:00,29.68928182412862,175.87212323217835,0.4723895924701265,3.7175344664846537,33.86851510589425,41.537549420497285,5.105029910772626,0,none
2026-01-01 13:07:00,26.560271969080627,177.8996995062409,0.3150145384367505,3.2842868451362195,30.784062496025147,42.67378193873778,5.080427939788238,0,none
2026-01-01 13:08:00,27.050929098434892,182.1711966290846,0.41641848487274663,3.0603141533779272,30.559451068487064,36.946632188552925,4.087253555069255,0,none
2026-01-01 13:09:00,28.225600217329415,184.80199549712913,0.3894172590446794,3.3854589290791264,31.046522917216777,43.31567160494201,4.369231452454965,0,none
2026-01-01 13:10:00,27.768103750113575,179.45215358463616,0.3588689948704093,3.5795729157715317,33.7887987724982,42.47311284391118,3.9767933559645936,0,none
2026-01-01 13:11:00,31.02569966608462,185.2743137051636,0.39402618460003663,3.422584407975803,31.71087114690631,40.11986440586722,4.674682566910711,0,none
2026-01-01 13:12:00,29.000991910705277,187.20940150608493,0.34638274390812895,3.0178009341321013,35.22565636273232,41.348838887438305,4.806116768154795,0,none
2026-01-01 13:13:00,34.5482617687422,181.89742061292208,0.37591745349837374,2.9540173344270793,34.933826455394914,40.22415404097596,4.835764653315854,0,none
2026-01-01 13:14:00,27.884114305476476,188.96556133695174,0.35401301756983783,3.6823448979143425,34.14874872493096,39.750282005445875,4.59658992413081,0,none
2026-01-01 13:15:00,27.960230219161023,172.0710451086623,0.2941937718337187,3.9651100941087587,32.86874753383338,40.86054248435841,5.698461753694592,0,none
2026-01-01 13:16:00,33.04410633812703,180.996208156226,0.4982915017865621,3.1978951612088427,29.47469256197324,42.63439597858212,5.404541295013561,0,none
2026-01-01 13:17:00,27.362373592062486,178.55997311288587,0.266725461063272,2.7687936069416894,31.617610137056563,38.41264776346707,5.921592244088995,0,none
2026-01-01 13:18:00,44.53207632433027,171.92359054307147,0.4174055511510419,4.122695615470697,66.8912897484235,39.477340931831655,5.686074850009838,1,cpu
2026-01-01 13:19:00,35.66289602277331,167.91923192791,0.37404720282497983,4.435615868188212,65.87935891925754,41.24488304145732,5.569114191141221,1,cpu
2026-01-01 13:20:00,42.3175497316216,166.09020964326226,0.464045412287409,4.743941687587738,69.52382008345279,41.37543925524263,5.1198357935509815,1,cpu
2026-01-01 13:21:00,48.196720599255826,170.1290605286265,0.4216182000580468,4.500466008000091,75.48626742232973,40.46033646809022,4.597943590081285,1,cpu
2026-01-01 13:22:00,50.33349332927065,163.33892103187858,0.37282182241299755,4.448503179051942,78.542018674046,37.25123789518017,5.118865636087115,1,cpu
2026-01-01 13:23:00,49.81418356351219,165.35574669753,0.4827625108010679,5.04159205695688,79.59034526089036,42.846544473335065,4.938654114760354,1,cpu
2026-01-01 13:24:00,49.351816052998736,159.46179359971615,0.3566146221781736,5.034139215725395,78.07577809849427,38.54869556805442,4.9649399805479915,1,cpu
2026-01-01 13:25:00,52.12406963808934,173.63627241945653,0.32649840557084936,4.897506148576555,85.04683316811774,40.98531028338894,3.903163774556134,1,cpu
2026-01-01 13:26:00,55.713829108458526,161.48076185181154,0.3893110324210707,5.794068434575481,94.14372917456184,41.21791553783795,4.443669262597413,1,cpu
2026-01-01 13:27:00,56.54060100466977,153.89725383863166,0.3782939613709496,4.98488557523391,90.54144469168892,39.18598206869082,4.9151145039583435,1,cpu
2026-01-01 13:28:00,59.56520776510864,148.86900319571322,0.32308717418097754,5.272823436567727,98.74208427790563,38.6839021984599,4.449531506419112,1,cpu
2026-01-01 13:29:00,57.970062645923846,142.88397317978044,0.4657447971922437,5.623139877680976,97.08574395546736,40.04193456121387,4.69165882166745,1,cpu
2026-01-01 13:30:00,62.83496554256451,148.89255051280588,0.5649009176754931,6.165375659369884,96.68647057471878,41.801822555282605,4.0493730538131825,1,cpu
2026-01-01 13:31:00,65.48902587314322,155.91384867225622,0.41504641897143796,5.586093717509533,100.0,36.34106313975234,3.9624651338386165,1,cpu
2026-01-01 13:32:00,33.92633557637944,178.1614768656387,0.26820108202626813,3.5458242516650467,31.180313973895977,40.15975369161004,4.758644027949016,0,none
2026-01-01 13:33:00,29.147745695469272,178.75247274113394,0.2648982282015397,2.6046722106785625,30.886855633663565,42.11626197888227,3.3817730682108955,0,none
2026-01-01 13:34:00,29.061459896918386,186.5273540548873,0.32022037184511637,2.691563156258732,29.879170725196694,40.27448669755126,5.016292170164831,0,none
2026-01-01 13:35:00,25.91447398749314,180.15380881990762,0.35488919976431343,3.0782725925468295,24.34432249079331,40.101374869709495,3.9711262649935666,0,none
2026-01-01 13:36:00,24.870053920942702,182.61081804535283,0.278072243186357,3.287677816287689,32.920425035058614,39.18273016211987,5.528098435698113,0,none
2026-01-01 13:37:00,22.92221886280544,180.731113458897,0.39793439142500486,2.86920115558231,30.046838111595715,40.85134470636518,4.783868672530563,0,none
2026-01-01 13:38:00,28.37991628585463,184.99292322048322,0.29893448052038996,2.943047526820747,30.08923479868342,38.075621559617204,5.330759433902837,0,none
2026-01-01 13:39:00,31.45768530387344,182.17967995345515,0.38314893246704973,3.690415034919732,27.409262040872967,38.826623404719086,4.9046666093986655,0,none
2026-01-01 13:40:00,27.158193624152094,178.43468246553377,0.3426273231210307,3.2413062070460925,29.06759917287691,38.85096963763021,5.482584200877187,0,none
2026-01-01 13:41:00,22.330036462630645,179.72708527239737,0.437828553484714,3.056507091900047,30.593408521981107,38.503573221227995,5.361996790557855,0,none
2026-01-01 13:42:00,27.642737900773582,187.82470808206756,0.2794138858981593,2.4655083843201244,26.873377553686616,40.679565214554515,5.588157154151486,0,none
2026-01-01 13:43:00,26.79401527306737,186.1027762154708,0.49992902328664846,2.986814063942448,25.84766950181374,38.2205993666066,4.526015015072552,0,none
2026-01-01 13:44:00,26.411368976087196,185.95695489336882,0.3048548272371125,2.502276394004918,27.308019287678334,41.76380240809573,4.223115318118565,0,none
2026-01-01 13:45:00,30.63373082107956,191.41937211224644,0.3675351415690039,3.1462842187610045,28.607048061363688,39.27227446088871,4.485330467526016,0,none
2026-01-01 13:46:00,29.545661897266278,180.24322457806352,0.32434038651127217,3.141072537503798,25.51706016155126,39.08651861560901,4.797250225212294,0,none
2026-01-01 13:47:00,30.01258624141313,187.58514662345192,0.3215544941597002,3.071936207761145,28.067582000860323,40.1753046241112,4.5611959241421225,0,none
2026-01-01 13:48:00,25.38975074754807,174.42695281725423,0.27053366316274136,3.6649231788861325,28.988500802566165,38.79132740967495,4.534085532342139,0,none
2026-01-01 13:49:00,27.654081302420174,184.9300998160762,0.3193542177747686,3.227751259617125,29.06188627741316,37.78850998654755,4.705473275810041,0,none
2026-01-01 13:50:00,24.68148331305344,181.12577548232002,0.3958475526368306,3.295722046446582,34.71391690973707,41.00265835934578,4.083695921498995,0,none
2026-01-01 13:51:00,29.125153066224726,183.54514122836616,0.28172740711012334,2.326039154463861,28.124105784988394,36.85495536320547,4.851291690043777,0,none
2026-01-01 13:52:00,24.546493924235644,181.26480988057807,0.360041673784197,3.0781971487067774,30.025853307573875,39.47518088780205,4.42101850256537,0,none
2026-01-01 13:53:00,29.263374880018986,193.16675820088201,0.3782495091857004,2.714768188130401,26.039810328203735,39.65970719435584,4.098055157005854,0,none
2026-01-01 13:54:00,27.194725911353615,184.41926287590684,0.32703510440168476,2.343057362488955,25.277619802200324,38.233954222977836,5.508016579611716,0,none
2026-01-01 13:55:00,27.10648494737698,189.77745054589002,0.17146172919615008,2.9339704685520016,28.154343429047934,41.18225494695605,5.2705664951338616,0,none
2026-01-01 13:56:00,23.714700649925145,181.93557061283295,0.24202286673889054,3.582255038904947,32.55652669997647,36.738458528212945,4.242419048113739,0,none
2026-01-01 13:57:00,27.967501161798744,185.76720531534014,0.4118934511726879,3.0323858908665597,28.132019205951636,38.28358352687178,5.121167325200518,0,none
2026-01-01 13:58:00,22.849524168172994,183.43733655115852,0.3739643242713902,2.558164612607064,33.943432631820876,41.42525541757287,3.681157060409169,0,none
2026-01-01 13:59:00,23.955571525221984,181.10885781072483,0.3493431036394906,2.831793075604608,23.80989867089996,39.48803038624794,3.5467369059420806,0,none
2026-01-01 14:00:00,24.52601778452725,184.028241979756,0.3881722154551356,2.106925861600863,23.624716088242856,40.387393159622626,4.334979098366507,0,none
2026-01-01 14:01:00,30.49686660907774,188.15158150556744,0.27983030183644625,2.58969272310609,33.5481202251126,37.794807722457804,4.927926835760363,0,none
2026-01-01 14:02:00,26.52120970289778,193.03528316287145,0.42783829737126156,3.435159475778038,30.33498474587664,40.45937589713408,5.3805805858504785,0,none
2026-01-01 14:03:00,24.89122384743564,185.97353792881123,0.39571538690468544,3.2566495825398447,32.95515110989074,38.808285560195465,3.911868783442053,0,none
2026-01-01 14:04:00,27.259742908143473,179.35068381432848,0.28803584850494734,2.4104492659271637,26.69939059141656,35.70072329446124,3.173404383263459,0,none
2026-01-01 14:05:00,30.922650573336625,191.50624159547348,0.343187242314102,2.686784406136366,27.014100249526564,35.78802655696442,3.87911276591675,0,none
2026-01-01 14:06:00,36.63754056486276,178.22502230123567,0.30014207602349613,4.6308098918062335,63.48694213384496,38.34905985692763,4.620311494648057,1,cpu
2026-01-01 14:07:00,35.24803522423009,183.4378568711236,0.3137144451509122,4.7817067955384225,64.4269860599009,39.805177675516546,4.554698651980538,1,cpu
2026-01-01 14:08:00,35.548927962149776,174.30721928429838,0.41724364623378973,4.248444970513382,61.15219697686507,38.137326237672795,5.6126649857125,1,cpu
2026-01-01 14:09:00,38.08164508179689,179.78911847640003,0.3081858862543777,4.2256060319548165,60.81371984462869,38.91886656405838,3.989351124221893,1,cpu
2026-01-01 14:10:00,41.967855023166024,180.99505422105145,0.21521706306286914,4.31001947510912,60.68891559262396,42.159396545006985,5.28286535436204,1,cpu
2026-01-01 14:11:00,38.737961704215095,178.93221205855895,0.4508706656896799,4.5112922661407735,63.94125288098846,37.32053542617662,5.10677772393187,1,cpu
2026-01-01 14:12:00,38.95438044875225,183.1844217160368,0.36059470166973473,3.3871810565858347,70.29221879195029,37.38860503004964,4.150718076169395,1,cpu
2026-01-01 14:13:00,37.86166906986768,173.68618797286933,0.49470645431474736,4.525679476922506,66.97072474265528,37.83263760051339,5.3535254982535925,1,cpu
2026-01-01 14:14:00,37.9752351580246,183.96767812520852,0.31331631115491276,3.39649354065544,62.26728132026648,38.94847928745521,3.7849107645978903,1,cpu
2026-01-01 14:15:00,42.76782251820456,170.68344835210382,0.25368135961419325,3.979279985271212,68.28785989655785,38.35724169337168,4.961411619916682,1,cpu
2026-01-01 14:16:00,41.785984712922016,184.9263508498709,0.29420543030092927,3.882684722574751,65.56655083955397,38.237837153658226,3.962442588765951,1,cpu
2026-01-01 14:17:00,42.33663486437044,182.34698695666725,0.4395214480516139,4.10289144595172,65.83761972784255,36.19213092266682,4.852153606127896,1,cpu
2026-01-01 14:18:00,39.163030442715964,179.28170302103757,0.4504969868481349,3.9258907943728056,66.40977413592618,38.16442114748124,4.9273036431057475,1,cpu
2026-01-01 14:19:00,43.45915083971508,168.28671645974427,0.4182687401874715,3.726650556980383,68.01409857256326,37.41170986571293,4.246250414944757,1,cpu
2026-01-01 14:20:00,43.399328293457366,178.50394580769083,0.3909596980606194,4.2309408718983725,67.38750207260848,41.83680615335685,4.780538586550363,1,cpu
2026-01-01 14:21:00,46.20847111420497,172.2875815530398,0.3711588059603237,4.238801869429773,72.12214236525074,38.17107713986526,4.565999190855695,1,cpu
2026-01-01 14:22:00,45.709399071780624,172.0365173022398,0.41003924569477923,4.235280305244734,75.27039824295744,37.057241066078504,4.071597177341394,1,cpu
2026-01-01 14:23:00,43.52104821902323,174.74459408285273,0.2692086087978103,4.418029147199605,62.45796204429167,36.486548599639484,4.063902324059021,1,cpu
2026-01-01 14:24:00,45.07531642704794,182.58696155391036,0.3407933989870219,4.260658759849606,71.15624942068314,38.16264180130168,5.008171739355834,1,cpu
2026-01-01 14:25:00,45.46745621213568,172.19281146681672,0.3077772298956346,3.989221355147232,68.48869456568158,38.83331791666116,4.2857788355306745,1,cpu
2026-01-01 14:26:00,45.044554176773005,165.27714965880614,0.39660039801177893,3.873152607439835,71.80563085431932,39.51261280611929,4.602836889634378,1,cpu
2026-01-01 14:27:00,43.90542812333038,167.44169112445357,0.4465426582551264,4.763150821588224,74.18797563949711,37.170394982848144,4.425709365829244,1,cpu
2026-01-01 14:28:00,47.876665120277956,174.88348017535196,0.28848152095032326,5.151281850126984,73.57219913143432,40.53230946657389,3.1030827535146077,1,cpu
2026-01-01 14:29:00,51.0189133229139,168.60487945629097,0.06524838284103684,5.208402014877516,75.79650613059584,38.10177836582665,3.8946980850270183,1,cpu
2026-01-01 14:30:00,46.716235424128115,169.83421724309912,0.2690436411488148,3.9167451698146447,75.51793608045591,38.531724367984246,4.335984194976557,1,cpu
2026-01-01 14:31:00,50.61888904309894,180.13555118212338,0.2100443281597772,4.390621997222536,77.62073563489906,38.98510476219955,5.007930822665903,1,cpu
2026-01-01 14:32:00,47.09097783497167,170.11489240105448,0.256739647301079,4.5920492549842695,80.46098056857122,33.16855640425483,4.227505683265897,1,cpu
2026-01-01 14:33:00,47.47218234632877,169.2334355806898,0.3845876188142611,4.1205245522316005,77.33109926636764,38.93870963837788,4.200289740738764,1,cpu
2026-01-01 14:34:00,48.52144459273686,163.66339735803956,0.24172528735486637,5.26608457528574,79.13544700783942,39.8006456027885,3.910105364831761,1,cpu
2026-01-01 14:35:00,48.396259983047145,162.87034708728052,0.14440471016112075,4.633446845422562,80.6991184256967,36.04346854627933,4.162456597187126,1,cpu
2026-01-01 14:36:00,51.36317947789699,164.09071427933716,0.3666507194494741,4.755649965249296,81.57055119606932,37.50076644184432,3.614180269136397,1,cpu
2026-01-01 14:37:00,52.161171483775455,169.97279765178786,0.3486999120088698,5.161257965484271,77.59090599978374,35.963230930509994,3.582928815114833,1,cpu
2026-01-01 14:38:00,45.10196026290501,176.9227827599067,0.45960455931696964,4.6630093519419,80.79466274092732,36.11134235293279,3.3413981090537286,1,cpu
2026-01-01 14:39:00,52.30513250072798,164.67357415605483,0.3165233136970454,4.929807598509525,77.45404539771243,36.58393988730554,4.036752831689087,1,cpu
2026-01-01 14:40:00,51.88216369971609,168.56174652689424,0.24937985792978262,4.822549612784831,77.58680574129589,37.69114288454256,3.9123250989794065,1,cpu
2026-01-01 14:41:00,55.013740648575286,170.35163870351263,0.40584093143962824,4.626354031769482,87.37599772409888,38.341901837304896,4.521048082503181,1,cpu
2026-01-01 14:42:00,50.13443959272031,160.31857496944195,0.23922761243454269,4.774999946960314,88.40487605355922,36.525682163208685,4.584258588074151,1,cpu
2026-01-01 14:43:00,52.61094841683992,165.20253818415011,0.27393272912881655,4.019216376677422,88.88347076556153,37.66911082854303,3.5343237356388295,1,cpu
2026-01-01 14:44:00,55.21314851680313,161.5755297780834,0.3010612439466756,4.844854318632794,81.09512845587992,36.95271440436981,4.897982205686848,1,cpu
2026-01-01 14:45:00,54.98750273754764,166.64118965980572,0.1941880972362151,5.097595132653232,84.43511072327291,36.15669558323678,4.532399721821453,1,cpu
2026-01-01 14:46:00,56.68670190391925,161.6324366257561,0.5352024665205131,5.2127986239350665,86.89148669509429,38.286101187513694,4.300923253568172,1,cpu
2026-01-01 14:47:00,52.46378627808671,161.63846358453222,0.15335281429014475,4.930108900723333,88.11442565261609,40.180516386993496,5.086173679095696,1,cpu
2026-01-01 14:48:00,53.102482483857074,154.80848140221548,0.16118940324712816,5.198905397865769,87.47090641333482,39.216064680127516,4.45387818958466,1,cpu
2026-01-01 14:49:00,56.05800992139133,164.1219682550221,0.36498042708551126,5.121955664262214,92.48518017163252,37.56155378644743,3.4727356231763973,1,cpu
2026-01-01 14:50:00,52.54144441530674,165.0492027826908,0.3727032069132622,5.064982041524811,90.85866152397723,35.511882927993334,3.065826332141396,1,cpu
2026-01-01 14:51:00,56.61066449575273,167.22784881875486,0.3373848913747133,4.488896279916423,95.49015642348397,38.891378079626634,4.741849634248308,1,cpu
2026-01-01 14:52:00,58.01163536396341,162.66013911812226,0.3004531455692033,4.72736275873204,93.27087308966449,35.25454061675431,3.931124770142094,1,cpu
2026-01-01 14:53:00,57.24723240126455,171.1672183403294,0.43452394055550264,5.576553745300659,90.62610655686294,39.392900254573746,4.03272012992108,1,cpu
2026-01-01 14:54:00,21.29334843141057,182.78062766551335,0.21862174348676117,2.7167046280711316,22.993059488192127,36.409700086198484,3.8096104553823853,0,none
2026-01-01 14:55:00,22.80172992337552,187.4271885127049,0.383577968752293,2.5241433801178146,29.140389366302443,40.243913357611916,3.4766943411812035,0,none
2026-01-01 14:56:00,23.27996388225114,183.40348456010184,0.39222812359174386,3.10001891392484,24.165499720864,37.40874107779781,3.0337807164072137,0,none
2026-01-01 14:57:00,24.712714957987203,193.7843806048922,0.3204929875658397,2.4084306810606266,20.25552350563653,34.95088164955632,4.224686986389182,0,none
2026-01-01 14:58:00,24.32663423178463,198.00627652659614,0.2409335721175303,3.2347137311352085,25.660513729809672,34.98748853400319,3.9401836464887086,0,none
2026-01-01 14:59:00,22.91896052866328,192.11213041056237,0.3118196325672943,2.771965983102956,30.88551509784021,39.336874809028394,3.1897006284751726,0,none
2026-01-01 15:00:00,20.36914230137068,196.91826761498615,0.1977710907266762,2.8645803294633114,18.702957626801258,35.22454159600735,3.2387298432623046,0,none
2026-01-01 15:01:00,20.035363573043554,196.34360787524244,0.31935494588505225,2.3816535320073595,23.892347593540446,34.65792086181246,3.76972555735729,0,none
2026-01-01 15:02:00,21.625692105939976,185.26063031985444,0.29204818135936145,2.1150161199167448,28.31698150649216,37.38140558084866,2.9527182578363758,0,none
2026-01-01 15:03:00,21.525009321438155,188.17292226002317,0.2329945791089274,2.7285367360058452,24.891380470606773,36.806164520232834,3.9187719338416698,0,none
2026-01-01 15:04:00,22.286083089905016,189.7332190138018,0.2673723570681021,2.199716412955725,24.15574879734326,35.38604520605902,3.413911106160404,0,none
2026-01-01 15:05:00,21.350858701911662,188.5620475636862,0.2303323908830748,2.8116067100251527,23.19043313641746,37.89794246815866,4.918272789005124,0,none
2026-01-01 15:06:00,23.160173741893427,184.06884707391626,0.41308201995199745,1.5623263015595032,19.824583914313465,38.019176422779786,2.8948890879896823,0,none
2026-01-01 15:07:00,22.200295305303648,185.11287718710108,0.35911966897980735,2.218653525449503,24.27903282341926,37.79238642568464,3.7113574495500075,0,none
2026-01-01 15:08:00,23.771046446916543,202.2991567111837,0.11729424601839356,2.9279440355166075,27.459101054242247,36.03415888249078,3.363201725686757,0,none
2026-01-01 15:09:00,23.327765120357977,200.2562957527856,0.23777665166903122,2.3270026661756025,24.193277998471423,36.421486967124665,3.820781385437396,0,none
2026-01-01 15:10:00,24.48442420655368,191.41402101502177,0.3483889412278027,2.252491089216399,25.024828218335095,36.455214802663946,2.7970558958350464,0,none
2026-01-01 15:11:00,21.32574012656115,192.48305874123378,0.2728502532403095,1.8825157963444272,28.38462845887836,38.64542922406438,3.3389722970849283,0,none
2026-01-01 15:12:00,21.43755046650118,179.21950694023306,0.3271030462799777,2.4161282045753794,21.325285833873885,37.843360330036184,3.0180219152379237,0,none
2026-01-01 15:13:00,20.95158530563389,184.30012532393235,0.2512093693295241,3.0364052475894416,24.889946226202067,37.75437286526879,3.699048763894364,0,none
2026-01-01 15:14:00,23.325807221931175,184.75596261509213,0.22139140954797204,2.28967671842475,21.760995993115493,38.11314521098219,2.8953513857478694,0,none
2026-01-01 15:15:00,24.569973238806938,189.8351191204074,0.3363127168328865,3.3700961200027857,25.98804576791629,38.250044442119965,3.1263043340490606,0,none
2026-01-01 15:16:00,25.384560202179973,193.19782058353837,0.15141910237640954,1.9962011494272018,23.62170942557172,38.369815517687144,3.9042676713391766,0,none
2026-01-01 15:17:00,23.372154767397106,198.55513751058675,0.15985389923373955,2.516506888632235,22.224690098034465,34.88770932448842,3.479116090081966,0,none
2026-01-01 15:18:00,22.72382042924834,187.65634137720335,0.5020711098340643,2.711408219756142,21.709574829209465,38.51757610223926,3.679598463022029,0,none
2026-01-01 15:19:00,24.449133045365343,191.01712570323437,0.24320625681118074,2.857278022965918,21.322983938702915,36.45217993781424,2.150621794414139,0,none
2026-01-01 15:20:00,22.832091530848004,185.0606577150522,0.36378324463194506,1.8308976725799129,24.1205222239079,38.37209286077443,2.711928805953991,0,none
2026-01-01 15:21:00,20.89231249613427,190.7145913191733,0.2712950701753696,2.6674701148776383,21.93021926181907,36.93641184322263,4.0992968808522425,0,none
2026-01-01 15:22:00,24.349023078679352,184.46792632679333,0.3441207605563076,1.8564192557918289,22.41548397375273,36.33987742122279,3.985929589255827,0,none
2026-01-01 15:23:00,21.98398210050861,197.79206837841184,0.2597175952649847,2.4058709938415803,27.76340442499047,34.75985820811,3.4227849224902553,0,none
2026-01-01 15:24:00,19.82892850588229,194.56064758566654,0.22690215303691957,2.4123129269703973,21.35073051987122,40.51524364784442,4.272767482569866,0,none
2026-01-01 15:25:00,22.383145312573347,191.998042650992,0.3120092761181121,2.543286169025531,25.941983206199552,37.49310693454626,2.951045348920895,0,none
2026-01-01 15:26:00,21.06285609340981,189.9882893815421,0.2340735091463768,2.225360692295308,21.684116111197497,35.67513247443611,2.1165541228121807,0,none
2026-01-01 15:27:00,22.60666694916101,193.9082048227411,0.27932616945826805,2.770496392046544,18.09712269958375,33.94959094893923,3.8141298029445725,0,none
2026-01-01 15:28:00,21.2107845112474,192.67654287630097,0.19969569628123104,2.824748721449647,22.530738433000725,34.3569381011223,3.549831363989268,0,none
2026-01-01 15:29:00,21.96714027838558,188.10475611621015,0.3274730335381939,1.897159395129174,20.820638618378148,36.17461645685438,3.951913601459316,0,none
2026-01-01 15:30:00,21.36761869386194,189.45345832504128,0.12610541698946118,2.557348560149805,26.548363330792995,36.5827416547439,3.113299490346697,0,none
2026-01-01 15:31:00,22.30526591232275,196.65140010783642,0.1930408366790738,2.5084365290604786,19.505973751206028,34.63816481378162,3.1258787277883875,0,none
2026-01-01 15:32:00,23.667062999783553,190.60395101132244,0.16729827172761774,3.1290623529088295,27.513966581718872,37.455603634006636,3.762892600012737,0,none
2026-01-01 15:33:00,22.971246350023463,185.4146337184185,0.2394423464336751,2.789159197289028,23.47357288354042,38.164156043664846,2.6544815336087826,0,none
2026-01-01 15:34:00,22.449955030813165,196.28975287315473,0.33383393128287536,2.3446431155958014,20.242703490099064,34.50101508517826,3.5202200476189853,0,none
2026-01-01 15:35:00,24.464315898880216,202.4771680564226,0.3109951032086231,2.021315737230242,27.09228652533794,35.161839011386725,3.0570570660987513,0,none
2026-01-01 15:36:00,19.663655729771406,195.4674366275136,0.229833433499594,3.087147235650061,24.418569576323925,35.174874368427375,3.9408810518317976,0,none
2026-01-01 15:37:00,22.688379784890483,188.88284885512866,0.3027914651692899,2.528456129673822,24.95850667874762,37.60583809183582,3.4969904983139184,0,none
2026-01-01 15:38:00,24.66305909101218,191.38918073331422,0.21261003925139632,2.7202908360932447,20.840116441290817,36.09044216669796,3.5786625002982695,0,none
2026-01-01 15:39:00,23.41094096101664,197.2800673074211,0.17311139914500762,2.729348163007397,22.112413191799156,36.614730783667696,3.924297008214034,0,none
2026-01-01 15:40:00,24.509993433784096,197.65141754632054,0.17743351497150697,2.9925035735135537,18.679362646941467,33.556021565585674,3.5332336665600077,0,none
2026-01-01 15:41:00,20.376884357561465,195.8802612731653,0.12845266484728735,1.8766846329395326,21.01531435919189,40.39270414929547,3.9621478939143264,0,none
2026-01-01 15:42:00,24.490366569988375,195.34832282004055,0.18484376920049175,2.8017502921977937,18.425518896053713,38.541015328393655,3.3848346913329,0,none
2026-01-01 15:43:00,20.765378862941567,197.44133032098517,0.32105992562135555,1.9642476546502985,25.358434940774703,33.95209536891229,3.4301738529021213,0,none
2026-01-01 15:44:00,24.39737302127672,196.80966729810493,0.1120774499695136,2.454997163562911,27.024736656690756,34.78437472065519,2.884877278775938,0,none
2026-01-01 15:45:00,22.615156675941034,189.9915729251991,0.29076070198764803,2.2658761297680523,19.925924740087844,37.127061841220105,2.928307316467812,0,none
2026-01-01 15:46:00,45.291235715656725,147.88099266493288,1.1306744683003083,4.403780821395385,27.316978960037776,33.726370288094444,4.204963702103582,1,congestion
2026-01-01 15:47:00,42.656139535357,157.9627338048697,1.2017968912650696,5.379443315099275,29.414277654341845,34.24833606095865,4.466501137854301,1,congestion
2026-01-01 15:48:00,44.433617327974716,158.75777448234936,1.131580055673475,5.692254693274926,29.279359297211194,36.932176102693816,3.231299377223288,1,congestion
2026-01-01 15:49:00,41.83262003629771,162.37492800043725,1.106551721896746,5.629259308765944,32.50139230211367,34.15210564894328,4.411832821620322,1,congestion
2026-01-01 15:50:00,46.88650045790521,150.82395944510102,1.2239446894707615,6.484095867228814,29.391644214859312,34.72090303694122,4.0534928309914635,1,congestion
2026-01-01 15:51:00,48.302365765584106,150.56473224004117,1.1871867902503905,6.014286890188664,28.61174974809427,38.26044099936468,3.5032388377848016,1,congestion
2026-01-01 15:52:00,48.220421055037036,145.3537144909291,1.357977416429922,5.913741955774144,29.364261466840357,35.081333497167904,3.2351854478568463,1,congestion
2026-01-01 15:53:00,50.39753146523141,145.85195291980628,1.3488228917912288,6.1911915029987235,33.084706049906245,37.58730945058028,4.0273683517026715,1,congestion
2026-01-01 15:54:00,50.01656164057047,154.5766559709571,1.3549258240332378,5.90765744463032,31.100353119698042,36.66880307337022,3.6304549680565468,1,congestion
2026-01-01 15:55:00,49.72325451288272,161.4635418768524,1.3849634260943013,5.908644946513663,32.8152201854628,38.41118454852233,3.137250942642652,1,congestion
2026-01-01 15:56:00,51.226472472883245,148.30908612123554,1.3614117410518847,6.1819210994497285,36.79243688189933,36.869023944346125,2.978080013760698,1,congestion
2026-01-01 15:57:00,49.68238663064319,149.26954744155458,1.595042640357065,5.97030089176102,31.963189499028744,35.711931223203905,3.2757732161781026,1,congestion
2026-01-01 15:58:00,53.27412603539172,150.74191383284693,1.3806774420217638,5.916986832573796,33.18530533494794,35.70264753105991,4.542792361215305,1,congestion
2026-01-01 15:59:00,52.62806206139833,140.53014098606548,1.4611906508094603,6.461498028622929,36.03331029553619,33.059159375512365,2.6476898924865884,1,congestion
2026-01-01 16:00:00,53.398740713932696,144.81443831690157,1.4699961592503523,6.2883477943482795,27.75251457085092,36.18101202058956,3.6718617960572004,1,congestion
2026-01-01 16:01:00,53.10885872969931,148.80590864273674,1.5322791326033838,6.136769443980118,32.52260832616355,36.570048000237705,3.715168879160095,1,congestion
2026-01-01 16:02:00,52.87803652616746,133.49779427702495,1.6718809104775052,6.980037511742384,34.54284897968952,38.32603100179208,3.675990473184968,1,congestion
2026-01-01 16:03:00,52.78872227309462,145.44199525032423,1.7303763226688502,7.4069868295901085,31.91834042969025,35.28562562114411,2.7334421193606855,1,congestion
2026-01-01 16:04:00,54.7849220550005,146.56264996403334,1.7042000421363879,6.600264635861572,33.138937036800634,36.849786024731586,3.912445236131418,1,congestion
2026-01-01 16:05:00,57.42052150624942,144.4545610852984,1.6552081586989276,7.280784649694224,36.96974709033807,34.32728400209643,3.9447450639608017,1,congestion
2026-01-01 16:06:00,53.11454430028547,141.63407357116296,1.5087245428770781,6.992672561199109,33.81986501667054,35.43103329250291,3.0561736084372098,1,congestion
2026-01-01 16:07:00,57.538969517506914,131.90289474123034,1.8269470758202693,7.393846035903438,33.730320120607615,33.392449049685,2.6641304388785265,1,congestion
2026-01-01 16:08:00,65.05400197332915,138.2723554160852,1.8011384138444064,7.061239912945018,37.13386596741139,35.47803399136884,3.9885992645689914,1,congestion
2026-01-01 16:09:00,59.07074036835249,121.2390340941538,1.8621495063468503,7.031374822139168,33.00989695986284,36.773741929551036,1.6272185282552698,1,congestion
2026-01-01 16:10:00,58.999942147662665,125.49717302936796,1.9195995562506547,8.204326440252038,31.904641337906003,36.30254980021219,2.937068727297067,1,congestion
2026-01-01 16:11:00,60.748738263611784,132.64023874805488,1.9908101370771774,8.442678531450333,38.16010194724151,36.864147280279575,2.9424930657406194,1,congestion
2026-01-01 16:12:00,60.36360635464403,130.02257458904145,1.939187112820238,8.49891717688234,40.5260308998766,37.88871693132252,3.2123761762062357,1,congestion
2026-01-01 16:13:00,61.51069638525012,129.26597328881732,2.0349810137267097,7.944510193287249,39.962576899847,35.034138286486275,2.2688765646958777,1,congestion
2026-01-01 16:14:00,62.28011317363014,127.39492626151821,1.9045876861393416,8.240123042843333,34.053297688293796,36.325023640062426,2.5563286573501967,1,congestion
2026-01-01 16:15:00,60.65471880352956,127.42588576467645,2.0918889978652624,8.50951286972829,39.302273635343894,36.93689287555478,3.2437026557335695,1,congestion
2026-01-01 16:16:00,65.67822015678159,118.70664789287193,2.003054146964392,7.987046724648994,33.419963248509575,36.322398582796964,2.2990055659407833,1,congestion
2026-01-01 16:17:00,64.37233682768179,130.50765716288626,2.111935446905438,8.479878482469283,38.64671221232867,39.8432354285088,3.2232658529992424,1,congestion
2026-01-01 16:18:00,66.82438719181627,122.23331460255378,2.124501009672137,8.85209666274612,38.13500508666701,34.71693881149431,2.9007244901258757,1,congestion
2026-01-01 16:19:00,65.59309273569187,118.52862260545413,2.1776053236781476,8.019317251437226,39.85471919231372,35.85560499436935,3.370839198303445,1,congestion
2026-01-01 16:20:00,68.0379848307793,120.80340913590325,2.32205409487789,8.43968967464696,35.639980194021426,36.892643734209216,4.525104733861954,1,congestion
2026-01-01 16:21:00,66.68525346013732,116.94758765508962,2.2670334621423,8.423881837410109,41.28601935046632,37.11923752636932,2.51758399477543,1,congestion
2026-01-01 16:22:00,73.29800019754552,119.45710049054941,2.236404407310195,9.249864161144837,42.136123801376925,37.57528847955922,2.7396950825049764,1,congestion
2026-01-01 16:23:00,70.18756061229048,111.76993587637409,2.240541011174825,8.808252088976134,41.75789712943735,36.49127065549206,3.597455485444685,1,congestion
2026-01-01 16:24:00,71.19931506052818,110.82737535893774,2.214109941971959,9.194316768808763,35.720116878426595,36.599605217836505,3.8879327700691966,1,congestion
2026-01-01 16:25:00,69.10059595039336,104.3857375545328,2.3801163810065877,9.05008269494785,41.91725610032743,33.08989440741799,2.7867840197631146,1,congestion
2026-01-01 16:26:00,66.81737507239411,106.54016797155379,2.296473849885792,9.04815955211283,41.228668357888985,34.88606485313191,3.8304011903114534,1,congestion
2026-01-01 16:27:00,69.90956347508947,108.3826751700372,2.4773247511017247,9.549898184699515,40.1912493527355,35.0885406691004,3.4013029304150226,1,congestion
2026-01-01 16:28:00,72.22052312500408,106.94835447380112,2.4672289610011244,9.92224087731723,39.29607078444113,34.860363766103525,3.2293115991681467,1,congestion
2026-01-01 16:29:00,72.12571121057798,118.62048653245999,2.440061211411141,9.596029449323863,40.9611477783279,34.651924748623635,2.841143441349028,1,congestion
2026-01-01 16:30:00,71.37735178582027,109.78283231771579,2.556049889097429,10.058900431589374,41.74528499209144,35.59436652346396,2.8205324318467997,1,congestion
2026-01-01 16:31:00,71.67171723202615,105.58839886901373,2.4911445996032877,9.024943285641378,42.46080648570195,36.49641923794422,1.599276693280758,1,congestion
2026-01-01 16:32:00,71.36228333449941,110.0037268464737,2.534819269181746,9.980366680766132,43.849572797344756,36.141019284729886,2.8076367495302836,1,congestion
2026-01-01 16:33:00,73.5487284884767,111.336278688813,2.6166160022646356,10.69980337222928,40.14802738971641,36.067995080172935,2.266558786785009,1,congestion
2026-01-01 16:34:00,76.34738263650837,106.37111568144655,2.620678702469831,10.357942609245061,43.34146472808696,35.44500287254359,2.6626787335996114,1,congestion
2026-01-01 16:35:00,77.06558941033148,96.74382447612912,2.7747646854653594,10.2997703490817,38.52539037473399,36.67450493359027,1.8668739413877966,1,congestion
2026-01-01 16:36:00,77.66914815759029,97.75380172621496,2.755085474989978,11.2102651349905,41.20558551843486,35.42394564724815,3.146484398705699,1,congestion
2026-01-01 16:37:00,76.66991209480048,104.14483122125064,2.6772434806185053,10.257761187956536,44.14248765791581,37.30959415524262,4.3806302634699446,1,congestion
2026-01-01 16:38:00,78.07017619450077,90.71408087934049,2.8972224466427505,10.97657235132612,44.59255287508142,34.97534067058196,4.6426676148852355,1,congestion
2026-01-01 16:39:00,78.31664084629821,93.17762323261664,2.8219395636990856,11.167978316767435,36.653567293845526,36.05099273031808,2.7610774096423945,1,congestion
2026-01-01 16:40:00,21.839380295716147,190.41037602450913,0.2786168598756438,2.333396422000039,25.692796581628343,33.10512468549643,3.265618314856607,0,none
2026-01-01 16:41:00,21.53712440217597,194.86825314504614,0.2341015235285968,2.454536809204547,29.67455492646228,36.40447498361701,2.8409033915593094,0,none
2026-01-01 16:42:00,22.156392292640497,191.9874783464101,0.3262206404738076,2.7095348751051493,22.418741676690292,34.98406796235332,3.2922175830507405,0,none
2026-01-01 16:43:00,20.65567743920257,195.057239388754,0.2728672478946823,1.6334554617298895,20.707297649384824,36.10958923756432,3.210462178926005,0,none
2026-01-01 16:44:00,20.729097596308947,199.73141830597217,0.3158911248955324,1.7637842424173074,23.117007674686175,34.757534133956014,3.730927323950264,0,none
2026-01-01 16:45:00,23.614412826469238,189.73204483716958,0.22965703497680012,2.0926927118164835,20.316859664481544,38.67949398625985,3.3267123468886677,0,none
2026-01-01 16:46:00,23.37284850180016,210.73511522282809,0.20038049071351288,2.339439733240099,21.430682983576112,37.60345060672725,3.7155963123971967,0,none
2026-01-01 16:47:00,16.616543633013748,200.53515855033052,0.2720159280884361,2.116744899662711,16.108216098078277,30.056981138306625,3.289314965349857,0,none
2026-01-01 16:48:00,21.449141529007147,196.2492666528052,0.12509399952936207,1.744912582687228,17.42631379970064,34.06537930231007,2.7275201899121475,0,none
2026-01-01 16:49:00,21.417774302152978,204.38412983015442,0.07139854686746958,1.6130759099146614,21.067573343401712,38.66771206542739,2.3077862599108863,0,none
2026-01-01 16:50:00,22.3481962519256,200.82004606436243,0.19423255405224557,1.8681913447456353,17.951573347990138,36.54603398242248,3.3101550224560334,0,none
2026-01-01 16:51:00,16.428270455915634,200.0825626937376,0.2262685232281148,1.6000664739246606,16.142715588762865,34.54310960072855,4.189977832665063,0,none
2026-01-01 16:52:00,17.27190694411629,199.2893523473177,0.2822367304948272,2.1486134897615226,19.618816313017433,36.92427617362451,3.244658233681365,0,none
2026-01-01 16:53:00,19.71678491461267,198.6728949147595,0.2734291932706142,2.3286334069132058,19.137313783776182,34.88808686861243,2.5050711400054317,0,none
2026-01-01 16:54:00,20.733586302803808,196.71668774661381,0.21336010186453783,1.6109257712576213,24.560430508124078,36.633666599450855,3.2555731514822224,0,none
2026-01-01 16:55:00,18.245599748956725,198.3498348178305,0.33653726132486433,2.3071729012571924,18.67014159341154,36.85131921826027,2.567885381055557,0,none
2026-01-01 16:56:00,22.692062056795876,201.29223272058755,0.2803477488699502,1.820555174329091,17.88740338786889,32.31771443926455,3.783567822738221,0,none
2026-01-01 16:57:00,22.46953283828591,199.74710215208756,0.28121719537126344,1.8916227282084082,19.244544279284735,35.5143140025239,2.794124386930982,0,none
2026-01-01 16:58:00,21.71230616351485,202.16737335832298,0.37416932450601137,2.2391439051684223,22.368414283998188,36.21581160739682,2.3389616820213,0,none
2026-01-01 16:59:00,22.056560248162178,198.80649362678886,0.22455955337887396,2.057643604410392,20.99364367962954,31.559101406282746,3.0779655617225217,0,none
2026-01-01 17:00:00,18.102686006922415,202.40461710167,0.30923237311952234,2.1685492352944444,23.469254000844227,36.858898583976334,2.839934235478898,0,none
2026-01-01 17:01:00,20.078463621233894,202.96416662514346,0.10272510243246115,1.3797614290006568,20.854429381856107,35.87973960924159,3.124303676801066,0,none
2026-01-01 17:02:00,15.750688201171943,197.23236400908212,0.10237710650263389,2.401778311130662,29.808957095496012,36.13515361504458,2.613250858457092,0,none
2026-01-01 17:03:00,22.26344176435195,195.18134177621002,0.247384630013615,2.079440155515115,17.38269826401265,35.02435817971851,3.38555758665674,0,none
2026-01-01 17:04:00,22.58295537484451,205.19170084120623,0.19429741380721713,2.079085955379003,18.16681699326329,34.825061725475486,2.8012761359461615,0,none
2026-01-01 17:05:00,21.09140582601234,197.79722059388277,0.22438898734943283,2.3461063569335283,17.531345799226994,34.85215062829612,2.8349620362322114,0,none
2026-01-01 17:06:00,18.316336605710433,201.32894858880283,0.22339418949355022,2.1032993425060473,19.979409289904442,34.39239531650942,4.167619820780446,0,none
2026-01-01 17:07:00,20.350674431855445,198.57674668032197,0.17742177565754938,2.228668674079863,25.264307659302098,36.24362792092406,3.2635823108085145,0,none
2026-01-01 17:08:00,22.164286467231307,193.8178158821289,0.14786168487145812,1.5368570763280212,25.695168740389946,33.89342514532488,2.6041559582232874,0,none
2026-01-01 17:09:00,17.829843041744827,193.6392164031996,0.23114959678665056,3.0138393851816887,18.546271804785817,36.303384308168866,3.048276562351319,0,none
2026-01-01 17:10:00,20.692675948551454,199.3751963544563,0.13096462693754135,1.6699541725126954,18.149822631998372,34.65567761344677,3.606615952727637,0,none
2026-01-01 17:11:00,21.65097963329794,195.8982627719376,0.17635322486148106,3.256023723175093,22.754619125109297,34.763867040598534,3.6027434021447746,0,none
2026-01-01 17:12:00,18.723822834614175,195.9720461983353,0.2076426608920466,2.7603407759051164,21.146222092108353,35.100691662272034,2.9395113898162677,0,none
2026-01-01 17:13:00,19.11760546819557,197.43899746663243,0.14113296148137763,2.4275120846688405,19.558368153965475,36.229302719669796,3.345203345267489,0,none
2026-01-01 17:14:00,22.561192330198782,207.85473742805416,0.15305663404545866,2.3701235802054508,22.934384541882608,32.194962577115064,2.5744897789851486,0,none
2026-01-01 17:15:00,21.70984993714146,203.7142079673785,0.27303913732826623,1.5712458626067192,18.938711834912304,36.03800512623594,2.3245997257902147,0,none
2026-01-01 17:16:00,23.008728027961624,204.04689755467314,0.28899653763457,2.0940215789720735,19.504588817567196,34.35059994524083,3.0841029576818055,0,none
2026-01-01 17:17:00,20.733128631897866,200.3332901417297,0.23111105053786477,2.344709181755098,20.473222209105572,35.18144834107363,3.2914446059189255,0,none
2026-01-01 17:18:00,18.29144172956755,190.31226505931642,0.20868999300458607,2.9335892964647883,19.306401264096486,35.508540842626,2.2609262083343196,0,none
2026-01-01 17:19:00,20.0946652504684,203.17674830525795,0.3552321684490717,1.9996806061354575,23.77712518782863,34.75990071918269,3.32955186680356,0,none
2026-01-01 17:20:00,18.959241064519038,211.26294318263638,0.1359247151928381,1.597527963438284,20.276413173450834,34.86252097320374,2.3673800055121665,0,none
2026-01-01 17:21:00,19.6787770895884,202.62646957606412,0.24679047922244535,2.167099256763983,19.554580676493067,36.718131956051145,4.200104610670332,0,none
2026-01-01 17:22:00,21.131155822977078,206.00765510511084,0.3243139392026999,1.9714993713327094,15.705425298192651,33.29243261806065,2.9770482905903,0,none
2026-01-01 17:23:00,23.1446957727739,193.05277118929263,0.1981219893226477,1.5822682046853638,15.645031917798665,36.50641353521891,2.450983947195134,0,none
2026-01-01 17:24:00,27.674342151761124,192.27964300365372,0.3822956755361496,2.012538155547023,28.905398410408893,34.33567947621533,10.58780991781804,1,io
2026-01-01 17:25:00,31.48181566403359,191.9259327735415,0.41866016925051097,2.4597066047291296,28.085733264979993,35.350544992941416,9.999683941884255,1,io
2026-01-01 17:26:00,25.65123701371119,194.3154077221812,0.1602132880633075,2.386250917979207,24.19285260053258,33.31850961489551,10.094230768691999,1,io
2026-01-01 17:27:00,28.300229061960387,187.93328275291475,0.22456682470695394,1.916717960066582,23.330565951526534,34.20660226007979,11.997597081806905,1,io
2026-01-01 17:28:00,29.167143948293806,190.78883287062692,0.21964119354518932,2.09421578980289,27.79510035429221,36.063332820366725,11.561446422649418,1,io
2026-01-01 17:29:00,25.37040267074734,179.98517041234706,0.07460438330432434,2.029323666331824,23.923608397510094,34.36919938616843,11.951659568938211,1,io
2026-01-01 17:30:00,26.78211943387925,182.84725098170927,0.46440428139951373,2.0097594016812224,28.047542068594264,34.245058019122304,12.443953935354038,1,io
2026-01-01 17:31:00,29.750498538023564,184.15469237323651,0.304589752331111,2.4952296647926206,27.559922328803342,34.50691476281944,14.62085095554656,1,io
2026-01-01 17:32:00,31.063173898444045,187.3728013422481,0.1087726157472549,2.6636259403790223,25.77523992223902,35.22882311845049,13.258100578565468,1,io
2026-01-01 17:33:00,32.12824208796426,187.46523363632772,0.0,1.991750452782351,30.814424091771162,33.43130224737825,13.258233217473764,1,io
2026-01-01 17:34:00,31.866001014104526,177.32669357583174,0.09492476764446468,2.7556362922454847,30.286791856638324,37.33815048336423,13.526712613335718,1,io
2026-01-01 17:35:00,31.546391910672227,185.50752693471554,0.24394002112779067,1.5111382114794947,27.538681276550935,34.196256474064086,14.282690411549538,1,io
2026-01-01 17:36:00,29.882503137145196,192.17049595997366,0.2985433448250081,2.471363871199238,22.72805493591814,36.01381260924906,14.412391760515533,1,io
2026-01-01 17:37:00,33.09788657293762,183.19797786479342,0.22717723564179054,1.3774165179714108,32.593208350864884,35.96953550938146,14.174840184410614,1,io
2026-01-01 17:38:00,36.60463711895105,189.2186472775718,0.20657648384456162,2.2507357506130976,32.0659203595355,35.06377294579622,13.852341236085746,1,io
2026-01-01 17:39:00,34.7521963841496,187.29686481301897,0.24017293796745012,2.3052805908097183,32.18095201223204,34.5494954355575,15.525803873901122,1,io
2026-01-01 17:40:00,32.94873931096738,186.16944311404382,0.18338478310015685,1.8984048755932161,28.954957149594286,36.524041569013555,16.113340250446186,1,io
2026-01-01 17:41:00,35.01708580031431,181.3324223447563,0.07868094465748442,1.4871116808941474,29.456749290775143,36.127735104373976,17.081891596009918,1,io
2026-01-01 17:42:00,36.024557330853895,173.76831884589794,0.06018184087551087,1.3286074788440738,31.63980833341953,34.38405370427575,17.089915219264483,1,io
2026-01-01 17:43:00,38.09040808418408,175.76667865964168,0.21573669288142944,1.8927613998119257,34.640491720446335,33.885842467194266,18.2958706392715,1,io
2026-01-01 17:44:00,34.978129251583624,182.57339290100796,0.14237396146064196,1.957990753112925,29.84430603542104,36.156439801039014,18.226303801199123,1,io
2026-01-01 17:45:00,37.47668828932308,184.78129245343223,0.1473690200517167,1.9007851387134365,32.694407449566235,33.00097275760555,19.069651183953727,1,io
2026-01-01 17:46:00,38.02969621356799,176.4298107080345,0.2557124122775128,1.456286835234235,29.757062582178513,33.14009488631916,17.886336771079243,1,io
2026-01-01 17:47:00,36.766768143083254,182.32187167643394,0.16746921648906551,2.35234762664016,34.480289580304174,32.467085504223085,18.74488212789957,1,io
2026-01-01 17:48:00,37.60637533499924,165.06635780204758,0.21359379744174878,2.296044615112192,31.931824884669272,35.87252717617913,18.830366840694687,1,io
2026-01-01 17:49:00,37.407447831830154,172.99909505654568,0.0,2.203752671537565,34.03883550903134,35.934742685968075,18.486298755452097,1,io
2026-01-01 17:50:00,38.79748613239278,176.95059193705953,0.16222550265653404,2.176325441886019,35.04799270399386,35.387730849005784,20.90069321910496,1,io
2026-01-01 17:51:00,39.62725980677557,175.58209418611654,0.28397054452883996,2.262069548607987,32.69205775110671,35.127101782683845,20.642414817750673,1,io
2026-01-01 17:52:00,37.153714267920066,170.94414219444957,0.2265023144606815,2.152845306840961,36.64830134183706,35.382877369631856,20.146263178606297,1,io
2026-01-01 17:53:00,39.69652765336754,167.7044210787699,0.22219220171149937,2.1327057832112306,36.43832269954341,36.48678422531337,20.954531371172816,1,io
2026-01-01 17:54:00,43.41768964182043,168.49712548300081,0.20872193049698717,1.7542950297303754,33.965274431814336,37.54213644883395,20.708452627759353,1,io
2026-01-01 17:55:00,40.83577783808383,170.7236348600541,0.22964271834497246,2.4471316908330305,30.75201314515205,33.30506850321755,21.24189414577066,1,io
2026-01-01 17:56:00,37.616251421889345,175.279568663584,0.2821513620421327,1.988051287586294,31.869407390366618,35.42419633375748,22.500231465942008,1,io
2026-01-01 17:57:00,44.59170325135675,167.33178579238034,0.10792436251286718,2.485468373344766,37.24329293774637,34.19353374228976,21.740256566822772,1,io
2026-01-01 17:58:00,41.7139636236203,164.5328647086073,0.21767876245036813,2.048292148783828,33.41262810636839,35.866142993191765,23.00145646247163,1,io
2026-01-01 17:59:00,42.94329163025407,169.36456852140063,0.2114793073788601,2.0925652962063963,35.50690012905545,36.30380824944473,22.905639234346822,1,io
2026-01-01 18:00:00,44.09427902169588,177.5467811843281,0.2285352966110132,1.282401201314574,38.50221066574598,34.632061968912254,23.42632704856021,1,io
2026-01-01 18:01:00,42.70190535594615,164.36123603446146,0.33411103912598183,1.9940248922697175,38.67398509472136,35.23251402905035,23.011111514778168,1,io
2026-01-01 18:02:00,41.917720048922824,159.65226033549078,0.13096467042041993,2.479922922179626,38.91168864700795,35.43018326892095,24.58705616411897,1,io
2026-01-01 18:03:00,42.925303473910176,166.0780824020008,0.11941948437849723,1.7331192705228422,39.63251035241092,33.8965338247265,26.03012175884719,1,io
2026-01-01 18:04:00,45.32967795367169,167.44416690912735,0.35180260268811114,2.4521303726534596,34.70175496091337,32.49648584586165,24.616905140254286,1,io
2026-01-01 18:05:00,45.220382525068885,163.86473122151077,0.12727432651171455,1.7692218377838105,34.0898084367946,33.63170716016694,25.683288496319733,1,io
2026-01-01 18:06:00,19.531416001413223,203.82868684064178,0.20710125227698925,2.4915833207575164,19.266101042939088,34.18495716420419,2.907584795552041,0,none
2026-01-01 18:07:00,24.30961386629857,201.71883112798034,0.1367975683065506,1.8531335489105691,17.15243821165689,36.14861775083094,3.087584368269383,0,none
2026-01-01 18:08:00,20.593851192040322,201.36753865060652,0.1477259318749794,2.104656660186439,21.09847635073189,32.41798745818998,2.7660748853366006,0,none
2026-01-01 18:09:00,22.004213964209594,207.66181164271458,0.288103227021678,1.5006717356207353,23.889920062231052,32.914425236784474,3.507798339239087,0,none
2026-01-01 18:10:00,24.28852260729323,207.9406505188401,0.187981817714637,1.1530318174336285,22.881638599823674,38.09841233768624,3.104960873681969,0,none
2026-01-01 18:11:00,20.38925155696193,206.6309852046953,0.26341144448311127,2.0270293287251073,23.16556230738245,36.445338797627514,3.657147213467396,0,none
2026-01-01 18:12:00,19.33740979849928,204.30702989857218,0.1593205992215052,1.4901334865554583,23.501397259739544,36.93202703816317,3.1567022486256633,0,none
2026-01-01 18:13:00,19.626032287379577,200.15854729085632,0.35866076382381173,2.334436310264808,17.32189734726739,37.178639752934764,1.7064006652223447,0,none
2026-01-01 18:14:00,20.37901580603761,201.59830462224394,0.20933544830282874,1.9055118821106527,18.549818394939486,34.92192697899603,2.660215425331838,0,none
2026-01-01 18:15:00,23.684035426662202,201.35798595064597,0.2515224297490182,2.3830778873096703,19.18219467575097,35.0910099775191,2.69460307850865,0,none
2026-01-01 18:16:00,22.254551388513708,198.46773077146187,0.14863193431927307,2.348669554668802,24.95515378741379,35.287868862625054,2.616366988028606,0,none
2026-01-01 18:17:00,19.751254198040385,202.6889707430203,0.16437552639733993,2.6017980165010393,15.051737680644772,37.209297900181376,2.0855168341911217,0,none
2026-01-01 18:18:00,19.04621568616117,197.35179348375829,0.36467952202559434,1.6811663037583842,21.58432755205196,34.9945090606769,3.194795880172855,0,none
2026-01-01 18:19:00,21.65563648379179,203.928885992209,0.2315140345057665,2.4796591354281756,18.030121720162438,31.503282404541668,2.237005520886245,0,none
2026-01-01 18:20:00,23.755008435524275,200.7134813751651,0.19105985163969968,1.8424335291683234,20.90367734491574,36.99269327088127,3.0702969610326853,0,none
2026-01-01 18:21:00,19.034968679321057,200.88236499891545,0.29828788938628703,2.245227482649681,20.29307467626061,35.2062865590439,3.8882110432882353,0,none
2026-01-01 18:22:00,23.345464404640655,199.52017739329278,0.18807146095658553,2.177346622152907,17.628955338757223,35.02433097066498,3.0000802056553675,0,none
2026-01-01 18:23:00,20.844263674870838,194.31143110262295,0.270915227074614,1.2212061095084028,20.29748011727662,35.3941869118409,3.7693857558570993,0,none
2026-01-01 18:24:00,20.248783631303805,199.1477217959336,0.15311817681628315,2.323371856440578,21.33780505435617,34.25862129008532,3.2728161030584686,0,none
2026-01-01 18:25:00,19.741171787582722,193.33486021165947,0.21327186758434422,2.255336340374094,17.149852468456466,35.81795728885586,2.7141795349766737,0,none
2026-01-01 18:26:00,18.91175281041042,203.12119977060718,0.24126955687264268,1.8525304383920662,18.854289614163108,35.126858696551245,1.8462655254552156,0,none
2026-01-01 18:27:00,19.33093007484221,200.21597738460417,0.1632687826818092,2.789475052166184,15.451599723832885,36.17419756247178,3.9660616245982387,0,none
2026-01-01 18:28:00,22.697623818058922,202.8167084447077,0.15044317126655926,1.822898772627112,21.416271415403582,34.26906754141596,4.410767482211157,0,none
2026-01-01 18:29:00,17.491048869469815,205.00905819538193,0.34257139428750877,2.210932777195934,22.75544148421797,36.1752863923595,2.882790791541412,0,none
2026-01-01 18:30:00,19.409880023782133,209.37852310659804,0.30912981936396194,1.5953686274516323,17.191731514441425,34.963749888976956,4.1885381306501275,0,none
2026-01-01 18:31:00,20.18559346243663,193.8237254187028,0.09084352466970055,1.9140987994262715,20.988785704267674,35.11116461430535,3.2713333878861777,0,none
2026-01-01 18:32:00,18.019902492884476,200.64599680790127,0.3743242709910437,2.0363718395229276,17.14302714428105,33.51885675771807,3.2276203120131295,0,none
2026-01-01 18:33:00,19.32390860426569,200.04374384836527,0.20144960983258556,1.6909106773795557,21.78003995022457,33.141824374051566,3.7754109563988973,0,none
2026-01-01 18:34:00,17.492669545189994,202.69689939637186,0.18409484884214875,1.858249795431535,21.7570962218948,35.19605243591519,3.13318474298367,0,none
2026-01-01 18:35:00,21.51772813365253,206.9940347286301,0.10767284443247178,1.5885158101083423,19.93148756861468,33.16249620812435,3.398232324570286,0,none
2026-01-01 18:36:00,21.558791458815342,199.2458149748691,0.2565744914668856,1.1339472490461193,21.433038676922873,38.13651619844825,2.290323768204017,0,none
2026-01-01 18:37:00,17.575759943928155,208.11877310400018,0.29021268121406996,2.1892077553293414,22.22753917515432,34.58508182092647,3.1667375761364123,0,none
2026-01-01 18:38:00,23.071324927167606,204.8438192674896,0.20138702957975743,2.2251281735641677,17.84734330780421,35.11757040654065,3.3723058661292282,0,none
2026-01-01 18:39:00,18.31001787834335,190.13870623273624,0.2582533135330204,2.7317159760926817,15.966843256400974,35.11064384569425,2.1915133818484165,0,none
2026-01-01 18:40:00,16.5377152004914,191.87521883843766,0.07994022935851548,1.9756843299623759,20.750409719994472,36.90610236900937,3.158471535725011,0,none
2026-01-01 18:41:00,16.798504954782917,197.6100172087362,0.2222647988268161,1.7282669736857212,16.708779401385062,36.087943102864585,3.3500143982345114,0,none
2026-01-01 18:42:00,21.192552612026947,200.7033681515339,0.1677339547315298,1.9814282783304844,19.275391291271518,35.520999810513324,2.35876670692787,0,none
2026-01-01 18:43:00,15.653782271585493,203.25942978779483,0.1815003674634168,1.7565944683899635,19.412392674906002,37.66518275635491,2.957975971728905,0,none
2026-01-01 18:44:00,42.548638823483785,168.8264801806801,1.1516582792384806,5.607996793629139,31.64247240589682,34.53481903572142,4.399948728378046,1,congestion
2026-01-01 18:45:00,44.464417328861316,167.16475700214465,1.2366824881624876,5.524228051009651,28.907516466683994,34.44792369891676,3.077149432977442,1,congestion
2026-01-01 18:46:00,47.19185995240372,163.4965050936057,1.2320130053755174,5.580566742616149,25.676830604935084,37.356511650391205,4.776170894396654,1,congestion
2026-01-01 18:47:00,45.84390768862433,148.9487698179983,1.3843427323545603,6.16860471099587,25.651427984578618,33.34507371625235,3.191511710726045,1,congestion
2026-01-01 18:48:00,50.05719348325546,156.97591856649206,1.3810745608476802,5.518389459290492,29.32966876901574,36.51995739965742,3.43212706573907,1,congestion
2026-01-01 18:49:00,48.21062361058461,151.45888802856118,1.533312566072863,5.8155118699948645,30.72182874616342,36.14773286411971,2.666947474249914,1,congestion
2026-01-01 18:50:00,52.08171191931238,148.71347655697014,1.4747128158627048,6.316137728667627,31.676904349521955,38.127152609447876,2.784704789607453,1,congestion
2026-01-01 18:51:00,49.602186129315896,148.81570574657036,1.6398946072356806,6.343863440447407,29.98170496767171,36.24953957039317,1.7192723566106476,1,congestion
2026-01-01 18:52:00,53.384985732921066,140.84261268121926,1.4927695822733067,7.0588507470526745,31.05604141828224,35.80991276083538,3.2753776249512856,1,congestion
2026-01-01 18:53:00,53.427850901785575,145.68886169698246,1.7062457039993952,7.1164056654803245,32.05736590421974,33.947042164710986,3.899948921729655,1,congestion
2026-01-01 18:54:00,55.66511966755449,139.65518406984492,1.6845225837976978,7.407005281839995,35.64133564222593,34.00615463969235,2.6365155413384755,1,congestion
2026-01-01 18:55:00,60.937765687446245,132.19612940126163,1.710918359183436,7.4561208295830355,36.90105940622473,35.80295254936606,2.2714951883341854,1,congestion
2026-01-01 18:56:00,57.832228057298636,135.00593468446795,1.6167603963780814,7.4212282322427665,33.16825612698643,34.72665523847933,3.020782984459013,1,congestion
2026-01-01 18:57:00,59.19208297762152,129.5812805256304,1.7172242808383533,7.947705207402855,34.139661118384225,38.87507255980086,3.1542176031103066,1,congestion
2026-01-01 18:58:00,60.61886193420894,129.71781779217582,2.0343724025958165,7.689941435183236,30.561295278432002,38.137304976832276,3.1510125490974454,1,congestion
2026-01-01 18:59:00,62.27834276325454,135.95517164657522,1.9479358951498589,7.207801351048229,34.012036238748465,34.87908051779393,3.7407468314436696,1,congestion
2026-01-01 19:00:00,58.52659385797432,128.20232628400788,2.1416906214472324,8.443575870012534,41.79395718111648,33.9768641859153,1.6265146037030918,1,congestion
2026-01-01 19:01:00,65.61004929468366,130.11807293990285,2.22073685980248,8.950865686172055,33.8642937360671,36.45890742269569,3.6709880305586577,1,congestion
2026-01-01 19:02:00,62.72383343181144,124.14894470223678,2.158852774992217,8.877000208761082,41.82794295972513,34.68116912569832,2.342774823713108,1,congestion
2026-01-01 19:03:00,62.68222843538524,109.70729488370728,2.2113856359356454,8.713398587886553,38.29867147088755,35.23308199444971,3.6758826045434825,1,congestion
2026-01-01 19:04:00,68.13193646249658,125.74316909893248,2.2867738531813,9.54605909345082,34.442608176699785,37.4434088248441,3.4165042465481466,1,congestion
2026-01-01 19:05:00,66.73595697574501,114.91564882252788,2.4038409912719914,9.320479517344278,37.49948613338859,35.00956068398777,2.2152168336292366,1,congestion
2026-01-01 19:06:00,70.90868804883856,110.5261080931725,2.388524233002149,9.10339596576676,34.382018383988985,34.17530973760595,3.6093784738853962,1,congestion
2026-01-01 19:07:00,73.89504855126984,94.45743196488753,2.5217242440712306,9.583602955366949,42.54587165344992,36.22342940533022,4.041585779027104,1,congestion
2026-01-01 19:08:00,73.00895810308803,109.30764100941977,2.466985034070522,9.796192670624722,39.91751166941462,36.065889537705246,3.17834078719446,1,congestion
2026-01-01 19:09:00,72.23887883736359,95.80087809074072,2.785978521259761,9.181063110277883,41.21240583104157,35.44080894377537,2.696802978982627,1,congestion
2026-01-01 19:10:00,75.69622262062458,109.16759364346773,2.714741729350409,10.476343070789365,41.07251106873801,36.592756397383866,3.733507431282011,1,congestion
2026-01-01 19:11:00,80.80533285733408,96.84152173405101,2.6259707747793875,10.343005509959642,47.055761178584255,35.72027514186622,3.31236061020895,1,congestion
2026-01-01 19:12:00,78.15380627421959,99.4718479182126,2.816146909551082,10.017323318391178,43.02543126010168,35.66475454402557,3.3717545595531564,1,congestion
2026-01-01 19:13:00,82.79726233018053,94.54684648644879,2.8973711947786,11.063955828040745,46.130396913835924,35.314381304775274,2.018432555243778,1,congestion
2026-01-01 19:14:00,83.45795860531754,90.99282055958633,2.927895622620331,10.65607521685216,50.3613076373094,36.32140251939165,2.7200056446686043,1,congestion
2026-01-01 19:15:00,18.32948953591843,198.0804588712611,0.08863089173502145,2.503228388007531,25.968027043906133,35.64605017648163,2.966465760411972,0,none
2026-01-01 19:16:00,22.49065208620961,207.32484277864668,0.19753059926788946,1.4963768309474434,19.19930782851005,36.61099404540652,3.904555376266007,0,none
2026-01-01 19:17:00,18.097446386837845,194.10133871080203,0.27109513559874954,2.410730165016477,18.06345067689732,35.03423646174216,2.9974557733638973,0,none
2026-01-01 19:18:00,21.860066082677335,196.659413447198,0.3466215630065749,2.6177767695535796,20.701519762090566,36.53575815604687,3.3196097197112877,0,none
2026-01-01 19:19:00,21.881061381320688,205.2813918484989,0.2703132377097778,1.56117347461237,26.443246968101334,35.82030570244578,3.1510212187166897,0,none
2026-01-01 19:20:00,20.416049187860164,193.35463303751115,0.3681463351801838,2.1048406197458913,12.714067268548874,34.675660735668835,2.9058446334045733,0,none
2026-01-01 19:21:00,17.661036062187144,195.31902113152006,0.15200920717170557,1.8981708546071674,20.397848886903613,36.781012272143286,3.2010323959173053,0,none
2026-01-01 19:22:00,20.08741200983368,194.0716516594143,0.23596885333172152,2.0506587406666443,15.610690729549091,35.07905101329171,3.736451774732841,0,none
2026-01-01 19:23:00,20.173470599401654,193.53375784531136,0.270409211304352,1.9225963227400114,23.358395535022574,37.40819746408448,2.4673864118824236,0,none
2026-01-01 19:24:00,21.79460300359682,201.82054338911965,0.3876697666871862,2.6916786505849526,23.790626451767352,36.22470388522144,2.803475147237471,0,none
2026-01-01 19:25:00,20.732738180401554,201.87933498585247,0.15966320239451148,2.697380552792022,20.789802574263675,34.7153064353083,4.012365674998625,0,none
2026-01-01 19:26:00,21.904057013853006,197.63097163113744,0.15500959005130222,2.055759357360547,27.998570269264107,32.6667418421263,3.7866588893617843,0,none
2026-01-01 19:27:00,20.27441680968119,196.91842469916966,0.23743424390266252,2.4534235578132955,22.761129707744534,33.84984752291748,4.12985626216535,0,none
2026-01-01 19:28:00,17.712423410718074,190.28472399605744,0.24357553761867493,1.966033504658801,22.550160900147482,33.63635786541177,2.5559029053980815,0,none
2026-01-01 19:29:00,20.867862197284346,189.55690137238994,0.18711163240838502,2.0706067854666848,23.2095016728005,36.01271039300566,2.831030137343838,0,none
2026-01-01 19:30:00,23.744007198118446,193.23715284032488,0.15560123836778147,1.7536743026070125,21.133817605389215,36.40755140940398,3.1234120700177535,0,none
2026-01-01 19:31:00,19.267682269869383,198.41883338767593,0.20358972980404547,1.5963342302717665,24.266930718482485,36.15583580527478,2.496603834955713,0,none
2026-01-01 19:32:00,18.94995217580682,203.47357158990295,0.23575403089984265,2.336352547679186,21.404489583193225,36.70848818972721,3.0195833916768025,0,none
2026-01-01 19:33:00,17.169678429665304,202.60673584986387,0.05441129351209417,2.436838721279047,22.767048703656872,35.89128118203203,3.0000657228166596,0,none
2026-01-01 19:34:00,24.73695051115377,187.05169195488062,0.16597813994733113,2.5117636483220767,18.812077110233588,36.8633907659651,3.529818039261675,0,none
2026-01-01 19:35:00,18.94565887642542,196.91438035462073,0.3795455556732876,2.1147815698795096,23.277695062691752,36.292849166917264,3.0115610157885273,0,none
2026-01-01 19:36:00,36.13547153665689,193.68072878371134,0.28586982931217025,3.1968918331458713,57.55985864858663,34.33148957907414,2.68031411398303,1,cpu
2026-01-01 19:37:00,35.720931224268455,184.60544205638766,0.15052217433839227,3.2392469815204343,62.75980250101374,35.836275431750714,3.204071449785883,1,cpu
2026-01-01 19:38:00,36.53100371000379,191.21850192110944,0.3091394198036542,3.233101811036097,62.291327563157296,34.9485404813594,3.525770724123709,1,cpu
2026-01-01 19:39:00,38.321924104412716,177.97316695545732,0.09591551112996746,3.3461143668168987,67.51787971441112,36.045731122547274,2.514097391826282,1,cpu
2026-01-01 19:40:00,43.27019416704313,181.51570648334186,0.17579757799098716,4.172988639003699,67.94271159812797,35.74643653722303,4.2015082930418135,1,cpu
2026-01-01 19:41:00,44.3452757940243,179.23552641912246,0.22140712225639114,4.066073509907929,68.17983748651926,33.84791524954043,3.5214580275367755,1,cpu
2026-01-01 19:42:00,43.35522212414789,184.9435462369181,0.13983329540935185,4.069125626163866,76.36318882958386,35.3432497117504,3.8464522706049564,1,cpu
2026-01-01 19:43:00,42.86463727209372,184.41545257500945,0.2664639843369289,3.657819460550612,79.26388588985381,33.652787881861606,3.390289106702086,1,cpu
2026-01-01 19:44:00,48.02036522863332,173.00104446612372,0.1855921306338463,4.675316449138915,71.09507854750674,34.090685062199455,3.248569988222678,1,cpu
2026-01-01 19:45:00,47.87463898596015,179.6839721807457,0.2634672648586352,4.235388539062597,78.58526728226032,35.18744850791608,3.4219422396769237,1,cpu
2026-01-01 19:46:00,48.10826956680912,180.25526037223605,0.13669552206688987,4.386569218343576,80.03146958406928,34.17951120133771,3.0973606887897955,1,cpu
2026-01-01 19:47:00,50.29661633323884,175.3134388900038,0.17478993783007876,4.213002178752559,82.90890953435905,36.31359119323701,3.337990366072032,1,cpu
2026-01-01 19:48:00,49.142780682676175,171.5976065445723,0.3906696418259082,4.536612775526569,85.56803525864214,38.060102471600665,3.4660454599580377,1,cpu
2026-01-01 19:49:00,53.515526557544334,164.9033279383048,0.14554512266870334,4.629968832953553,83.86033102355566,35.534174020084805,2.526982057921413,1,cpu
2026-01-01 19:50:00,52.89326596794504,169.61761566512791,0.11193212078044854,4.582357202738734,92.24114938589192,34.62484633320074,3.303855573654736,1,cpu
2026-01-01 19:51:00,54.35725228779927,166.88499025716126,0.24487712681591572,4.673730772689016,94.84220114208948,35.36940925739816,4.034821828035929,1,cpu
2026-01-01 19:52:00,53.90103371534971,176.11077201326256,0.17696916277858613,5.821993222443803,92.04964496873268,38.12091915441143,3.994320846131791,1,cpu
2026-01-01 19:53:00,57.796253496101414,164.42891729182801,0.28431936777881295,5.6012667583842655,91.44069359834648,38.0743793727487,3.5837622419189272,1,cpu
2026-01-01 19:54:00,59.82615049295257,164.14426138286376,0.27722054844252997,5.006539972028696,95.88982600299637,32.91007166341206,3.527605780326131,1,cpu
2026-01-01 19:55:00,57.433167388618585,152.76094596738076,0.24765730650584666,6.08312056387498,100.0,34.259072408629116,3.0166306243700967,1,cpu
2026-01-01 19:56:00,22.217363301139127,200.35081128855086,0.22869686362679703,2.463430567588542,26.632122748971202,36.26566424954577,4.335069898609177,0,none
2026-01-01 19:57:00,22.496103067845883,191.52426475940865,0.2507569071155064,2.7019492351274734,20.78010843683984,36.75376587798765,3.4180326719945135,0,none
2026-01-01 19:58:00,24.24072301951144,204.47016261622096,0.13811391096854206,2.368741089241829,24.73226144081833,34.44741506564425,3.555311076338778,0,none
2026-01-01 19:59:00,23.933106593916527,194.11578024893973,0.24437854649182414,2.7263877286529596,25.78473510752438,34.461232389020324,3.5569850227584814,0,none
2026-01-01 20:00:00,20.522190358906276,200.98926086529738,0.3284263606948375,2.5040609452230687,27.415962384843873,35.8737578801058,2.2646492767297675,0,none
2026-01-01 20:01:00,24.1656560030476,201.90782323817143,0.24705653049158718,2.421971740666646,23.109086571802575,35.00264266205949,4.090824602051361,0,none
2026-01-01 20:02:00,22.773954085194465,201.28080244237574,0.2742377123891214,2.002750609557607,21.947715687781816,37.94344353852356,3.323524579067696,0,none
2026-01-01 20:03:00,21.357848154303372,194.39636159507418,0.31578782581409465,2.402387721121148,22.750157520622732,36.22490332677486,4.737290158202504,0,none
2026-01-01 20:04:00,20.27618230459708,197.86026498242975,0.12173252883330035,3.0581708117225332,24.602772987410837,33.46616597624319,3.97374388261683,0,none
2026-01-01 20:05:00,23.626900093945775,196.52175665686937,0.25488042678844763,2.427747884329986,24.239553223909724,37.03130409830423,3.712861762844824,0,none
2026-01-01 20:06:00,23.513571300911938,191.9310357498832,0.13828211278451322,2.550841426662066,26.39135031756492,36.21542245239563,3.493995103196838,0,none
2026-01-01 20:07:00,20.978073839367582,187.52652373867204,0.2634061510583827,2.069202489324092,26.208256471282464,38.13171471693027,3.8670166818552265,0,none
2026-01-01 20:08:00,22.568295926687586,188.70653802543364,0.15965026548679734,2.3427767911351034,19.745757200838913,36.024322379741,3.3730225099514475,0,none
2026-01-01 20:09:00,21.139838005059985,191.4107406507764,0.2440479224201182,2.6612720245998998,24.647982600857496,34.25905739775402,3.587875044033812,0,none
2026-01-01 20:10:00,20.4439153216972,197.62050646056093,0.1406310937621209,2.0160491158269225,24.25634989719472,37.60297981137964,3.110519997984637,0,none
2026-01-01 20:11:00,20.186195376794196,191.22180249636708,0.2600746233248591,2.6808093029818187,22.04586879470861,37.570456815160874,2.6435527883674403,0,none
2026-01-01 20:12:00,23.28466371196188,196.27976936884525,0.33811063364975613,2.8030438029190288,22.29106932311836,33.19112120338278,2.2174678965555428,0,none
2026-01-01 20:13:00,22.6914350850057,196.4354178463294,0.26320336071314326,1.8393862914785182,23.788932596789284,33.15935479884844,3.493181340248905,0,none
2026-01-01 20:14:00,22.846630612061308,192.48634667124713,0.2847480097183742,2.400065754845451,21.811080663728596,37.71649221305537,3.2208801578034985,0,none
2026-01-01 20:15:00,22.5948813286613,196.89767901373608,0.20019941748462594,1.8350393954297084,16.59243919808796,37.07939861683654,3.753529411131432,0,none
2026-01-01 20:16:00,22.28370780683332,194.2443572066171,0.08263497466486569,2.2162619413350915,23.90008948623618,35.52904579943344,3.713453314385972,0,none
2026-01-01 20:17:00,24.027519504331842,192.65901977166254,0.3612262274521476,2.186469659387914,23.41078962516646,40.17987156782786,3.304662640619162,0,none
2026-01-01 20:18:00,18.974391229985414,194.51144776319737,0.35443998163032575,1.983876583485447,29.77323171542667,34.06852212225874,2.8412034861881947,0,none
2026-01-01 20:19:00,23.85767201968614,194.73234958347206,0.26189455743826284,2.290759413417864,19.848853459624937,32.95383915104512,3.428221652509604,0,none
2026-01-01 20:20:00,20.018331251395352,186.93981696038875,0.10164838606486482,2.089977112046047,28.580353233216073,37.808480190943875,3.2995702844924346,0,none
2026-01-01 20:21:00,21.91001169765412,199.8241219820254,0.21098709521485262,2.5443198722479137,26.795139262634265,35.47434242200417,3.597978557275718,0,none
2026-01-01 20:22:00,22.570654509107914,184.24689131647082,0.24049764572180143,2.3980528850816922,22.515699678588604,39.71743871374163,3.4625322536034826,0,none
2026-01-01 20:23:00,22.415032788267947,196.0905034384425,0.3862131557500593,2.3013170322034124,26.797887402621903,37.66313803597652,4.050019635125762,0,none
2026-01-01 20:24:00,23.29579407841029,198.1905405050823,0.12811647545549829,2.02666651441256,18.634442717717107,34.14188734846711,3.4169326229398522,0,none
2026-01-01 20:25:00,20.676983200140768,201.32992065485624,0.11160922074979315,3.259116109987591,22.449486589446465,37.02653872428861,3.388414827224805,0,none
2026-01-01 20:26:00,25.785518119158517,197.53063265838236,0.16726719570897192,2.6062002849140717,20.304217835507018,34.30186758822194,3.351082870350566,0,none
2026-01-01 20:27:00,24.65301494930504,200.5865118458544,0.27298952877763555,2.696120993672224,22.004962343690778,35.40269198128301,3.109747982473781,0,none
2026-01-01 20:28:00,23.56396052400401,197.77578622198703,0.22823329558864144,2.513800122133627,21.923710250077875,34.421283614386674,3.770037933367851,0,none
2026-01-01 20:29:00,23.983482690916507,188.61237488962135,0.1289212534296193,2.233394635867189,21.347308001244702,36.71280024246355,4.352819832271825,0,none
2026-01-01 20:30:00,21.815274918321787,206.37989507440238,0.1676096678162616,2.3882819991675857,21.64139381594893,37.1979258869011,3.2657120268112294,0,none
2026-01-01 20:31:00,19.161520400490044,197.40733404580143,0.3151139236211104,2.1481992098148677,25.01722789088812,36.315324183813075,4.094080020438461,0,none
2026-01-01 20:32:00,19.611718900297607,183.58140922640706,0.3506392882545797,2.1204176986813414,25.112812790403492,33.32604629624473,4.2105224227437645,0,none
2026-01-01 20:33:00,23.63327425507834,191.10007692285714,0.26754364028042865,2.1492607272845485,22.484840865034812,37.73988865586874,3.8132468089723743,0,none
2026-01-01 20:34:00,17.543623898156596,199.18254710340037,0.34145510848577393,2.326104851580608,24.815303378715235,35.685449680986295,3.7694026962588403,0,none
2026-01-01 20:35:00,25.83576427296097,190.01499019913297,0.18876914056595268,2.8167164249053283,25.913149853941647,37.069304049288576,4.217095039789468,0,none
2026-01-01 20:36:00,23.639278164552472,193.77223101195307,0.1504702480372545,1.7571416163472153,19.996487452761947,34.497610965340414,4.060327703690908,0,none
2026-01-01 20:37:00,20.955769687834916,185.36833005123322,0.15115054491504143,2.0017535216824425,22.31600698104785,35.820889540857095,3.759202907865668,0,none
2026-01-01 20:38:00,21.772477023159798,194.8013838720703,0.3156469709578186,1.8779087541198154,27.860260523384493,37.02705588129502,3.6883060520600597,0,none
2026-01-01 20:39:00,19.725213188768123,201.9569979119464,0.1050681418718564,1.8715744812090933,23.611877112148775,36.31230915631873,3.585867602374544,0,none
2026-01-01 20:40:00,22.68994363442487,203.30607911833465,0.21709339822105658,2.2596559628205433,23.48483795748667,35.848835158055266,3.293634136238524,0,none
2026-01-01 20:41:00,23.711125132376512,206.08420405892815,0.32666315286426784,2.857733196639319,25.690740677125316,35.690900889400126,3.733406991465652,0,none
2026-01-01 20:42:00,25.381372967307215,193.007163256528,0.3031278368836721,2.6059047910428492,19.785216697566582,34.811618091599215,3.1425179599881865,0,none
2026-01-01 20:43:00,20.4923843018068,196.2174739615378,0.25234228008531184,3.135163013780773,26.714670026524672,35.935714658363025,3.6214591845040465,0,none
2026-01-01 20:44:00,25.178630585063875,187.0173660735996,0.335481903549113,2.1890886353442918,26.765552033967577,36.04409146730464,3.409132521982803,0,none
2026-01-01 20:45:00,23.540172297938252,193.46458814846437,0.2047024035808378,2.0304030706617597,19.857880750400703,36.95964038332354,3.799505466941389,0,none
2026-01-01 20:46:00,22.96510457798051,197.3433313321495,0.3698631882726305,2.1337974185040265,25.46275577783703,36.21109242282132,3.880050280499543,0,none
2026-01-01 20:47:00,23.2342711734924,191.25534497041326,0.2508532451726536,2.5041354320012217,22.507316423067426,37.51270180791278,2.771198134786725,0,none
2026-01-01 20:48:00,23.935590938910195,192.19780545838714,0.3423403524208525,2.9340535222901947,25.575046255209564,33.97801438271566,3.9911760400830856,0,none
2026-01-01 20:49:00,26.88874962295134,185.85114726180495,0.38171317525294923,3.169136175729375,22.98258178157969,36.69011471075454,3.587134837599752,0,none
2026-01-01 20:50:00,26.225636295358484,194.95537355694518,0.2994969396100432,2.6658917278327534,24.41569002252002,37.18159002563705,3.804928107544151,0,none
2026-01-01 20:51:00,24.953108375127858,195.16816298598897,0.21166673311496775,2.4693259827545493,25.620174697914475,35.552587269181174,3.6588902709954403,0,none
2026-01-01 20:52:00,21.88889574576889,184.65998931624864,0.26848955472561553,2.3823517644217684,23.377466678121696,32.911408945592605,3.351976067109778,0,none
2026-01-01 20:53:00,22.946888245386187,197.1941718912006,0.19717870474528743,1.965949675241552,21.89025151072619,33.49272206497547,3.9784484630184442,0,none
2026-01-01 20:54:00,25.208089063368835,192.34630060983494,0.2284734176845721,2.7867092014949564,23.860177074157626,38.16164333821957,3.766382797684173,0,none
2026-01-01 20:55:00,24.20991055078713,188.7299208715699,0.284419628114019,3.1463560473855616,29.280773762289492,34.884633391281774,3.7688748064869997,0,none
2026-01-01 20:56:00,21.94897964267509,198.84857712855262,0.27291664004845684,1.8522418768409472,20.931790785026575,37.26297840491314,3.994564517864426,0,none
2026-01-01 20:57:00,27.185628235882913,192.75620848720513,0.3182039717256126,2.7643812010469455,23.75685064282615,35.28144353528195,4.497827699568969,0,none
2026-01-01 20:58:00,28.30898081370707,202.4195928265983,0.2510841242011399,2.410951818427035,26.803489908992507,39.099283879814216,3.0917224071163267,0,none
2026-01-01 20:59:00,24.685917916894457,187.9333246437213,0.2936615003718858,2.3901315316608334,26.53319704058436,37.19704973378343,4.477839535638512,0,none
2026-01-01 21:00:00,22.973328892060792,190.26094175142288,0.17757411744047202,2.342928431560903,26.59182866772778,36.507840251832945,3.7530347550090264,0,none
2026-01-01 21:01:00,23.72554484577903,190.81362227376616,0.2940919863572415,2.075058572361369,27.640434034134522,34.152373947726815,3.4313474544628253,0,none
2026-01-01 21:02:00,21.74362370958683,179.20559187795803,0.22883727777642693,3.2212321473511554,24.415281361539474,38.646190022582864,4.543569481166062,0,none
2026-01-01 21:03:00,21.450091128989065,197.0547774016786,0.23366612702096673,2.263125134678159,30.178040801916083,34.75473291273042,3.5662419152821023,0,none
2026-01-01 21:04:00,24.502095764815184,190.07675366862398,0.21592224667175222,2.4011268758264697,30.099168778341603,39.73710593129244,4.416168044288699,0,none
2026-01-01 21:05:00,23.409741542801473,188.33967046893443,0.13759967545725524,2.0739026444997655,27.474708761054487,38.46095057664962,3.076012098130213,0,none
2026-01-01 21:06:00,25.745262518474526,192.49733630062704,0.2657942855225596,3.197079375792454,23.73265265738447,39.49768086567024,4.6997066026515695,0,none
2026-01-01 21:07:00,29.718591262260222,191.77115886291855,0.29228661712454307,2.6672870117876335,25.777260439509114,36.23321471866026,4.285866210740267,0,none
2026-01-01 21:08:00,24.94717285034554,189.4982807114287,0.3190976971024736,2.7489501534979275,21.39617018599636,38.16697358288198,3.933384225520254,0,none
2026-01-01 21:09:00,24.063417681680843,185.277698221188,0.305669155615598,2.501700434002067,25.866022654794026,35.653048496543896,3.477800117185642,0,none
2026-01-01 21:10:00,24.438301032769836,192.41480940023624,0.19279628182758562,2.09094453660086,23.173956681742407,36.597974828080844,4.051474986965229,0,none
2026-01-01 21:11:00,25.03294633940535,190.7409245688759,0.41832092829528683,2.568129770475694,26.48093550727422,37.17957132084801,3.4948451131337945,0,none
2026-01-01 21:12:00,27.115242611766462,192.37785915727443,0.3279290299624215,2.3893188374014316,30.570493082775638,37.2191701385638,4.1758740168247765,0,none
2026-01-01 21:13:00,24.622870379494227,189.63936253816044,0.20884952551209496,2.833382953536151,26.470348711061057,35.695822261801226,2.236137812802144,0,none
2026-01-01 21:14:00,26.006326000547496,179.09800476825473,0.3746654502639507,2.285584311036102,20.696577720873847,37.1521408872293,4.153890563349642,0,none
2026-01-01 21:15:00,22.30456697375984,188.32535803900532,0.3316934754024123,2.252257204629672,26.572375485359814,38.37834706428602,4.539021795392389,0,none
2026-01-01 21:16:00,22.53373616832211,184.6845626584859,0.22932290680315387,1.8618452856351508,26.33022343315376,35.19764955076553,3.7480372900571384,0,none
2026-01-01 21:17:00,24.069683378322363,178.45324155959244,0.18256836541776023,3.1072895371851823,28.595275885179667,38.281063727712414,4.108487418437025,0,none
2026-01-01 21:18:00,26.325806048424468,185.6307509875803,0.16917972508924284,2.426888572184872,27.631085401327958,38.14586014453596,4.481402582319754,0,none
2026-01-01 21:19:00,22.72412588018571,193.59614867214015,0.39899940377140347,3.2809600358608466,27.65245886424496,38.16973238750456,4.745362845232436,0,none
2026-01-01 21:20:00,27.148128076876446,181.22838762528272,0.288878124091014,2.7987829899452588,29.73937918545727,35.5020400240858,4.219898590071312,0,none
2026-01-01 21:21:00,22.805337414366278,182.98231694303402,0.37458290029971514,2.736181663612357,25.030956646352234,37.23020307923566,3.310207155809689,0,none
2026-01-01 21:22:00,25.047701704559227,190.59739324261963,0.2947144361116696,2.948109598442593,24.68302060899327,36.230817481903905,4.249857982003866,0,none
2026-01-01 21:23:00,24.651570686990492,176.16137210535288,0.40238058467447857,1.809042436322542,20.91397439189749,40.57019395856165,3.1346719470974795,0,none
2026-01-01 21:24:00,27.911523370355635,191.25258906642986,0.18027567908721553,3.42637398889697,28.69590920610812,37.37345646889304,3.7788438857938833,0,none
2026-01-01 21:25:00,22.939195077097057,190.90712206886988,0.33379446070818647,3.450534132129424,27.28858495065546,38.60864451137696,4.383490485062305,0,none
2026-01-01 21:26:00,23.147932437016713,179.0198575550852,0.18153409684340088,2.942828389078174,24.154893163892236,35.75212838920242,4.90053384399037,0,none
2026-01-01 21:27:00,24.369164587946077,191.05772258677706,0.2369071020874024,2.604676409961692,26.175511965732383,38.64099462125519,4.364220486687698,0,none
2026-01-01 21:28:00,26.406306824954,185.66110264362032,0.4211512344998397,2.807245547531492,26.024247953776467,37.047018617363726,4.159887258990059,0,none
2026-01-01 21:29:00,26.369328435185707,180.84210978021025,0.1682054960892969,2.9780967481641616,24.206309111173304,38.59989315208675,4.127032941561548,0,none
2026-01-01 21:30:00,22.61039361250082,200.7716342609119,0.36269335541833275,3.200833231231524,28.550900991912844,36.921960214391575,4.417756519995996,0,none
2026-01-01 21:31:00,23.512093455916098,182.72871226802084,0.33185694139788635,2.389835080471118,23.227715762137723,39.74517366030917,3.773945662988144,0,none
2026-01-01 21:32:00,22.604798967918775,181.17891003195845,0.20143373085772354,2.4034553182225897,25.778868070587865,39.45057259671082,2.5661672425627122,0,none
2026-01-01 21:33:00,28.57060893555868,189.65480057223616,0.30021954203274953,2.4798855870218124,27.190319543346483,37.27259382973181,3.8257459098823445,0,none
2026-01-01 21:34:00,26.064097208783195,193.38972345284992,0.2531159723471944,3.409885967505496,24.630584101738492,37.79865336876064,4.591696437851372,0,none
2026-01-01 21:35:00,26.542555695420432,184.60731007957472,0.3425891877334669,2.413335590371702,31.50827982318323,38.50246807062566,4.4098977160728685,0,none
2026-01-01 21:36:00,21.036409647605446,188.54303169371232,0.2656380484675653,2.575464100687216,24.748835647467885,39.18813910952417,4.12262557415241,0,none
2026-01-01 21:37:00,25.800108616030858,194.55735762640467,0.25531551296941135,3.183900968031882,26.21500687685505,38.61009189501359,4.596632445003776,0,none
2026-01-01 21:38:00,24.924952122083333,189.2941366735745,0.31385417281116124,3.1567719762023767,23.805202966872642,37.69795836461973,5.130935517616882,0,none
2026-01-01 21:39:00,27.35938291236063,192.02085977817936,0.24542820986682923,3.1950689505985013,25.90968821319936,36.946647086431916,3.9137893573487523,0,none
2026-01-01 21:40:00,22.284462858667197,179.2255952644338,0.359559629534889,3.2206836350072816,28.909798168229234,36.42733447163146,3.8663532775496887,0,none
2026-01-01 21:41:00,28.356075025044838,185.47471899595894,0.2936003569385546,2.966653070465448,27.805163732028902,34.26047156157248,4.1874274102536555,0,none
2026-01-01 21:42:00,39.59338258945216,170.07307195235524,0.8569354760909067,4.869708376027125,33.66114556172391,39.60792894198397,5.5530271291110775,1,congestion
2026-01-01 21:43:00,39.99055440017581,159.44080257324111,0.7802458595643307,5.419509643988939,31.96847657212939,38.870603524771354,5.013808765368912,1,congestion
2026-01-01 21:44:00,36.8970109122699,161.48709791557025,0.9010828572520095,4.820959660310135,26.61043625004011,41.155114560386956,4.503511831396295,1,congestion
2026-01-01 21:45:00,43.71792527124398,160.99902202437707,1.0425179940593665,4.609596706557945,32.52476939173549,39.867253115649554,4.322964312837163,1,congestion
2026-01-01 21:46:00,40.86418985410246,173.19094783459394,0.9207403729296346,4.283937396147708,30.29716183288547,39.3323663724322,4.0409318257970925,1,congestion
2026-01-01 21:47:00,41.48458434525637,160.98172299598525,0.9113193550218123,4.840965763039479,38.152831026384746,38.18404622433306,4.507972102388176,1,congestion
2026-01-01 21:48:00,41.437466684671094,159.8222260839197,0.8961960741509425,5.193802334757864,28.66257986450316,36.165701557671014,4.385402107055999,1,congestion
2026-01-01 21:49:00,41.30931326227348,163.03698530885697,0.9012890808895856,4.618177544299746,32.64443180371127,41.4422099291661,4.343659973659472,1,congestion
2026-01-01 21:50:00,42.71964394297527,152.61967201896823,1.0197057506739413,5.964262304466494,31.057715876265256,39.44857018570665,4.687009605085717,1,congestion
2026-01-01 21:51:00,43.234293814402605,151.37388913939512,0.926054052288207,5.560772390593924,36.857073727103895,38.623113346506955,5.247098644830908,1,congestion
2026-01-01 21:52:00,45.58167643935006,154.11872209823343,0.9724024362986249,5.023064531182369,31.118166997786922,39.741645998199616,4.144318807316298,1,congestion
2026-01-01 21:53:00,44.996536449490364,164.04444781410655,1.1032430629708998,5.204010681060964,32.8307866897606,39.598885732996806,5.671209833928648,1,congestion
2026-01-01 21:54:00,42.989237148418,157.5118765008521,1.0982267025775858,5.296288054122851,30.187781963098658,37.916250813268576,5.881316619133287,1,congestion
2026-01-01 21:55:00,45.30889025769193,156.55380264564224,1.137689839103111,5.580411201081546,35.3854068329008,39.60512599825661,4.369961384682584,1,congestion
2026-01-01 21:56:00,47.36037176034904,155.1888303517858,1.388473732874446,5.606834147910268,38.69738836594308,39.15010899251251,4.61459655878269,1,congestion
2026-01-01 21:57:00,44.657924175532756,151.30054938853243,1.1757516991132468,5.644303944809307,38.73648080241369,40.803459205801154,5.154375477909564,1,congestion
2026-01-01 21:58:00,46.25699544623849,148.49480720347515,1.1240658453663028,5.69750536569971,39.18325901011117,34.178959526685624,5.31868191493232,1,congestion
2026-01-01 21:59:00,49.172484463455206,154.4476856152292,1.2312410427602696,5.74729383807774,37.31858621036667,38.41038968035755,3.435918200347966,1,congestion
2026-01-01 22:00:00,48.316112716277715,151.275457750802,1.2053841545740904,5.868624133030371,34.50181226893038,38.0379236829042,4.65003557573074,1,congestion
2026-01-01 22:01:00,46.939212701659045,148.4635845767006,1.195626603684449,5.927265631291269,32.56592260457763,39.43326474618419,4.7205553181257045,1,congestion
2026-01-01 22:02:00,49.63408805270093,145.49652915630713,1.2725212953969027,6.24932160596768,30.72893005827504,36.14164420930688,4.064782218748336,1,congestion
2026-01-01 22:03:00,50.862069732874104,145.6773801149757,1.179210461624386,6.413768182225496,42.16097406120165,39.08966614799379,3.961386775686133,1,congestion
2026-01-01 22:04:00,50.842292166677225,151.060314355422,1.2433177773843944,6.871612281902644,33.468713732919596,39.66935858414615,4.175905421949017,1,congestion
2026-01-01 22:05:00,50.32898147352175,145.37565469815235,1.2058398678902296,7.038204264603547,36.866656754718456,36.469563538093055,4.296688845397288,1,congestion
2026-01-01 22:06:00,54.20737868606581,140.47479670284002,1.3831661590000117,6.110900426144376,39.71615965801372,38.93040099353631,4.393337233202935,1,congestion
2026-01-01 22:07:00,48.224898130295244,150.64837434495539,1.424589190380132,6.438491115016127,41.87133797404766,36.01526253779676,4.873003276307755,1,congestion
2026-01-01 22:08:00,52.13735000809542,133.18804142530826,1.4311791377258862,6.753690221477994,35.820599605902196,37.17704597800667,3.9906139399891116,1,congestion
2026-01-01 22:09:00,53.24353459072496,146.40389659902013,1.5215410960758393,6.944050705743242,36.50312429683714,38.08539508579346,4.363506044890824,1,congestion
2026-01-01 22:10:00,50.66303211084987,133.51629706889338,1.3566172144839068,7.064524125108942,41.93748079616524,40.80771138658167,5.449949308593112,1,congestion
2026-01-01 22:11:00,51.440828301178364,145.79969080345674,1.5274091579549234,7.438243721089949,38.91674133373546,39.54661089883723,4.437183132915678,1,congestion
2026-01-01 22:12:00,52.04703241727137,143.98808025174864,1.6928999302225334,6.600200120393906,38.483811228848246,37.378978196515284,5.2890650702531286,1,congestion
2026-01-01 22:13:00,54.22725042359519,133.75718899561963,1.3657236601771836,7.273870431918243,41.29093055167742,39.15754428300495,4.535006063636733,1,congestion
2026-01-01 22:14:00,54.243069485357914,138.5199803095732,1.4878743951051994,7.397460454445825,34.73893328096625,34.86383797291997,5.113825743834317,1,congestion
2026-01-01 22:15:00,55.99454054118483,140.97986401730518,1.5776777008311524,7.67150971239016,38.74394407817169,39.259879140042294,4.562259438194663,1,congestion
2026-01-01 22:16:00,57.90545078632559,127.54963682575448,1.6020423455470068,7.535343799516168,35.23516359343181,36.534153258947335,5.320354756495912,1,congestion
2026-01-01 22:17:00,54.73168466557992,124.61983291204204,1.5799712743065566,7.3555598219075815,41.5055280033186,39.23589137204647,5.413200890715942,1,congestion
2026-01-01 22:18:00,56.643314547839445,138.82766574355355,1.7538430516370593,7.001178205055643,35.11185571580614,41.95053543615091,5.142583792657874,1,congestion
2026-01-01 22:19:00,57.75193816415451,126.75050487225806,1.668738781269696,7.8389232222152225,43.519868801176585,38.28455866715223,4.270111008288211,1,congestion
2026-01-01 22:20:00,53.480212444390794,128.59674366753515,1.7266104668329705,7.7793587153376915,42.86773911842492,40.45785068439082,5.858687747111324,1,congestion
2026-01-01 22:21:00,57.467257766722014,134.89556469158555,1.74361056503415,6.856705867982242,42.09606124170929,39.06365628258288,4.062844403412493,1,congestion
2026-01-01 22:22:00,54.980064988732565,122.32941237015153,1.685937826781868,7.986134559726448,36.962318616294894,38.49471396714267,4.402736895403302,1,congestion
2026-01-01 22:23:00,57.25601364639621,127.42595623957442,1.5169683709799393,8.317425790802146,44.639921219122215,38.059680151121,4.595742272745329,1,congestion
2026-01-01 22:24:00,57.43870191676173,131.17373454659963,1.7046483959785004,8.302802449723988,42.72318527464837,39.28587442316035,5.620088692171807,1,congestion
2026-01-01 22:25:00,61.97282741872283,120.16872749902365,1.7576257599339846,7.771987666832944,41.89528071911771,38.98603291621349,4.695274756318608,1,congestion
2026-01-01 22:26:00,59.08735249747497,125.71636197314454,1.8944143770815516,7.857530138644111,36.789618966920216,39.13247323726749,5.140453706132594,1,congestion
2026-01-01 22:27:00,59.497099695095955,124.76646046291492,1.799008584728405,8.537162881632261,39.26263409818751,38.0884665796227,4.557193395759967,1,congestion
2026-01-01 22:28:00,62.76777356166376,122.5263720843615,1.980447133543417,8.48708230200675,46.511207572767724,38.38470344811984,4.084769724242395,1,congestion
2026-01-01 22:29:00,27.395191399876158,178.88406608183993,0.34862073098547613,3.7033688894378893,29.070925144735405,40.86409712810122,5.471763742744752,0,none
2026-01-01 22:30:00,25.001767531089325,182.201424014411,0.3515097107244016,2.683323671421907,27.03675823981917,41.48648626065681,4.736465347988945,0,none
2026-01-01 22:31:00,29.954692634007245,180.06630508453156,0.3853484444606555,3.509533223917935,30.513643082782338,39.53551615696293,5.393499200034173,0,none
2026-01-01 22:32:00,29.774063662772,185.2145031665928,0.4670081755089278,3.0646606189756076,29.35157775984199,38.165618428507,5.084253613556375,0,none
2026-01-01 22:33:00,27.214356574930488,177.12382890688238,0.2959695249103894,3.3174924616538735,32.53920771560467,39.00531202176512,5.4856043554337806,0,none
2026-01-01 22:34:00,24.623972819759107,188.05154823681755,0.519652530250761,3.352351132748021,39.59761427397086,40.20337677682221,5.612311633899715,0,none
2026-01-01 22:35:00,26.560125261382023,179.67837433345105,0.29966893517053755,3.191836446825393,30.552132972081782,40.02682464223031,4.891994288424736,0,none
2026-01-01 22:36:00,26.14750181749885,188.79563431566933,0.22212127792714662,2.964838162899564,30.838686341631046,40.76767105736337,4.274718248772689,0,none
2026-01-01 22:37:00,31.203631033642296,188.59441360420968,0.36039410716769416,2.9233043176310938,26.462612021162442,41.528590795610555,5.593740461583873,0,none
2026-01-01 22:38:00,26.64853338499988,177.79646824827628,0.4230919841766761,3.663772335429425,32.43476759312485,39.69916653206533,5.128011288586816,0,none
2026-01-01 22:39:00,29.657322661908783,184.8220566834146,0.31248827481985253,3.0998445629585376,32.324074522244075,39.2772700677738,4.998322498919455,0,none
2026-01-01 22:40:00,30.648922904967073,182.3949787696112,0.3864606617338674,3.5435451197450236,36.0681443035489,40.963832794846084,4.26733764554802,0,none
2026-01-01 22:41:00,28.838148706217712,181.58241086417473,0.33289734687725586,3.193838132701356,34.49658313058067,41.14584023641148,4.100632601423753,0,none
2026-01-01 22:42:00,28.931645723846536,184.28405568128568,0.3852053073020759,3.7274028593089987,30.65723386867594,39.63630609677524,5.564349769008092,0,none
2026-01-01 22:43:00,30.884629926247047,180.88380134998295,0.43051229929911505,3.2301566310348955,28.088020366840915,38.478309443555325,5.011308959399202,0,none
2026-01-01 22:44:00,29.975538471266574,174.05216321202494,0.35668695807884165,3.3487922343894496,29.10139788344627,40.20064045100217,4.369521041608113,0,none
2026-01-01 22:45:00,25.383622213837917,176.61794616968953,0.44544221935597705,3.5738422165389125,33.93257837270586,43.59197068616471,4.710065769514332,0,none
2026-01-01 22:46:00,30.54928493781182,180.0675573255137,0.36740506787653665,3.2815210665664067,33.75934865850154,40.95797257785486,5.256491735123664,0,none
2026-01-01 22:47:00,24.142741036830763,185.5706854315654,0.4323916542151149,3.4588772632417593,30.122954453654934,39.50838385186883,4.6909929403437225,0,none
2026-01-01 22:48:00,27.23009371419768,174.88156867504983,0.39719785505982474,3.5763359936229655,31.714281280601615,40.607625251918535,5.152671595350713,0,none
2026-01-01 22:49:00,30.21873912070633,183.59906159944123,0.23123788685244598,3.513315539656744,29.38082652720538,38.3156376098507,4.102494822730167,0,none
2026-01-01 22:50:00,24.979447517758608,186.23662465591275,0.2290720652551902,3.4357265252444544,30.024867971826353,39.73867173517354,4.45888932890275,0,none
2026-01-01 22:51:00,30.785792431949815,172.2658414160977,0.3429545184367733,3.592431108728868,37.69372665057228,41.104135944211826,4.619217498085412,0,none
2026-01-01 22:52:00,33.12368500754648,173.05586333730668,0.1890126217121227,2.9921787006559404,30.998777375107878,40.61483642966283,4.714082313366611,0,none
2026-01-01 22:53:00,28.39282960823979,183.6635079523447,0.35756303967798736,2.9226125145284514,36.60984453052739,40.13085220720496,5.069996224404703,0,none
2026-01-01 22:54:00,25.222149955797036,179.73536532818105,0.32977058330785536,3.1811189024356805,30.95375439074533,37.74705115276637,4.395729688765047,0,none
2026-01-01 22:55:00,32.173232160264426,168.02173253064433,0.4422688143962136,3.4063022196823067,32.20071971056609,38.71694160685488,5.895219989987249,0,none
2026-01-01 22:56:00,27.026065392436184,187.15730027036633,0.43455212793588344,4.0900826933625005,34.38575590229657,41.63450133613373,5.686582516937111,0,none
2026-01-01 22:57:00,26.45553007131667,180.32741838249436,0.27245811110215745,3.7207373134996016,27.672352238539133,38.8759610086269,4.823577374955592,0,none
2026-01-01 22:58:00,26.74535890855335,169.04380007378737,0.2862906828497839,3.220705296173643,38.634931422701975,39.176842912910494,5.191391938589288,0,none
2026-01-01 22:59:00,27.96013691382104,173.44870524123684,0.2650700333882786,3.91601752028873,32.90793435415978,41.76649791384688,5.19726882955474,0,none
2026-01-01 23:00:00,27.730299209493435,177.8252904461245,0.3139450367488711,4.101232385466553,31.641096599099733,39.09072341883764,5.626803145869535,0,none
2026-01-01 23:01:00,32.94966098035439,176.44703626017113,0.2814862190892066,3.4472636632824516,31.01844536235325,41.27017640113471,5.771148922258364,0,none
2026-01-01 23:02:00,27.290668889561406,180.34864687005722,0.4195966738206962,2.9311840999192316,36.213517562811695,41.35669931309187,5.82829635801821,0,none
2026-01-01 23:03:00,25.838410038855862,176.4318076480463,0.35795187473229306,3.8675734904829056,38.66753428077617,39.92368198429329,4.793546472991405,0,none
2026-01-01 23:04:00,26.07735357935161,176.39966490957397,0.41279803334392323,3.043614807305465,34.11769794056299,39.00849607790096,4.758950976442728,0,none
2026-01-01 23:05:00,28.39173497159953,174.49488557456928,0.3870765595211794,3.2631499486700686,33.21198495681163,43.35412085065749,6.242099270730275,0,none
2026-01-01 23:06:00,32.681261113380266,174.86241029649915,0.44979265947603597,3.2604633164772263,32.33620730302111,39.85543668243484,5.654658055813923,0,none
2026-01-01 23:07:00,26.614671344263506,178.0114173707223,0.46324603614455495,4.163620269728321,32.65274139258742,42.15829354907758,5.035583545094329,0,none
2026-01-01 23:08:00,29.039929827632278,173.1630268651072,0.30395885016320134,3.34334483831734,35.8116353592373,40.20422827744999,5.917921175364999,0,none
2026-01-01 23:09:00,30.949043949679634,180.56644522036962,0.26144934561895206,2.787006522733497,36.096811218130554,41.70738812086698,5.1919275459154965,0,none
2026-01-01 23:10:00,28.936014237148832,176.6324632822172,0.33782872905109673,4.138938921651261,29.788764869028434,40.54143211601095,5.57088573067923,0,none
2026-01-01 23:11:00,29.074445507575042,165.83602179987992,0.5030527324479462,2.9581236818673773,29.039134146375844,40.439980311825806,5.4959664552555765,0,none
2026-01-01 23:12:00,28.88038220171389,178.68036432431668,0.3868287918081502,3.563588191701595,39.83116295247813,42.10440499693491,5.4899382820374605,0,none
2026-01-01 23:13:00,30.413864753349316,179.56937957537917,0.3639062942163051,3.424042681318375,31.397891313350748,40.44572880871183,6.090009944868261,0,none
2026-01-01 23:14:00,28.27720493766485,188.07024715819992,0.47034750521051494,3.423832178849276,32.98390991143236,42.054267928078545,5.436207781828356,0,none
2026-01-01 23:15:00,32.70770789127704,178.0814034925008,0.26598426346375587,3.33187630040509,33.72227477843363,41.82497167567819,4.81745966004999,0,none
2026-01-01 23:16:00,26.31895579316491,173.3188051147894,0.5037830062929078,3.4637792706442716,38.240377133353554,39.91577286561545,6.150507034150829,0,none
2026-01-01 23:17:00,31.82914984145649,168.28467825154283,0.2790229619677274,3.680327432024456,30.73492746933492,40.160960937901216,5.488567908549512,0,none
2026-01-01 23:18:00,32.13059504870473,173.35995625737834,0.39724895055404974,4.244575505194729,32.903214535996085,42.621778912313,5.343942008199904,0,none
2026-01-01 23:19:00,30.136452824791775,178.0487994291078,0.39114547548059503,4.464219274382609,34.16298722596358,41.54955680108478,5.846448961662954,0,none
2026-01-01 23:20:00,29.49629257557913,180.02274719485828,0.2998119907926334,3.2541999397996686,32.32738210640631,41.95011771848585,5.516261606628757,0,none
2026-01-01 23:21:00,32.645955561429474,170.18860698797891,0.3999279631420071,3.6982065946330125,27.212536775075083,40.13417268789607,5.917103164591805,0,none
2026-01-01 23:22:00,28.309651294075827,168.30737207219937,0.322874080038039,3.608291165935363,35.25685523048052,41.45097347654438,5.409672167091843,0,none
2026-01-01 23:23:00,29.830575478175486,177.50863356907587,0.40841978319863886,3.392734574887197,35.43047579993112,41.843905207362965,5.087900986179414,0,none
2026-01-01 23:24:00,28.596330322991378,167.2288804842666,0.48750282765585,3.2348914156074224,31.601049783081923,44.63437325523954,4.903637893597502,0,none
2026-01-01 23:25:00,30.94079766442547,167.8452162725639,0.3314643554484036,3.68396684983008,37.68110175614639,44.14610276176843,5.339245694272338,0,none
2026-01-01 23:26:00,28.640527650041847,176.4152860992369,0.5405784613885647,3.9860640461078627,36.87905751920088,42.34307455193069,5.69818963369372,0,none
2026-01-01 23:27:00,29.228751555498345,175.3632264282237,0.41913712848586965,3.8408222821790248,35.69095029552823,40.600488056571585,4.649063209651528,0,none
2026-01-01 23:28:00,31.918352695633956,174.589748360901,0.4764878039872702,3.4603081023377706,31.913899751714347,38.81432731512454,5.023199971200171,0,none
2026-01-01 23:29:00,30.58502554179499,174.87379924979913,0.4580711070707687,3.8982228042982587,37.44114647516547,39.93662518713066,5.502210766827228,0,none
2026-01-01 23:30:00,31.180067139054586,161.86641891561752,0.3941481085494981,3.0289379673524826,32.74578131515834,42.41774122024388,5.73518238023735,0,none
2026-01-01 23:31:00,33.961880933793765,172.21371958226413,0.48248475078782127,2.961380455399534,35.75834009563347,42.20920521304791,5.500037742910879,0,none
2026-01-01 23:32:00,26.85985575896853,171.44454350220838,0.5007882323169972,3.366080775706761,34.461063353339,39.082313573314224,5.56790624176112,0,none
2026-01-01 23:33:00,29.729251767765167,174.9574276822385,0.3673803185632942,3.7763069300355747,35.368516117605424,42.797427310093305,5.1175902264838165,0,none
2026-01-01 23:34:00,30.97008010822311,167.73449110643315,0.5051362470564533,4.227170043619609,36.861112260898125,42.064811992935425,5.411799186260607,0,none
2026-01-01 23:35:00,33.80182774399324,172.39413556187174,0.4807764676454128,3.830671706050768,36.002585324264835,42.462258569776296,6.891581145276175,0,none
2026-01-01 23:36:00,28.891832535999583,171.79370977947136,0.4526466529711175,2.9518810087360037,39.34101607471948,42.88325849631046,5.338450971137889,0,none
2026-01-01 23:37:00,30.861176927322493,160.89956498612804,0.5527999169155613,4.435348149006755,34.042733486819515,42.8339056761187,6.294049643320194,0,none
2026-01-01 23:38:00,32.23128702607251,160.7254403849776,0.37126195667394346,4.230972563215241,37.3946523599085,42.21432540541167,6.32661336333271,0,none
2026-01-01 23:39:00,29.057464215816346,176.08281528259417,0.46020072670481077,3.6428196270915714,34.04797542509233,41.030135272258676,5.060476451212496,0,none
2026-01-01 23:40:00,30.37615700589738,174.952318783512,0.36473767662870854,3.4478406776430175,35.9229823756047,41.00826771627998,7.448305413708235,0,none
2026-01-01 23:41:00,31.332794817552074,175.73941204405665,0.4103731318456741,3.6129953368355876,34.25254367290903,41.988357521289814,6.702942131999128,0,none
2026-01-01 23:42:00,30.32802648393841,174.3891270764935,0.5657912575035892,3.4011264395051497,38.7443940622378,41.98101963947586,5.847313112636207,0,none
2026-01-01 23:43:00,32.596573358165884,170.78236621681845,0.3427225330054759,3.8381211290123245,39.352296103799695,42.34089110707509,5.671053919450977,0,none
2026-01-01 23:44:00,33.281381828417075,175.31542736889725,0.4567585267676604,3.8290655725200744,33.14914998576743,41.52267540057135,6.8368910358427195,0,none
2026-01-01 23:45:00,30.750920010649313,169.65005795249368,0.5006495542901265,3.788477386842904,37.85131863574772,42.38349402839196,5.20215787358674,0,none
2026-01-01 23:46:00,32.95370702708158,171.58866094184185,0.5353354327834781,3.877927191880237,33.685702654489305,43.38919782085532,6.014237003846946,0,none
2026-01-01 23:47:00,32.59098200949228,168.1332210433616,0.49843405728160595,3.8080618581977657,39.25914082308491,42.199395510724116,4.85398394109656,0,none
2026-01-01 23:48:00,31.746133195783358,161.58429918548657,0.38638844879770934,4.0272070633362445,33.143530685801124,44.96217328299879,7.051173523902549,0,none
2026-01-01 23:49:00,30.338177484922298,163.83188458336724,0.45064255701761874,4.306481980418284,37.50430785877957,43.239155425046846,6.43508371797347,0,none
2026-01-01 23:50:00,35.102293078075206,171.18493806525663,0.6252594929922457,4.152223766463327,44.435632752815785,42.53205665510945,5.280664146178952,0,none
2026-01-01 23:51:00,29.729063860762565,176.43311442661135,0.44702883520391745,3.915793545253642,37.97662582616143,43.12273848962742,5.429878996180367,0,none
2026-01-01 23:52:00,32.478088576627016,168.8342110156267,0.3095915366956961,4.714306663803253,34.27174323146574,43.005448627019526,5.184399171463515,0,none
2026-01-01 23:53:00,33.71645715447613,171.80445643072628,0.4195994099069809,3.2597447454082014,38.09450420124998,39.56789785580794,5.494172081270332,0,none
2026-01-01 23:54:00,27.04305867617771,167.5989756051145,0.5160403181348707,3.6273075914351436,39.82312492487432,42.67402223940372,5.640499157494673,0,none
2026-01-01 23:55:00,30.813469025032422,162.06416816044924,0.3837388482882235,4.298046477015548,37.23744922774946,40.708572209527084,5.928127424612487,0,none
2026-01-01 23:56:00,28.423658949079606,169.13894872215357,0.3892972904647652,4.110293892085308,38.6888667804087,40.99680110229589,5.827132207784999,0,none
2026-01-01 23:57:00,31.843367496566483,170.97212210181405,0.4822248064415616,4.001216712916913,42.11017404356626,41.57337844220098,7.181815055415131,0,none
2026-01-01 23:58:00,33.559430139859224,168.98983141654253,0.4263328224340223,4.123131086220592,32.70742374783817,44.17499084754849,6.392104054704953,0,none
2026-01-01 23:59:00,30.965833604316344,167.67907644121345,0.41090003994207086,4.438005949243975,38.24947204315283,41.90117233662181,6.548351053948822,0,none
